{"type": "FeatureCollection", "features": [{"type": "Feature", "properties": {"idsubsls": "3321010001003700", "idsls": "33210100010037", "nmsls": "RT 004 RW 004", "nmdesa": "BANYUMENENG", "nmkec": "MRANGGEN", "kdkec": "010", "kd_kec_bps": "3321010", "kdsubsls": "00", "subsls": null}, "geometry": {"type": "MultiPolygon", "coordinates": [[[[110.49863034600008, -7.07490047899995], [110.49867821700008, -7.074939645999962], [110.49863889200009, -7.075203686999942], [110.49887200900008, -7.075260822999951], [110.49876862500008, -7.075938562999966], [110.49871017500004, -7.075938562999966], [110.49867325900004, -7.076166210999929], [110.49892244100005, -7.076193897999929], [110.49891321200005, -7.076301568999952], [110.49908483800004, -7.076312844999961], [110.49904057100008, -7.076650292999943], [110.49841136700007, -7.077088487999958], [110.49840475500008, -7.077187679999952], [110.49838327800006, -7.077509828999951], [110.49834395300007, -7.077515446999939], [110.49828611200007, -7.077509662999944], [110.49781609800004, -7.077462661999959], [110.49803529800005, -7.075866292999933], [110.49811295400008, -7.075300742999957], [110.49813328200008, -7.075304808999931], [110.49818138800003, -7.075086726999928], [110.49839095200008, -7.075129084999958], [110.49840556500004, -7.074912629999972], [110.49863034600008, -7.07490047899995]]]]}}, {"type": "Feature", "properties": {"idsubsls": "3321010001005600", "idsls": "33210100010056", "nmsls": "RT 006 RW 006", "nmdesa": "BANYUMENENG", "nmkec": "MRANGGEN", "kdkec": "010", "kd_kec_bps": "3321010", "kdsubsls": "00", "subsls": null}, "geometry": {"type": "MultiPolygon", "coordinates": [[[[110.50351367600007, -7.067280706999952], [110.50325740300008, -7.068337027999974], [110.50197222900005, -7.06797247999998], [110.50053066500004, -7.067451722999976], [110.50040843700003, -7.067250746999946], [110.50066917800007, -7.067258304999939], [110.50069441100004, -7.06724623599996], [110.50071239000005, -7.067252014999951], [110.50095833200004, -7.067159785999934], [110.50109062800004, -7.066795953999929], [110.50105591000005, -7.06670480799994], [110.50099870200006, -7.066554634999932], [110.50110709700004, -7.066428704999964], [110.50118193100008, -7.066252843999962], [110.50126743500005, -7.066031301999942], [110.50136973700006, -7.065730297999949], [110.50164123000008, -7.065336829999978], [110.50164910000007, -7.065447000999939], [110.50167959400005, -7.065667342999973], [110.50170123400005, -7.065784399999927], [110.50179370000006, -7.065884734999941], [110.50235242500008, -7.066049991999932], [110.50291705200004, -7.066187705999937], [110.50317084000005, -7.066785777999939], [110.50363119800005, -7.066872340999964], [110.50351367600007, -7.067280706999952]]]]}}, {"type": "Feature", "properties": {"idsubsls": "3321010003015800", "idsls": "33210100030158", "nmsls": "RT 001 RW 023", "nmdesa": "KEBONBATUR", "nmkec": "MRANGGEN", "kdkec": "010", "kd_kec_bps": "3321010", "kdsubsls": "00", "subsls": null}, "geometry": {"type": "MultiPolygon", "coordinates": [[[[110.48745326100004, -7.046821001999945], [110.48756410700008, -7.046863004999977], [110.48754337400004, -7.046906643999932], [110.48754096800008, -7.046911707999925], [110.48754312000005, -7.046912549999945], [110.48748096400004, -7.047098129999938], [110.48748575200005, -7.047105471999942], [110.48747452900005, -7.047139241999957], [110.48747423200007, -7.047140136999928], [110.48724324300008, -7.047054511999931], [110.48717077700007, -7.047028160999957], [110.48700827700009, -7.046979849999957], [110.48675354800008, -7.046916167999939], [110.48645525300009, -7.046807696999963], [110.48646149400008, -7.046751523999944], [110.48647273300008, -7.046650377999981], [110.48656138100006, -7.04652823999993], [110.48658711000007, -7.046492790999935], [110.48733443700007, -7.046775975999935], [110.48745272100007, -7.046820796999953], [110.48745326100004, -7.046821001999945]]]]}}, {"type": "Feature", "properties": {"idsubsls": "3321010003017200", "idsls": "33210100030172", "nmsls": "RT 004 RW 024", "nmdesa": "KEBONBATUR", "nmkec": "MRANGGEN", "kdkec": "010", "kd_kec_bps": "3321010", "kdsubsls": "00", "subsls": null}, "geometry": {"type": "MultiPolygon", "coordinates": [[[[110.49087632800007, -7.048634454999956], [110.49087632800007, -7.04849768899993], [110.49121986400007, -7.048587741999938], [110.49133690300005, -7.048353665999969], [110.49139344000008, -7.048240589999978], [110.49125964200005, -7.04818273099994], [110.49145063500004, -7.047751350999931], [110.49146938000007, -7.047709011999927], [110.49165314100009, -7.047802625999964], [110.49166103700009, -7.047806648999938], [110.49181291700006, -7.048388852999949], [110.49181250900006, -7.04838958199997], [110.49192188600006, -7.048445240999968], [110.49164413900007, -7.048954953999953], [110.49152932800007, -7.048896147999926], [110.49145907600007, -7.04902181999995], [110.49145881400005, -7.049022287999946], [110.49090068700008, -7.048654747999933], [110.49090240700008, -7.048649552999962], [110.49087632800007, -7.048634454999956]]]]}}, {"type": "Feature", "properties": {"idsubsls": "3321010014002500", "idsls": "33210100140025", "nmsls": "RT 03 RW 07", "nmdesa": "CANDISARI", "nmkec": "MRANGGEN", "kdkec": "010", "kd_kec_bps": "3321010", "kdsubsls": "00", "subsls": null}, "geometry": {"type": "MultiPolygon", "coordinates": [[[[110.55551133500006, -7.008015096999941], [110.55552842800006, -7.007838471999946], [110.55552345800004, -7.00759493399994], [110.55544890500005, -7.007488074999969], [110.55539174800003, -7.007348909999962], [110.55532465100003, -7.007264416999931], [110.55521250200007, -7.007241986999929], [110.55526043400005, -7.006832385999928], [110.55578879100005, -7.005200918999947], [110.55648210600003, -7.005684013999939], [110.55634064700007, -7.006254726999941], [110.55630496400005, -7.006398691999948], [110.55656102200004, -7.006541685999935], [110.55657123300006, -7.006547387999944], [110.55656511600006, -7.006588978999957], [110.55668498300008, -7.00665436099996], [110.55667626600007, -7.006726280999942], [110.55664793400007, -7.006802559999926], [110.55676998000007, -7.006824353999946], [110.55677215900005, -7.006952938999973], [110.55696787700003, -7.007038033999947], [110.55691274600008, -7.007259970999939], [110.55674476600007, -7.007711989999962], [110.55674269000008, -7.007711460999928], [110.55672430100009, -7.007706778999932], [110.55653739300004, -7.008162653999932], [110.55652181100004, -7.008200657999964], [110.55574891700007, -7.008023659999935], [110.55572161500004, -7.008017407999944], [110.55571586800005, -7.008036291999929], [110.55551133500006, -7.008015096999941]]]]}}, {"type": "Feature", "properties": {"idsubsls": "3321010003021800", "idsls": "33210100030218", "nmsls": "RT 006 RW 020", "nmdesa": "KEBONBATUR", "nmkec": "MRANGGEN", "kdkec": "010", "kd_kec_bps": "3321010", "kdsubsls": "00", "subsls": null}, "geometry": {"type": "MultiPolygon", "coordinates": [[[[110.49920809200006, -7.054331608999973], [110.49921550100004, -7.054335974999958], [110.49935541700006, -7.054434294999965], [110.49935952400006, -7.054428894999944], [110.49980334500009, -7.05466920799995], [110.49980163700008, -7.054672530999937], [110.49995443600005, -7.054772181999965], [110.49980569800005, -7.055142374999946], [110.49975882100006, -7.055259047999925], [110.49969378800006, -7.055231705999972], [110.49980449800006, -7.054987930999971], [110.49923484100009, -7.054659594999976], [110.49855697900006, -7.055823399999952], [110.49832212300004, -7.056243289999941], [110.49825515900005, -7.056335521999927], [110.49801138100008, -7.056733817999941], [110.49786824700004, -7.056636652999941], [110.49790542000005, -7.05657174199996], [110.49775461100006, -7.056480033999946], [110.49797472500006, -7.056096078999929], [110.49811675300003, -7.055818445999932], [110.49822628800007, -7.055604553999956], [110.49841814000007, -7.055715559999953], [110.49847141800007, -7.055626937999932], [110.49846547500005, -7.055623616999981], [110.49858965900006, -7.055401891999963], [110.49900751700005, -7.054701364999971], [110.49901192100003, -7.054693245999943], [110.49920809200006, -7.054331608999973]]]]}}, {"type": "Feature", "properties": {"idsubsls": "3321010007000801", "idsls": "33210100070008", "nmsls": "RT 008 RW 001", "nmdesa": "MRANGGEN", "nmkec": "MRANGGEN", "kdkec": "010", "kd_kec_bps": "3321010", "kdsubsls": "01", "subsls": null}, "geometry": {"type": "MultiPolygon", "coordinates": [[[[110.51816994600006, -7.029518179999968], [110.51701881500009, -7.029205918999935], [110.51724440700008, -7.028607371999954], [110.51724506100004, -7.028605636999941], [110.51775216800007, -7.026859607999938], [110.51778779900008, -7.02665594299998], [110.51802782800007, -7.026720828999942], [110.51852118300008, -7.02682860799996], [110.51859533200007, -7.026841619999971], [110.51829049900005, -7.027805795999939], [110.51849720600006, -7.027858797999954], [110.51853160400009, -7.028146652999965], [110.51855634900005, -7.028150450999931], [110.51816994600006, -7.029518179999968]]]]}}, {"type": "Feature", "properties": {"idsubsls": "3321010003001600", "idsls": "33210100030016", "nmsls": "RT 002 RW 003", "nmdesa": "KEBONBATUR", "nmkec": "MRANGGEN", "kdkec": "010", "kd_kec_bps": "3321010", "kdsubsls": "00", "subsls": null}, "geometry": {"type": "MultiPolygon", "coordinates": [[[[110.50420192700005, -7.052443972999981], [110.50383049300007, -7.052315317999955], [110.50380803200005, -7.052374678999968], [110.50349804200005, -7.052277382999932], [110.50347676000007, -7.052270702999976], [110.50356623100004, -7.051950843999975], [110.50328703300005, -7.051799844999948], [110.50333061900005, -7.051680094999938], [110.50311904000006, -7.051585791999969], [110.50312447500005, -7.051550317999954], [110.50293933500006, -7.05149477599997], [110.50297520200007, -7.051329598999928], [110.50282444100009, -7.051292874999945], [110.50284590700005, -7.051092523999955], [110.50284793900005, -7.051013300999955], [110.50269905600004, -7.051002815999937], [110.50268454700006, -7.050903675999962], [110.50255639100004, -7.050862568999946], [110.50238229200005, -7.05080453599993], [110.50243106600004, -7.05037], [110.50290900600004, -7.05037], [110.50290948000008, -7.05037], [110.50294378000007, -7.05037], [110.50297772000005, -7.05037], [110.50321557900008, -7.05037], [110.50324, -7.05037], [110.50382007000007, -7.050619789999928], [110.50408972600007, -7.050735909999958], [110.50479664400007, -7.051040323999928], [110.50453798200004, -7.051728429999969], [110.50425892600003, -7.052322319999973], [110.50425902200004, -7.052322348999951], [110.50420192700005, -7.052443972999981]]]]}}, {"type": "Feature", "properties": {"idsubsls": "3321010003003400", "idsls": "33210100030034", "nmsls": "RT 007 RW 005", "nmdesa": "KEBONBATUR", "nmkec": "MRANGGEN", "kdkec": "010", "kd_kec_bps": "3321010", "kdsubsls": "00", "subsls": null}, "geometry": {"type": "MultiPolygon", "coordinates": [[[[110.50401847700005, -7.059300335999978], [110.50399992100006, -7.059419619999971], [110.50392121200008, -7.05961281499998], [110.50384429200005, -7.059791698999959], [110.50384439300007, -7.059791742999948], [110.50379699500007, -7.059806870999978], [110.50365510100005, -7.060063836999973], [110.50358957500003, -7.060182090999945], [110.50349636200008, -7.060350712999934], [110.50328249500006, -7.060678825999958], [110.50316989800007, -7.060873055999934], [110.50301963500004, -7.061134226999968], [110.50276204100004, -7.06156354899997], [110.50276416700007, -7.06157247699997], [110.50276025300008, -7.061570704999951], [110.50276016400005, -7.061570853999967], [110.50247635700003, -7.061431800999969], [110.50201692800005, -7.061194831999956], [110.50172192700006, -7.060943354999949], [110.50161069700005, -7.060870813999941], [110.50047556100009, -7.060571847999938], [110.50150719500004, -7.059009725999942], [110.50152416100008, -7.05898403599997], [110.50153096000008, -7.05898697899994], [110.50174557000008, -7.058653278999941], [110.50401847700005, -7.059300335999978]]]]}}, {"type": "Feature", "properties": {"idsubsls": "3321010003001500", "idsls": "33210100030015", "nmsls": "RT 001 RW 003", "nmdesa": "KEBONBATUR", "nmkec": "MRANGGEN", "kdkec": "010", "kd_kec_bps": "3321010", "kdsubsls": "00", "subsls": null}, "geometry": {"type": "MultiPolygon", "coordinates": [[[[110.50243106600004, -7.05037], [110.50238229200005, -7.05080453599993], [110.50255639100004, -7.050862568999946], [110.50268454700006, -7.050903675999962], [110.50269905600004, -7.051002815999937], [110.50284793900005, -7.051013300999955], [110.50284590700005, -7.051092523999955], [110.50282444100009, -7.051292874999945], [110.50297520200007, -7.051329598999928], [110.50293933500006, -7.05149477599997], [110.50289976600004, -7.051677004999931], [110.50240943000006, -7.051616654999975], [110.50231746500003, -7.051590831999931], [110.50222946400004, -7.051879394999958], [110.50189577300006, -7.051787508999951], [110.50178938000005, -7.052072838999948], [110.50172165800006, -7.052293579999969], [110.50130741700008, -7.052152658999944], [110.50136832600003, -7.052032068999949], [110.50126442000004, -7.052006505999941], [110.50128761700006, -7.051938788999962], [110.50139217000009, -7.051971432999949], [110.50142308100004, -7.051836854999976], [110.50151742000008, -7.051386388999958], [110.50119116500008, -7.051324244999932], [110.50120217000006, -7.051283063999961], [110.50120984300008, -7.051280946999952], [110.50120017100005, -7.051276774999963], [110.50124196300004, -7.05099397999993], [110.50147072600004, -7.051031302999945], [110.50154379100007, -7.05071281599993], [110.50158781700009, -7.050322200999972], [110.50174608900005, -7.050330895999934], [110.50235, -7.05037], [110.50243106600004, -7.05037]]]]}}, {"type": "Feature", "properties": {"idsubsls": "3321010003021400", "idsls": "33210100030214", "nmsls": "RT 002 RW 029", "nmdesa": "KEBONBATUR", "nmkec": "MRANGGEN", "kdkec": "010", "kd_kec_bps": "3321010", "kdsubsls": "00", "subsls": null}, "geometry": {"type": "MultiPolygon", "coordinates": [[[[110.48434099900004, -7.043882328999928], [110.48422599800006, -7.044258061999926], [110.48416468400006, -7.044246683999972], [110.48387140700004, -7.044196881999937], [110.48370527100008, -7.044172039999978], [110.48367404400005, -7.044167369999968], [110.48347483700007, -7.044156302999966], [110.48311331300005, -7.044106500999931], [110.48291249500005, -7.044077812999944], [110.48283479100007, -7.044064077999963], [110.48282902700004, -7.044376952999926], [110.48317948400006, -7.044472866999968], [110.48336695300009, -7.044504122999967], [110.48332877500007, -7.044642516999943], [110.48338791400005, -7.044651784999928], [110.48355392000008, -7.044672074999937], [110.48360331600009, -7.044681953999941], [110.48358979700004, -7.044729884999981], [110.48356527800007, -7.044788116999939], [110.48356838600006, -7.04479301799995], [110.48356722300008, -7.044800189999933], [110.48350909600003, -7.045158641999933], [110.48348871700006, -7.045417543999974], [110.48295857000005, -7.045406], [110.48237149900007, -7.04516551699993], [110.48236093900005, -7.045161190999977], [110.48181131000007, -7.044757968999932], [110.48164330100008, -7.044453149999981], [110.48163988900006, -7.044440987999963], [110.48163715000004, -7.044431214999975], [110.48160045100008, -7.044300396999972], [110.48158809300008, -7.044256340999937], [110.48166010000006, -7.044126730999949], [110.48166605000006, -7.04412057899998], [110.48166982100008, -7.044100810999964], [110.48177760900006, -7.043911410999954], [110.48203985000004, -7.043748329999971], [110.48219498000009, -7.043719], [110.48242033000008, -7.043675789999952], [110.48261261000005, -7.04369257999997], [110.48266220000005, -7.043696529999977], [110.48287006000004, -7.043717389999927], [110.48287985300004, -7.043718613999943], [110.48299097800009, -7.043732488999979], [110.48329094000007, -7.043769939999947], [110.48346264000008, -7.043792319999966], [110.48378455000005, -7.043821209999976], [110.48394485000006, -7.043836159999955], [110.48421885000005, -7.043868119999956], [110.48434099900004, -7.043882328999928]]]]}}, {"type": "Feature", "properties": {"idsubsls": "3321010003021300", "idsls": "33210100030213", "nmsls": "RT 05 RW 29", "nmdesa": "KEBONBATUR", "nmkec": "MRANGGEN", "kdkec": "010", "kd_kec_bps": "3321010", "kdsubsls": "00", "subsls": null}, "geometry": {"type": "MultiPolygon", "coordinates": [[[[110.48366679300005, -7.044442000999936], [110.48416284000007, -7.044511832999945], [110.48409761100004, -7.044782780999981], [110.48404824900007, -7.044762455999944], [110.48381215200004, -7.044723720999968], [110.48360331600009, -7.044681953999941], [110.48355392000008, -7.044672074999937], [110.48338791400005, -7.044651784999928], [110.48332877500007, -7.044642516999943], [110.48336695300009, -7.044504122999967], [110.48317948400006, -7.044472866999968], [110.48282902700004, -7.044376952999926], [110.48297105500006, -7.04436588599998], [110.48317579500008, -7.04437510799994], [110.48341373700003, -7.044393552999964], [110.48361294500006, -7.044430443999943], [110.48366679300005, -7.044442000999936]]]]}}, {"type": "Feature", "properties": {"idsubsls": "3321010003020600", "idsls": "33210100030206", "nmsls": "RT 06 RW 29", "nmdesa": "KEBONBATUR", "nmkec": "MRANGGEN", "kdkec": "010", "kd_kec_bps": "3321010", "kdsubsls": "00", "subsls": null}, "geometry": {"type": "MultiPolygon", "coordinates": [[[[110.48409761100004, -7.044782780999981], [110.48409090400008, -7.044810643999938], [110.48435069000004, -7.044912421999925], [110.48461093900005, -7.045059432999949], [110.48471563700008, -7.045346289999941], [110.48468407100006, -7.045444495999959], [110.48466339400005, -7.045542222999927], [110.48476668600006, -7.045584646999941], [110.48472979600007, -7.04574327499995], [110.48457854600008, -7.045658426999978], [110.48455087900004, -7.045573579999939], [110.48444020800008, -7.045442618999971], [110.48435760100006, -7.04537337499994], [110.48426653200005, -7.045504814999958], [110.48423248000006, -7.04547910499997], [110.48417063000005, -7.045432394999978], [110.48348871700006, -7.045417543999974], [110.48350909600003, -7.045158641999933], [110.48356722300008, -7.044800189999933], [110.48356838600006, -7.04479301799995], [110.48356527800007, -7.044788116999939], [110.48358979700004, -7.044729884999981], [110.48360331600009, -7.044681953999941], [110.48381215200004, -7.044723720999968], [110.48404824900007, -7.044762455999944], [110.48409761100004, -7.044782780999981]]]]}}, {"type": "Feature", "properties": {"idsubsls": "3321010003400400", "idsls": "33210100034004", "nmsls": "Perum Gria Tuba Permai 2", "nmdesa": "KEBONBATUR", "nmkec": "MRANGGEN", "kdkec": "010", "kd_kec_bps": "3321010", "kdsubsls": "00", "subsls": null}, "geometry": {"type": "MultiPolygon", "coordinates": [[[[110.48082894500004, -7.05539579799995], [110.48101574200007, -7.05542027499996], [110.48117671600005, -7.055423430999952], [110.48145720300005, -7.055511275999947], [110.48146394300005, -7.055513386999962], [110.48156810200004, -7.055488135999951], [110.48160203300006, -7.055412777999948], [110.48179141300005, -7.05566370799994], [110.48190740900009, -7.055866107999975], [110.48190070200008, -7.056233427999928], [110.48192595300009, -7.056248025999935], [110.48190740900009, -7.056507634999946], [110.48177878800004, -7.056453187999978], [110.48151049900008, -7.056408998999927], [110.48126667100007, -7.056370333999951], [110.48054386900009, -7.056152545999964], [110.48051150000003, -7.056108972999937], [110.48046180400007, -7.056042073999947], [110.48045549100004, -7.055789566999977], [110.48065118500006, -7.055458150999925], [110.48078690700004, -7.055390289999934], [110.48082894500004, -7.05539579799995]]]]}}, {"type": "Feature", "properties": {"idsubsls": "3321010005002100", "idsls": "33210100050021", "nmsls": "RT 002 RW 004", "nmdesa": "KALITENGAH", "nmkec": "MRANGGEN", "kdkec": "010", "kd_kec_bps": "3321010", "kdsubsls": "00", "subsls": null}, "geometry": {"type": "MultiPolygon", "coordinates": [[[[110.54536894200004, -7.046537464999972], [110.54478564600004, -7.046048302999964], [110.54381665700004, -7.045235691999949], [110.54406429000005, -7.044777894999982], [110.54415100600005, -7.04466950099993], [110.54443199500008, -7.044685111999968], [110.54452496500005, -7.044690276999972], [110.54454483700005, -7.044700212999942], [110.54473633300006, -7.044812219999926], [110.54565371500007, -7.045157074999963], [110.54551102500005, -7.045500042999947], [110.54543005400006, -7.046058749999929], [110.54536894200004, -7.046537464999972]]]]}}, {"type": "Feature", "properties": {"idsubsls": "3321010005000200", "idsls": "33210100050002", "nmsls": "RT 002 RW 001", "nmdesa": "KALITENGAH", "nmkec": "MRANGGEN", "kdkec": "010", "kd_kec_bps": "3321010", "kdsubsls": "00", "subsls": null}, "geometry": {"type": "MultiPolygon", "coordinates": [[[[110.53638615600005, -7.044289370999934], [110.53647243100005, -7.044327115999977], [110.53626354000005, -7.045094043999939], [110.53621701100008, -7.045261125999957], [110.53589186900007, -7.046164232999956], [110.53502911500004, -7.045829915999946], [110.53501101700004, -7.045825391999927], [110.53507764500006, -7.045236602999978], [110.53515852800007, -7.044947220999973], [110.53518548900007, -7.044715355999926], [110.53523401900009, -7.044026948999942], [110.53537960900007, -7.04403234199998], [110.53560608200007, -7.044030543999952], [110.53574987400009, -7.04408626399993], [110.53638615600005, -7.044289370999934]]]]}}, {"type": "Feature", "properties": {"idsubsls": "3321010005002700", "idsls": "33210100050027", "nmsls": "RT 008 RW 004", "nmdesa": "KALITENGAH", "nmkec": "MRANGGEN", "kdkec": "010", "kd_kec_bps": "3321010", "kdsubsls": "00", "subsls": null}, "geometry": {"type": "MultiPolygon", "coordinates": [[[[110.54435117500009, -7.047628287999942], [110.54436056700007, -7.047590717999981], [110.54439786600005, -7.046903247999978], [110.54566742900005, -7.047332554999969], [110.54566129500006, -7.047363090999966], [110.54557457900006, -7.047899640999958], [110.54551186600008, -7.048257829999955], [110.54550502400008, -7.048296906999951], [110.54525339400004, -7.048189065999964], [110.54487200300008, -7.047930703999953], [110.54435117500009, -7.047628287999942]]]]}}, {"type": "Feature", "properties": {"idsubsls": "3321010005000400", "idsls": "33210100050004", "nmsls": "RT 004 RW 001", "nmdesa": "KALITENGAH", "nmkec": "MRANGGEN", "kdkec": "010", "kd_kec_bps": "3321010", "kdsubsls": "00", "subsls": null}, "geometry": {"type": "MultiPolygon", "coordinates": [[[[110.53118410300004, -7.043393008999942], [110.53125920000008, -7.043035979999956], [110.53126711600004, -7.042998350999937], [110.53127189000008, -7.042975659999968], [110.53145412100008, -7.042109282999945], [110.53151976200007, -7.042109282999945], [110.53191062800005, -7.04113465599994], [110.53320642500006, -7.041764042999944], [110.53319442900005, -7.041796146999957], [110.53320982300005, -7.041806790999942], [110.53370002300005, -7.042145728999969], [110.53406645000007, -7.042240917999948], [110.53434154600006, -7.042312381999977], [110.53426547800007, -7.042623565999975], [110.53417833900005, -7.043015691999926], [110.53439397400007, -7.043103905999942], [110.53435261400006, -7.043214373999945], [110.53426231900005, -7.043418202999931], [110.53425884000006, -7.043427493999957], [110.53423868700008, -7.043616202999942], [110.53412095300007, -7.043649713999969], [110.53412095300007, -7.043646984999953], [110.53333188100004, -7.04331329799993], [110.53266847400005, -7.043032752999977], [110.53252394900005, -7.04335793499996], [110.53118410300004, -7.043393008999942]]]]}}, {"type": "Feature", "properties": {"idsubsls": "3321010005002900", "idsls": "33210100050029", "nmsls": "RT 010 RW 004", "nmdesa": "KALITENGAH", "nmkec": "MRANGGEN", "kdkec": "010", "kd_kec_bps": "3321010", "kdsubsls": "00", "subsls": null}, "geometry": {"type": "MultiPolygon", "coordinates": [[[[110.54381665700004, -7.045235691999949], [110.54478564600004, -7.046048302999964], [110.54448728000006, -7.046494958999972], [110.54425812800008, -7.046350185999927], [110.54383707600005, -7.045846372999961], [110.54334099200008, -7.045472512999936], [110.54317607500008, -7.045640300999935], [110.54298870000008, -7.045526434999942], [110.54297791600004, -7.045069893999937], [110.54298870000008, -7.044430017999957], [110.54381665700004, -7.045235691999949]]]]}}, {"type": "Feature", "properties": {"idsubsls": "3321010005002000", "idsls": "33210100050020", "nmsls": "RT 001 RW 004", "nmdesa": "KALITENGAH", "nmkec": "MRANGGEN", "kdkec": "010", "kd_kec_bps": "3321010", "kdsubsls": "00", "subsls": null}, "geometry": {"type": "MultiPolygon", "coordinates": [[[[110.54565371500007, -7.045157074999963], [110.54473633300006, -7.044812219999926], [110.54454483700005, -7.044700212999942], [110.54452496500005, -7.044690276999972], [110.54443199500008, -7.044685111999968], [110.54460211700007, -7.044144209999956], [110.54476370100008, -7.04420958299994], [110.54484834000004, -7.044026363999933], [110.54527830300009, -7.043753572999947], [110.54572633100008, -7.043421163999938], [110.54562516300007, -7.043363353999951], [110.54533379200006, -7.043156812999939], [110.54505428800007, -7.042958683999927], [110.54488808400004, -7.042684085999952], [110.54547341200004, -7.041484525999977], [110.54498925200005, -7.041238832999966], [110.54604672800008, -7.038532034999946], [110.54678628300007, -7.038860270999976], [110.54787331000006, -7.039287078999962], [110.54786438500008, -7.03932150199995], [110.54790730100007, -7.039358498999945], [110.54769024700005, -7.039982527999939], [110.54635498200008, -7.043821414999968], [110.54623216900006, -7.043807769999944], [110.54616713300004, -7.043800542999975], [110.54577396700006, -7.044831497999951], [110.54565371500007, -7.045157074999963]]]]}}, {"type": "Feature", "properties": {"idsubsls": "3321010005002800", "idsls": "33210100050028", "nmsls": "RT 009 RW 004", "nmdesa": "KALITENGAH", "nmkec": "MRANGGEN", "kdkec": "010", "kd_kec_bps": "3321010", "kdsubsls": "00", "subsls": null}, "geometry": {"type": "MultiPolygon", "coordinates": [[[[110.54550502400008, -7.048296906999951], [110.54551186600008, -7.048257829999955], [110.54570894700004, -7.048328215999959], [110.54598804000005, -7.048406934999946], [110.54615263300008, -7.048471340999981], [110.54637254100004, -7.048499457999981], [110.54615990700006, -7.049214820999964], [110.54523208700004, -7.049326767999958], [110.54504875200007, -7.049165899999934], [110.54535970300009, -7.048366054999974], [110.54548063800007, -7.048436190999951], [110.54548336700009, -7.048420604999933], [110.54550502400008, -7.048296906999951]]]]}}, {"type": "Feature", "properties": {"idsubsls": "3321010005002200", "idsls": "33210100050022", "nmsls": "RT 003 RW 004", "nmdesa": "KALITENGAH", "nmkec": "MRANGGEN", "kdkec": "010", "kd_kec_bps": "3321010", "kdsubsls": "00", "subsls": null}, "geometry": {"type": "MultiPolygon", "coordinates": [[[[110.54478564600004, -7.046048302999964], [110.54536894200004, -7.046537464999972], [110.54536501800004, -7.046568201999946], [110.54575066100006, -7.046876716999975], [110.54574908900008, -7.046894952999935], [110.54574439700008, -7.046949386999927], [110.54566742900005, -7.047332554999969], [110.54439786600005, -7.046903247999978], [110.54425876400006, -7.046350799999971], [110.54425812800008, -7.046350185999927], [110.54448728000006, -7.046494958999972], [110.54478564600004, -7.046048302999964]]]]}}, {"type": "Feature", "properties": {"idsubsls": "3321010006002400", "idsls": "33210100060024", "nmsls": "RT 005 RW 003", "nmdesa": "KEMBANGARUM", "nmkec": "MRANGGEN", "kdkec": "010", "kd_kec_bps": "3321010", "kdsubsls": "00", "subsls": null}, "geometry": {"type": "MultiPolygon", "coordinates": [[[[110.52704082600007, -7.033511486999942], [110.52735292300008, -7.032918501999973], [110.52794384000003, -7.031842473999973], [110.52795340200004, -7.031825061999939], [110.52880543400005, -7.032445826999947], [110.52904481400009, -7.032752152999933], [110.52900521800007, -7.03296093299997], [110.52900018400004, -7.03298747599996], [110.52861474100007, -7.033983540999941], [110.52828471800007, -7.034196680999969], [110.52704082600007, -7.033511486999942]]]]}}, {"type": "Feature", "properties": {"idsubsls": "3321010006003000", "idsls": "33210100060030", "nmsls": "RT 002 RW 004", "nmdesa": "KEMBANGARUM", "nmkec": "MRANGGEN", "kdkec": "010", "kd_kec_bps": "3321010", "kdsubsls": "00", "subsls": null}, "geometry": {"type": "MultiPolygon", "coordinates": [[[[110.53765372500004, -7.030606168999952], [110.53756684100006, -7.030891963999977], [110.53751107100004, -7.030870368999956], [110.53723653700007, -7.031484460999934], [110.53706231700005, -7.031417957999963], [110.53562464900006, -7.03088829099994], [110.53537056300007, -7.030794679999929], [110.53536769500005, -7.030795341999976], [110.53551852600003, -7.030371577999972], [110.53551707300005, -7.030371134999939], [110.53552029300005, -7.030359058999977], [110.53602553100006, -7.030485966999947], [110.53608947600009, -7.030306921999966], [110.53637225900007, -7.030416097999932], [110.53747913600006, -7.030679073999977], [110.53749238600005, -7.03057359099995], [110.53765372500004, -7.030606168999952]]]]}}, {"type": "Feature", "properties": {"idsubsls": "3321010006006200", "idsls": "33210100060062", "nmsls": "RT 007 RW 007", "nmdesa": "KEMBANGARUM", "nmkec": "MRANGGEN", "kdkec": "010", "kd_kec_bps": "3321010", "kdsubsls": "00", "subsls": null}, "geometry": {"type": "MultiPolygon", "coordinates": [[[[110.54302139100008, -7.033798856999965], [110.54293157400008, -7.034070380999935], [110.54275043100006, -7.034337489999928], [110.54267865600008, -7.03429394099993], [110.54234708400008, -7.034716354999944], [110.54216900500006, -7.034616839999956], [110.54183379700004, -7.034433522999961], [110.54174999500009, -7.034344482999927], [110.54158762800006, -7.034265918999949], [110.54148811300007, -7.034187353999926], [110.54143239800004, -7.034176210999931], [110.54140909100005, -7.034220550999976], [110.54133321500007, -7.034303652999938], [110.54131514900007, -7.034397594999973], [110.54118507600003, -7.034426499999938], [110.54098635400004, -7.034545732999959], [110.54093577000003, -7.034679418999929], [110.54077679300008, -7.03516719199996], [110.54074980200005, -7.035279916999968], [110.53906516900008, -7.034445560999927], [110.53856746500009, -7.035938671999929], [110.53730594500007, -7.035578237999971], [110.53777583600004, -7.033949713999959], [110.53752604400006, -7.033904052999958], [110.53760179300008, -7.033395816999928], [110.53764631300004, -7.033099890999949], [110.53771702100005, -7.03302787399997], [110.53780475100007, -7.032549285999949], [110.53803326900004, -7.03180047099994], [110.53869712800008, -7.032060907999949], [110.53869776700009, -7.032062185999962], [110.53994670700007, -7.032728971999973], [110.53994675800004, -7.032728822999957], [110.54180322900004, -7.03344466599998], [110.54188013100008, -7.033278046999953], [110.54261268300007, -7.033632031999957], [110.54302139100008, -7.033798856999965]]]]}}, {"type": "Feature", "properties": {"idsubsls": "3321010006006500", "idsls": "33210100060065", "nmsls": "RT 003 RW 4", "nmdesa": "KEMBANGARUM", "nmkec": "MRANGGEN", "kdkec": "010", "kd_kec_bps": "3321010", "kdsubsls": "00", "subsls": null}, "geometry": {"type": "MultiPolygon", "coordinates": [[[[110.53948758100006, -7.028990616999977], [110.54022455800003, -7.029174055999931], [110.54019569100006, -7.029289525999957], [110.54032198500005, -7.029343651999966], [110.54011151700007, -7.030739554999968], [110.53978719300005, -7.030632313999945], [110.53965101500006, -7.030996328999947], [110.53962220800008, -7.031226783999955], [110.53958125500009, -7.031373992999931], [110.53941601700006, -7.031328605999931], [110.53934671100006, -7.03150580199997], [110.53922152900009, -7.031457239999952], [110.53902904700004, -7.031394277999937], [110.53901855200007, -7.031390844999976], [110.53905894400003, -7.031206194999982], [110.53915915500005, -7.031015793999927], [110.53913911300003, -7.030549812999936], [110.53904391300006, -7.030504717999975], [110.53913410200005, -7.030118904999938], [110.53941469300008, -7.029923493999945], [110.53952492600007, -7.029407406999951], [110.53926186000007, -7.029295096999931], [110.53948758100006, -7.028990616999977]]]]}}, {"type": "Feature", "properties": {"idsubsls": "3321010006006100", "idsls": "33210100060061", "nmsls": "RT 006 RW 007", "nmdesa": "KEMBANGARUM", "nmkec": "MRANGGEN", "kdkec": "010", "kd_kec_bps": "3321010", "kdsubsls": "00", "subsls": null}, "geometry": {"type": "MultiPolygon", "coordinates": [[[[110.53752604400006, -7.033904052999958], [110.53733386200008, -7.033868922999943], [110.53539022900009, -7.033139068999958], [110.53555388000007, -7.031816017999972], [110.53542817700009, -7.031766259999927], [110.53535485000003, -7.031757093999943], [110.53562464900006, -7.03088829099994], [110.53706231700005, -7.031417957999963], [110.53723653700007, -7.031484460999934], [110.53803651600003, -7.03178982999998], [110.53803326900004, -7.03180047099994], [110.53780475100007, -7.032549285999949], [110.53771702100005, -7.03302787399997], [110.53764631300004, -7.033099890999949], [110.53760179300008, -7.033395816999928], [110.53752604400006, -7.033904052999958]]]]}}, {"type": "Feature", "properties": {"idsubsls": "3321010003400205", "idsls": "33210100034002", "nmsls": "SAWAH", "nmdesa": "KEBONBATUR", "nmkec": "MRANGGEN", "kdkec": "010", "kd_kec_bps": "3321010", "kdsubsls": "05", "subsls": null}, "geometry": {"type": "MultiPolygon", "coordinates": [[[[110.50199399300004, -7.05741020499994], [110.50201440000006, -7.05737062999998], [110.50178641600007, -7.057198961999973], [110.50193272500007, -7.05697534799998], [110.50197514500007, -7.056911045999925], [110.50257397700005, -7.05736517899993], [110.50244227700006, -7.057569961999945], [110.50239439000006, -7.057644420999964], [110.50209632000008, -7.05746795899995], [110.50208805800008, -7.057479892999936], [110.50199399300004, -7.05741020499994]]]]}}, {"type": "Feature", "properties": {"idsubsls": "3321010007000104", "idsls": "33210100070001", "nmsls": "RT 001 RW 001", "nmdesa": "MRANGGEN", "nmkec": "MRANGGEN", "kdkec": "010", "kd_kec_bps": "3321010", "kdsubsls": "04", "subsls": null}, "geometry": {"type": "MultiPolygon", "coordinates": [[[[110.51199070600006, -7.024549691999937], [110.51188980600006, -7.024902342999951], [110.51153468500007, -7.024796294999931], [110.51164354000008, -7.024449751999953], [110.51199070600006, -7.024549691999937]]]]}}, {"type": "Feature", "properties": {"idsubsls": "3321010007000108", "idsls": "33210100070001", "nmsls": "RT 001 RW 001", "nmdesa": "MRANGGEN", "nmkec": "MRANGGEN", "kdkec": "010", "kd_kec_bps": "3321010", "kdsubsls": "08", "subsls": null}, "geometry": {"type": "MultiPolygon", "coordinates": [[[[110.51199070600006, -7.024549691999937], [110.51164354000008, -7.024449751999953], [110.51176961300007, -7.02404839299993], [110.51209973900006, -7.024168611999926], [110.51199070600006, -7.024549691999937]]]]}}, {"type": "Feature", "properties": {"idsubsls": "3321010007000109", "idsls": "33210100070001", "nmsls": "RT 001 RW 001", "nmdesa": "MRANGGEN", "nmkec": "MRANGGEN", "kdkec": "010", "kd_kec_bps": "3321010", "kdsubsls": "09", "subsls": null}, "geometry": {"type": "MultiPolygon", "coordinates": [[[[110.51176961300007, -7.02404839299993], [110.51164354000008, -7.024449751999953], [110.51124400500004, -7.024334736999947], [110.51156141800004, -7.023972575999949], [110.51176961300007, -7.02404839299993]]]]}}, {"type": "Feature", "properties": {"idsubsls": "3321010007008400", "idsls": "33210100070084", "nmsls": "RT 007 RW 009", "nmdesa": "MRANGGEN", "nmkec": "MRANGGEN", "kdkec": "010", "kd_kec_bps": "3321010", "kdsubsls": "00", "subsls": null}, "geometry": {"type": "MultiPolygon", "coordinates": [[[[110.51283130400009, -7.041605341999968], [110.51238384600003, -7.041465093999932], [110.51223094800008, -7.041746001999968], [110.51199271000007, -7.041642883999941], [110.51195004000004, -7.041724666999926], [110.51182937400006, -7.041677449999952], [110.51219095200008, -7.04099446999993], [110.51302015900006, -7.041277452999964], [110.51283130400009, -7.041605341999968]]]]}}, {"type": "Feature", "properties": {"idsubsls": "3321010003002000", "idsls": "33210100030020", "nmsls": "RT 006 RW 003", "nmdesa": "KEBONBATUR", "nmkec": "MRANGGEN", "kdkec": "010", "kd_kec_bps": "3321010", "kdsubsls": "00", "subsls": null}, "geometry": {"type": "MultiPolygon", "coordinates": [[[[110.50034264600004, -7.053740729999959], [110.50054308200004, -7.052907337999955], [110.50053939400004, -7.052905757999952], [110.50049298700009, -7.052885868999965], [110.50057685900003, -7.052668877999963], [110.50069257900009, -7.05271614399993], [110.50078222200005, -7.052541748999943], [110.50087267900005, -7.052581680999936], [110.50099349900006, -7.052315017999945], [110.50124212200006, -7.052410971999961], [110.50215496100009, -7.052764190999937], [110.50219776500006, -7.052640058999941], [110.50247584000005, -7.052734362999956], [110.50241649400004, -7.052865333999932], [110.50330104600005, -7.053207417999943], [110.50331345400008, -7.053212215999963], [110.50351337200004, -7.053289530999962], [110.50346997200006, -7.053731730999971], [110.50344716900008, -7.053968117999943], [110.50344245700006, -7.054013191999957], [110.50367277200007, -7.054086654999935], [110.50359596600003, -7.054274061999934], [110.50355187000008, -7.054381655999975], [110.50341059700008, -7.054317983999965], [110.50334768600004, -7.054919834999964], [110.50181166100003, -7.054319250999981], [110.50034173600005, -7.05374451299997], [110.50034264600004, -7.053740729999959]]]]}}, {"type": "Feature", "properties": {"idsubsls": "3321010008003400", "idsls": "33210100080034", "nmsls": "RT 03 RW 04", "nmdesa": "BATURSARI", "nmkec": "MRANGGEN", "kdkec": "010", "kd_kec_bps": "3321010", "kdsubsls": "00", "subsls": null}, "geometry": {"type": "MultiPolygon", "coordinates": [[[[110.50459272700004, -7.032934091999948], [110.50367265500006, -7.032627892999926], [110.50405858700009, -7.031852848999961], [110.50462475900008, -7.030858441999953], [110.50462855400008, -7.030854265999949], [110.50576702000006, -7.031319019999955], [110.50578324700007, -7.031328034999945], [110.50580640200008, -7.031264805999967], [110.50580668800006, -7.031264926999938], [110.50591848000005, -7.030915126999957], [110.50656015700008, -7.031202192999956], [110.50684990700006, -7.031331817999956], [110.50665850600006, -7.03166089299998], [110.50635516900007, -7.03152204099996], [110.50569011100004, -7.032695672999978], [110.50537845300005, -7.032628629999977], [110.50519814300009, -7.033000067999978], [110.50513661600007, -7.033098950999943], [110.50504353900004, -7.03305241299995], [110.50496770200004, -7.033032455999944], [110.50487057800007, -7.032992541999931], [110.50459272700004, -7.032934091999948]]]]}}, {"type": "Feature", "properties": {"idsubsls": "3321010008003600", "idsls": "33210100080036", "nmsls": "RT 05 RW 04", "nmdesa": "BATURSARI", "nmkec": "MRANGGEN", "kdkec": "010", "kd_kec_bps": "3321010", "kdsubsls": "00", "subsls": null}, "geometry": {"type": "MultiPolygon", "coordinates": [[[[110.50784421200007, -7.033592729999953], [110.50784959400005, -7.033610415999931], [110.50870426100005, -7.033996277999961], [110.50839773500007, -7.034767100999943], [110.50839231800006, -7.03477954899995], [110.50817980200009, -7.035267827999974], [110.50593903200007, -7.03433982699994], [110.50599203000007, -7.034150717999978], [110.50599339800004, -7.034145837999972], [110.50599067000007, -7.034090495999976], [110.50599031800004, -7.034090460999948], [110.50599061300005, -7.03408933399993], [110.50599067200005, -7.034089107999932], [110.50622344200008, -7.033201133999967], [110.50638426000006, -7.032887177999953], [110.50661121900004, -7.032438575999947], [110.50745100700004, -7.032829321999941], [110.50737897900007, -7.032982550999975], [110.50725072700004, -7.033266718999926], [110.50726899800009, -7.033275490999927], [110.50784421200007, -7.033592729999953]]]]}}, {"type": "Feature", "properties": {"idsubsls": "3321010008003500", "idsls": "33210100080035", "nmsls": "RT 04 RW 04", "nmdesa": "BATURSARI", "nmkec": "MRANGGEN", "kdkec": "010", "kd_kec_bps": "3321010", "kdsubsls": "00", "subsls": null}, "geometry": {"type": "MultiPolygon", "coordinates": [[[[110.50459272700004, -7.032934091999948], [110.50487057800007, -7.032992541999931], [110.50496770200004, -7.033032455999944], [110.50504353900004, -7.03305241299995], [110.50513661600007, -7.033098950999943], [110.50519814300009, -7.033000067999978], [110.50537845300005, -7.032628629999977], [110.50569011100004, -7.032695672999978], [110.50599871700007, -7.032762058999936], [110.50601101300003, -7.032757802999981], [110.50600863400007, -7.032761608999976], [110.50638426000006, -7.032887177999953], [110.50622344200008, -7.033201133999967], [110.50599067200005, -7.034089107999932], [110.50599061300005, -7.03408933399993], [110.50599031800004, -7.034090460999948], [110.50599067000007, -7.034090495999976], [110.50599339800004, -7.034145837999972], [110.50599203000007, -7.034150717999978], [110.50572561700005, -7.03420921299994], [110.50555494700006, -7.03416769599994], [110.50467575800008, -7.033907597999928], [110.50480960400006, -7.033670894999943], [110.50449538500004, -7.033492799999976], [110.50437826800004, -7.033419145999972], [110.50459272700004, -7.032934091999948]]]]}}, {"type": "Feature", "properties": {"idsubsls": "3321010008035600", "idsls": "33210100080356", "nmsls": "RT 09 RW 32", "nmdesa": "BATURSARI", "nmkec": "MRANGGEN", "kdkec": "010", "kd_kec_bps": "3321010", "kdsubsls": "00", "subsls": null}, "geometry": {"type": "MultiPolygon", "coordinates": [[[[110.50906741000006, -7.036788590999947], [110.50879085600008, -7.036707814999943], [110.50864387700005, -7.036651219999953], [110.50858501100004, -7.036628552999957], [110.50800976200009, -7.036407048999934], [110.50813664600008, -7.03597369199997], [110.50785779500006, -7.03586736699998], [110.50789984700003, -7.035769243999937], [110.50790830500006, -7.035754020999946], [110.50801638100006, -7.035483830999965], [110.50817054500004, -7.035289096999975], [110.50817980200009, -7.035267827999974], [110.50839231800006, -7.03477954899995], [110.50839773500007, -7.034767100999943], [110.50870426100005, -7.033996277999961], [110.50784959400005, -7.033610415999931], [110.50784421200007, -7.033592729999953], [110.50786401900007, -7.033603653999933], [110.50797040200007, -7.03336203899994], [110.50807559400005, -7.033402273999968], [110.50833823300007, -7.033504483999934], [110.50870967100008, -7.033664958999964], [110.50918348400006, -7.033861821999949], [110.50923118000009, -7.033753010999931], [110.50989818200009, -7.034113654999942], [110.51030995400004, -7.034336297999971], [110.51023192200006, -7.034555135999938], [110.50996525200009, -7.034375739999973], [110.50906741000006, -7.036788590999947]]]]}}, {"type": "Feature", "properties": {"idsubsls": "3321010008003900", "idsls": "33210100080039", "nmsls": "RT 03 RW 05", "nmdesa": "BATURSARI", "nmkec": "MRANGGEN", "kdkec": "010", "kd_kec_bps": "3321010", "kdsubsls": "00", "subsls": null}, "geometry": {"type": "MultiPolygon", "coordinates": [[[[110.50967778200004, -7.028812306999953], [110.50965855000004, -7.028936579999936], [110.50973534400003, -7.028944021999962], [110.50971720500007, -7.029116856999963], [110.50978428500008, -7.029133284999943], [110.50975101300008, -7.029413408999972], [110.50986046100007, -7.029431649999935], [110.50984919400008, -7.029492534999974], [110.50930694600004, -7.029240050999931], [110.50909733600008, -7.029121046999933], [110.50909775800005, -7.029119694999963], [110.50909733600008, -7.029119694999963], [110.50872589900007, -7.028979052999944], [110.50871490900005, -7.028993475999926], [110.50863021500004, -7.028914978999978], [110.50818163800005, -7.028698007999935], [110.50763574200005, -7.028413393999926], [110.50706184000006, -7.028143158999967], [110.50713669700008, -7.02799585899993], [110.50710040800004, -7.027980138999965], [110.50722935200008, -7.027861792999943], [110.50723152700004, -7.027862880999976], [110.50741383100006, -7.027696284999934], [110.50762015000004, -7.027826424999944], [110.50786176500009, -7.027941822999935], [110.50846399900007, -7.028259167999977], [110.50919966200007, -7.028626998999925], [110.50943045800005, -7.02873518499996], [110.50967778200004, -7.028812306999953]]]]}}, {"type": "Feature", "properties": {"idsubsls": "3321010008004300", "idsls": "33210100080043", "nmsls": "RT 07 RW 05", "nmdesa": "BATURSARI", "nmkec": "MRANGGEN", "kdkec": "010", "kd_kec_bps": "3321010", "kdsubsls": "00", "subsls": null}, "geometry": {"type": "MultiPolygon", "coordinates": [[[[110.50482968800009, -7.030452188999959], [110.50418750800009, -7.030170447999978], [110.50418820700008, -7.030168960999958], [110.50427481400004, -7.029984518999981], [110.50438224300007, -7.029755736999959], [110.50456596100008, -7.029677148999951], [110.50470048900007, -7.029619602999958], [110.50564170400008, -7.029230133999931], [110.50492767900005, -7.028966881999963], [110.50496374100004, -7.02891008499995], [110.50516208100004, -7.028593641999976], [110.50540730200004, -7.028337601999965], [110.50555968100008, -7.028000609999935], [110.50639179200004, -7.02838763799997], [110.50718876000008, -7.028777106999939], [110.50747364900008, -7.028899716999945], [110.50766477700006, -7.028961021999976], [110.50791721000007, -7.029076419999967], [110.50797654000007, -7.029111488999945], [110.50770705600007, -7.029654775999973], [110.50752778700007, -7.029568510999979], [110.50746371100007, -7.029565724999941], [110.50740242000006, -7.029576868999925], [110.50720740500009, -7.029510006999942], [110.50697060100003, -7.029404140999929], [110.50647768800007, -7.029185068999936], [110.50638638300006, -7.029393764999952], [110.50598248900008, -7.029253123999979], [110.50584324000005, -7.029569335999952], [110.50561705800004, -7.029478943999948], [110.50556056500005, -7.029537110999968], [110.50538699100008, -7.029859959999953], [110.50521797700009, -7.029790445999936], [110.50488767900003, -7.03046842699996], [110.50483572100006, -7.030450378999944], [110.50482968800009, -7.030452188999959]]]]}}, {"type": "Feature", "properties": {"idsubsls": "3321010008004200", "idsls": "33210100080042", "nmsls": "RT 06 RW 05", "nmdesa": "BATURSARI", "nmkec": "MRANGGEN", "kdkec": "010", "kd_kec_bps": "3321010", "kdsubsls": "00", "subsls": null}, "geometry": {"type": "MultiPolygon", "coordinates": [[[[110.50722935200008, -7.027861792999943], [110.50710040800004, -7.027980138999965], [110.50713669700008, -7.02799585899993], [110.50706184000006, -7.028143158999967], [110.50763574200005, -7.028413393999926], [110.50818163800005, -7.028698007999935], [110.50797654000007, -7.029111488999945], [110.50791721000007, -7.029076419999967], [110.50766477700006, -7.028961021999976], [110.50747364900008, -7.028899716999945], [110.50718876000008, -7.028777106999939], [110.50639179200004, -7.02838763799997], [110.50555968100008, -7.028000609999935], [110.50546139500005, -7.027954894999937], [110.50563969300003, -7.027416573999972], [110.50567725900004, -7.02742044699994], [110.50579265700009, -7.027103101999955], [110.50596231600008, -7.027183617999981], [110.50595600800006, -7.02730741299996], [110.50613524500005, -7.027401288999954], [110.50714137200004, -7.027817803999937], [110.50722935200008, -7.027861792999943]]]]}}, {"type": "Feature", "properties": {"idsubsls": "3321010008036700", "idsls": "33210100080367", "nmsls": "RT 02 RW 42", "nmdesa": "BATURSARI", "nmkec": "MRANGGEN", "kdkec": "010", "kd_kec_bps": "3321010", "kdsubsls": "00", "subsls": null}, "geometry": {"type": "MultiPolygon", "coordinates": [[[[110.50608408900007, -7.044804339999928], [110.50596136500008, -7.045131166999965], [110.50532676100005, -7.044872896999948], [110.50545895200008, -7.044543905999944], [110.50608408900007, -7.044804339999928]]]]}}, {"type": "Feature", "properties": {"idsubsls": "3321010008036600", "idsls": "33210100080366", "nmsls": "RT 01 RW 42", "nmdesa": "BATURSARI", "nmkec": "MRANGGEN", "kdkec": "010", "kd_kec_bps": "3321010", "kdsubsls": "00", "subsls": null}, "geometry": {"type": "MultiPolygon", "coordinates": [[[[110.50608408900007, -7.044804339999928], [110.50545895200008, -7.044543905999944], [110.50560393500007, -7.04420592699995], [110.50576648900005, -7.044278722999934], [110.50597612400009, -7.044362796999962], [110.50620308700007, -7.044453820999934], [110.50620307500009, -7.044474273999981], [110.50608408900007, -7.044804339999928]]]]}}, {"type": "Feature", "properties": {"idsubsls": "3321010008037000", "idsls": "33210100080370", "nmsls": "RT 05 RW 42", "nmdesa": "BATURSARI", "nmkec": "MRANGGEN", "kdkec": "010", "kd_kec_bps": "3321010", "kdsubsls": "00", "subsls": null}, "geometry": {"type": "MultiPolygon", "coordinates": [[[[110.50651564900005, -7.043471784999952], [110.50655805400004, -7.043336971999963], [110.50669163100008, -7.043399872999942], [110.50678845600004, -7.043622500999959], [110.50648949900005, -7.044337029999951], [110.50628383300005, -7.044255929999963], [110.50655381400009, -7.043586632999961], [110.50651564900005, -7.043471784999952]]]]}}, {"type": "Feature", "properties": {"idsubsls": "3321010008026300", "idsls": "33210100080263", "nmsls": "RT 22 RW 30", "nmdesa": "BATURSARI", "nmkec": "MRANGGEN", "kdkec": "010", "kd_kec_bps": "3321010", "kdsubsls": "00", "subsls": null}, "geometry": {"type": "MultiPolygon", "coordinates": [[[[110.49321546800007, -7.049157224999931], [110.49310107200006, -7.049071891999972], [110.49310173200007, -7.049070376999964], [110.49310644700006, -7.049059559999932], [110.49302089600008, -7.049007617999962], [110.49302083200007, -7.049007578999976], [110.49307980700007, -7.048952816999929], [110.49317248200003, -7.048809590999952], [110.49325721300005, -7.04866918099998], [110.49333522200004, -7.048393487999931], [110.49332623900006, -7.048337789999948], [110.49330938900005, -7.048285133999968], [110.49330096400007, -7.048272495999981], [110.49323486500003, -7.048215126999935], [110.49281968200006, -7.048062209999955], [110.49234163000006, -7.047950140999944], [110.49261098000005, -7.047343785999942], [110.49303580800006, -7.047515706999945], [110.49307599600007, -7.047421929999928], [110.49313481800004, -7.047408693999955], [110.49317912300006, -7.047381003999931], [110.49401509900008, -7.04776970599994], [110.49390970900004, -7.047950373999981], [110.49401468300005, -7.047998831999962], [110.49401325500008, -7.048002057999952], [110.49396599900007, -7.048108820999971], [110.49388801500004, -7.048253068999941], [110.49388292500004, -7.048269178999931], [110.49385962200006, -7.048342929999933], [110.49380327000006, -7.048521278999942], [110.49373294900005, -7.048636676999934], [110.49344941300006, -7.048991435999937], [110.49332860500004, -7.049088352999945], [110.49322189500003, -7.049161996999942], [110.49321546800007, -7.049157224999931]]]]}}, {"type": "Feature", "properties": {"idsubsls": "3321010008003000", "idsls": "33210100080030", "nmsls": "RT 06 RW 03", "nmdesa": "BATURSARI", "nmkec": "MRANGGEN", "kdkec": "010", "kd_kec_bps": "3321010", "kdsubsls": "00", "subsls": null}, "geometry": {"type": "MultiPolygon", "coordinates": [[[[110.50144016200005, -7.033433054999932], [110.50195377700004, -7.033727064999937], [110.50141424300006, -7.034549592999952], [110.50210763800004, -7.034771157999955], [110.50227712900005, -7.034818038999958], [110.50233761700008, -7.034836021999979], [110.50227011100009, -7.035055414999931], [110.50243085700004, -7.035149100999945], [110.50220355600004, -7.035412409999935], [110.50199476700004, -7.035626354999977], [110.50189939400008, -7.035752658999968], [110.50182464200009, -7.035868652999966], [110.50168287200006, -7.03608259799995], [110.50174578400004, -7.036163334999969], [110.50172899900008, -7.036176074999958], [110.50173350700004, -7.036180311999942], [110.50153149300007, -7.036237017999952], [110.50128852800009, -7.036578749999933], [110.50077960200008, -7.036421383999937], [110.50077711000006, -7.036425773999952], [110.50074804800005, -7.036321762999933], [110.50068168300004, -7.03631070199998], [110.50068989800008, -7.036169401999928], [110.50072415700004, -7.035965651999959], [110.50075661300008, -7.035752886999944], [110.50075661300008, -7.035662731999935], [110.50057991000006, -7.035743871999955], [110.50045008700005, -7.035749280999937], [110.50041657100007, -7.035723727999937], [110.50030513500008, -7.035870200999966], [110.50028311800008, -7.035907577999978], [110.50008209700007, -7.035816595999961], [110.50006061800008, -7.035879103999946], [110.49970360500004, -7.035698793999927], [110.49935741100006, -7.03560142699996], [110.49929744800005, -7.035570621999966], [110.49950995200004, -7.034733015999961], [110.49832192700006, -7.034413558999972], [110.49890171300007, -7.033749378999971], [110.49899464400005, -7.033814901999961], [110.49899012700007, -7.033818427999961], [110.49910620300005, -7.033880334999935], [110.49919332900004, -7.033926801999939], [110.50049697500003, -7.034285060999935], [110.50091065200007, -7.033179344999951], [110.50144016200005, -7.033433054999932]]]]}}, {"type": "Feature", "properties": {"idsubsls": "3321010008002500", "idsls": "33210100080025", "nmsls": "RT 01 RW 03", "nmdesa": "BATURSARI", "nmkec": "MRANGGEN", "kdkec": "010", "kd_kec_bps": "3321010", "kdsubsls": "00", "subsls": null}, "geometry": {"type": "MultiPolygon", "coordinates": [[[[110.50173350700004, -7.036180311999942], [110.50172899900008, -7.036176074999958], [110.50174578400004, -7.036163334999969], [110.50168287200006, -7.03608259799995], [110.50182464200009, -7.035868652999966], [110.50189939400008, -7.035752658999968], [110.50199476700004, -7.035626354999977], [110.50220355600004, -7.035412409999935], [110.50243085700004, -7.035149100999945], [110.50254798800006, -7.035217367999962], [110.50253987900004, -7.035278632999962], [110.50411989200006, -7.035892682999929], [110.50426801000003, -7.035946740999975], [110.50406529200006, -7.037237735999952], [110.50407846000007, -7.037241938999955], [110.50405988300008, -7.037245849999977], [110.50397135300005, -7.037232041999971], [110.50327373400006, -7.037123238999925], [110.50298346800008, -7.037037630999976], [110.50251232600004, -7.036898676999954], [110.50249119000006, -7.036892442999942], [110.50173350700004, -7.036180311999942]]]]}}, {"type": "Feature", "properties": {"idsubsls": "3321010008025100", "idsls": "33210100080251", "nmsls": "RT 10 RW 30", "nmdesa": "BATURSARI", "nmkec": "MRANGGEN", "kdkec": "010", "kd_kec_bps": "3321010", "kdsubsls": "00", "subsls": null}, "geometry": {"type": "MultiPolygon", "coordinates": [[[[110.49121955400005, -7.045506828999976], [110.49134441200005, -7.045269598999937], [110.49147984400008, -7.045350857999949], [110.49210308800008, -7.045736579999925], [110.49212646400008, -7.045751046999953], [110.49215384500008, -7.045776321999938], [110.49208012600008, -7.045892165999931], [110.49198745100006, -7.045816340999977], [110.49191790600008, -7.045902356999932], [110.49160832500007, -7.045706288999952], [110.491364, -7.045577806999972], [110.49121955400005, -7.045506828999976]]]]}}, {"type": "Feature", "properties": {"idsubsls": "3321010008022700", "idsls": "33210100080227", "nmsls": "RT 16 RW 27", "nmdesa": "BATURSARI", "nmkec": "MRANGGEN", "kdkec": "010", "kd_kec_bps": "3321010", "kdsubsls": "00", "subsls": null}, "geometry": {"type": "MultiPolygon", "coordinates": [[[[110.49687381900009, -7.029498514999943], [110.49678276500003, -7.029757964999931], [110.49678273100005, -7.029758060999939], [110.49666627600004, -7.029716123999947], [110.49666638400004, -7.029715333999945], [110.49568454600006, -7.029355671999951], [110.49568665000004, -7.029349439999976], [110.49577611600006, -7.029084698999952], [110.49687381900009, -7.029498514999943]]]]}}, {"type": "Feature", "properties": {"idsubsls": "3321010008037200", "idsls": "33210100080372", "nmsls": "RT 09 RW 11", "nmdesa": "BATURSARI", "nmkec": "MRANGGEN", "kdkec": "010", "kd_kec_bps": "3321010", "kdsubsls": "00", "subsls": null}, "geometry": {"type": "MultiPolygon", "coordinates": [[[[110.48501852100009, -7.041247434999946], [110.48443471800005, -7.042817201999981], [110.48428723000006, -7.042727099999979], [110.48417783000008, -7.042660259999934], [110.48368530000005, -7.042436239999972], [110.48343378900006, -7.042321837999964], [110.48338733700007, -7.042144094999969], [110.48337859300005, -7.042110630999957], [110.48346502000004, -7.041976739999939], [110.48362340000006, -7.041731409999954], [110.48380694000008, -7.041380089999961], [110.48401274000008, -7.04098616999994], [110.48409862800008, -7.040821760999961], [110.48501852100009, -7.041247434999946]]]]}}, {"type": "Feature", "properties": {"idsubsls": "3321010008002800", "idsls": "33210100080028", "nmsls": "RT 04 RW 03", "nmdesa": "BATURSARI", "nmkec": "MRANGGEN", "kdkec": "010", "kd_kec_bps": "3321010", "kdsubsls": "00", "subsls": null}, "geometry": {"type": "MultiPolygon", "coordinates": [[[[110.50473790900008, -7.035203209999963], [110.50459106800008, -7.035938883999961], [110.50456050600008, -7.036053490999961], [110.50426801000003, -7.035946740999975], [110.50411989200006, -7.035892682999929], [110.50253987900004, -7.035278632999962], [110.50254798800006, -7.035217367999962], [110.50243085700004, -7.035149100999945], [110.50227011100009, -7.035055414999931], [110.50233761700008, -7.034836021999979], [110.50241055800007, -7.034857706999958], [110.50266594700008, -7.03444488699995], [110.50266569600007, -7.034444797999981], [110.50278109400006, -7.034195970999974], [110.50282424800008, -7.034098286999949], [110.50305947700008, -7.03426873799998], [110.50297201600006, -7.034430972999928], [110.50304870000008, -7.03446641499994], [110.50312474100008, -7.034497990999967], [110.50309340200005, -7.034596095999973], [110.50319580600006, -7.034632319999957], [110.50384090100005, -7.034842824999942], [110.50402562700003, -7.034543744999951], [110.50429112400008, -7.034716446999937], [110.50413266500004, -7.034957908999957], [110.50473790900008, -7.035203209999963]]]]}}, {"type": "Feature", "properties": {"idsubsls": "3321010008002600", "idsls": "33210100080026", "nmsls": "RT 02 RW 03", "nmdesa": "BATURSARI", "nmkec": "MRANGGEN", "kdkec": "010", "kd_kec_bps": "3321010", "kdsubsls": "00", "subsls": null}, "geometry": {"type": "MultiPolygon", "coordinates": [[[[110.50819086900009, -7.037211468999942], [110.50805485100005, -7.037632600999927], [110.50792580800004, -7.037911611999959], [110.50776339200007, -7.038326912999935], [110.50732942200005, -7.038154002999931], [110.50722479300003, -7.038345822999929], [110.50720046800006, -7.038392262999935], [110.50461186300004, -7.037725155999965], [110.50438172500009, -7.037665846999971], [110.50436821200009, -7.03766236499996], [110.50446918600005, -7.03736665699995], [110.50407846000007, -7.037241938999955], [110.50406529200006, -7.037237735999952], [110.50426801000003, -7.035946740999975], [110.50456050600008, -7.036053490999961], [110.50455301700003, -7.036081572999933], [110.50474961000003, -7.03621157699996], [110.50532591600006, -7.036379849999946], [110.50538159300004, -7.03639276499996], [110.50542883200006, -7.036272698999937], [110.50569304000004, -7.036343583999951], [110.50577036900006, -7.036377092999942], [110.50581032300005, -7.036389980999957], [110.50588378600008, -7.036409313999968], [110.50591729500007, -7.036435089999941], [110.50592470600009, -7.036528658999941], [110.50652052900006, -7.036680862999958], [110.50737982800007, -7.036925017999977], [110.50771593800005, -7.036985263999952], [110.50817376500004, -7.037124990999928], [110.50830413100005, -7.03710575599996], [110.50830916300004, -7.037097369999969], [110.50831413300006, -7.037098266999976], [110.50819086900009, -7.037211468999942]], [[110.50708728000006, -7.038022983999952], [110.50728201400005, -7.037521722999941], [110.50707241400005, -7.037471040999947], [110.50643816500008, -7.037256667999941], [110.50642677300004, -7.03727220299993], [110.50625989900004, -7.037765098999955], [110.50708728000006, -7.038022983999952]]]]}}, {"type": "Feature", "properties": {"idsubsls": "3321010008004000", "idsls": "33210100080040", "nmsls": "RT 04 RW 05", "nmdesa": "BATURSARI", "nmkec": "MRANGGEN", "kdkec": "010", "kd_kec_bps": "3321010", "kdsubsls": "00", "subsls": null}, "geometry": {"type": "MultiPolygon", "coordinates": [[[[110.50973531900007, -7.028440503999946], [110.50973162200006, -7.028464394999958], [110.50967778200004, -7.028812306999953], [110.50943045800005, -7.02873518499996], [110.50919966200007, -7.028626998999925], [110.50846399900007, -7.028259167999977], [110.50786176500009, -7.027941822999935], [110.50762015000004, -7.027826424999944], [110.50741383100006, -7.027696284999934], [110.50783174600008, -7.027314378999961], [110.50801045000009, -7.027502742999957], [110.50823471700005, -7.027607214999932], [110.50840883800004, -7.027694971999949], [110.50863589100004, -7.027772977999973], [110.50888244600009, -7.027869092999936], [110.50925854700006, -7.02800978199997], [110.50928013800007, -7.02800978199997], [110.50936371600005, -7.027839840999945], [110.50937764600008, -7.027828696999961], [110.50980938800006, -7.027956199999949], [110.50979322200004, -7.028064204999964], [110.50978350000008, -7.028129159999935], [110.50973531900007, -7.028440503999946]]]]}}, {"type": "Feature", "properties": {"idsubsls": "3321010008004100", "idsls": "33210100080041", "nmsls": "RT 05 RW 05", "nmdesa": "BATURSARI", "nmkec": "MRANGGEN", "kdkec": "010", "kd_kec_bps": "3321010", "kdsubsls": "00", "subsls": null}, "geometry": {"type": "MultiPolygon", "coordinates": [[[[110.50987327100006, -7.027417536999963], [110.50989926300008, -7.027434814999935], [110.50989636300005, -7.027443620999975], [110.50989656800004, -7.027443763999941], [110.50986329700004, -7.027586352999947], [110.50986458800008, -7.027587385999936], [110.50985513500007, -7.027650542999936], [110.50982403000006, -7.027858369999933], [110.50982178000004, -7.02787340499998], [110.50980938800006, -7.027956199999949], [110.50937764600008, -7.027828696999961], [110.50936371600005, -7.027839840999945], [110.50928013800007, -7.02800978199997], [110.50925854700006, -7.02800978199997], [110.50888244600009, -7.027869092999936], [110.50863589100004, -7.027772977999973], [110.50840883800004, -7.027694971999949], [110.50823471700005, -7.027607214999932], [110.50801045000009, -7.027502742999957], [110.50783174600008, -7.027314378999961], [110.50787261500005, -7.027277030999926], [110.50792211300006, -7.027231797999946], [110.50838731100004, -7.026784629999952], [110.50842212800006, -7.026712661999966], [110.50843005100006, -7.026716045999933], [110.50847046100006, -7.026667778999979], [110.50906420500007, -7.026982060999956], [110.50982119300005, -7.027382752999927], [110.50982111300004, -7.027382864999936], [110.50987273900006, -7.027417182999955], [110.50987327100006, -7.027417536999963]]]]}}, {"type": "Feature", "properties": {"idsubsls": "3321010008000200", "idsls": "33210100080002", "nmsls": "RT 02 RW 01", "nmdesa": "BATURSARI", "nmkec": "MRANGGEN", "kdkec": "010", "kd_kec_bps": "3321010", "kdsubsls": "00", "subsls": null}, "geometry": {"type": "MultiPolygon", "coordinates": [[[[110.49932255700008, -7.038494597999943], [110.49949138400007, -7.03809036399997], [110.50012041800005, -7.038316936999934], [110.50036074500008, -7.038372396999932], [110.50049939500008, -7.038335423999968], [110.50119819100007, -7.038475922999964], [110.50120353300008, -7.038475210999934], [110.50120120800005, -7.038482276999957], [110.50145842200004, -7.038663633999931], [110.50157002600008, -7.038693278999972], [110.50161469600005, -7.038712229999931], [110.50135347800006, -7.039202261999947], [110.50061355000008, -7.039025901999935], [110.50028079000003, -7.038929770999971], [110.50010239300008, -7.038866915999961], [110.49977333000004, -7.038781877999952], [110.49938880700006, -7.038700535999965], [110.49933808900005, -7.038685099999952], [110.49940235600008, -7.038546001999975], [110.49931919400007, -7.038502650999931], [110.49932255700008, -7.038494597999943]]]]}}, {"type": "Feature", "properties": {"idsubsls": "3321010008027800", "idsls": "33210100080278", "nmsls": "RT 04 RW 32", "nmdesa": "BATURSARI", "nmkec": "MRANGGEN", "kdkec": "010", "kd_kec_bps": "3321010", "kdsubsls": "00", "subsls": null}, "geometry": {"type": "MultiPolygon", "coordinates": [[[[110.51274553500008, -7.033113144999959], [110.51274588000007, -7.03311494999997], [110.51273340000006, -7.03311494999997], [110.51278718000009, -7.033259179999959], [110.51284913000006, -7.033425319999935], [110.51304376000007, -7.033819849999929], [110.51306676900003, -7.034243246999949], [110.51307013000007, -7.034306889999925], [110.51317037000007, -7.034668006999937], [110.51195070700004, -7.034639308999942], [110.51194245600004, -7.03437198599994], [110.51146795800008, -7.034323656999959], [110.51157440600008, -7.033586351999929], [110.51157444200004, -7.033585744999925], [110.51160658400005, -7.033040564999965], [110.51274553500008, -7.033113144999959]]]]}}, {"type": "Feature", "properties": {"idsubsls": "3321010008003700", "idsls": "33210100080037", "nmsls": "RT 01 RW 05", "nmdesa": "BATURSARI", "nmkec": "MRANGGEN", "kdkec": "010", "kd_kec_bps": "3321010", "kdsubsls": "00", "subsls": null}, "geometry": {"type": "MultiPolygon", "coordinates": [[[[110.50741383100006, -7.027696284999934], [110.50723152700004, -7.027862880999976], [110.50722935200008, -7.027861792999943], [110.50714137200004, -7.027817803999937], [110.50613524500005, -7.027401288999954], [110.50595600800006, -7.02730741299996], [110.50596231600008, -7.027183617999981], [110.50596924800004, -7.027047574999926], [110.50600234800004, -7.026986338999961], [110.50615130000006, -7.027011164999976], [110.50630190700008, -7.026638784999932], [110.50643430900004, -7.026387221999926], [110.50664535500005, -7.026499779999938], [110.50688316400004, -7.026041464999935], [110.50690781400004, -7.025976417999971], [110.50806007700004, -7.026450552999961], [110.50843161500006, -7.026647216999947], [110.50847046100006, -7.026667778999979], [110.50843005100006, -7.026716045999933], [110.50842212800006, -7.026712661999966], [110.50838731100004, -7.026784629999952], [110.50792211300006, -7.027231797999946], [110.50787261500005, -7.027277030999926], [110.50783174600008, -7.027314378999961], [110.50741383100006, -7.027696284999934]]]]}}, {"type": "Feature", "properties": {"idsubsls": "3321010009003300", "idsls": "33210100090033", "nmsls": "RT 11 RW 04", "nmdesa": "BANDUNGREJO", "nmkec": "MRANGGEN", "kdkec": "010", "kd_kec_bps": "3321010", "kdsubsls": "00", "subsls": null}, "geometry": {"type": "MultiPolygon", "coordinates": [[[[110.50948636700008, -7.020728578999979], [110.50974000700006, -7.01992172599995], [110.50947973800004, -7.019835882999928], [110.50923566300008, -7.019755380999925], [110.50916349000005, -7.01973157599997], [110.50920695400004, -7.01959575199993], [110.50921507400005, -7.019570375999933], [110.51014877200004, -7.01991953199996], [110.51013527500004, -7.019946821999952], [110.50993032100007, -7.020507307999935], [110.50977559700004, -7.020495145999973], [110.50966207200008, -7.020788420999963], [110.50948636700008, -7.020728578999979]]]]}}, {"type": "Feature", "properties": {"idsubsls": "3321010009003200", "idsls": "33210100090032", "nmsls": "RT 10 RW 04", "nmdesa": "BANDUNGREJO", "nmkec": "MRANGGEN", "kdkec": "010", "kd_kec_bps": "3321010", "kdsubsls": "00", "subsls": null}, "geometry": {"type": "MultiPolygon", "coordinates": [[[[110.50947973800004, -7.019835882999928], [110.50974000700006, -7.01992172599995], [110.50948636700008, -7.020728578999979], [110.50922248600006, -7.020636220999961], [110.50947973800004, -7.019835882999928]]]]}}, {"type": "Feature", "properties": {"idsubsls": "3321010009003400", "idsls": "33210100090034", "nmsls": "RT 12 RW 04", "nmdesa": "BANDUNGREJO", "nmkec": "MRANGGEN", "kdkec": "010", "kd_kec_bps": "3321010", "kdsubsls": "00", "subsls": null}, "geometry": {"type": "MultiPolygon", "coordinates": [[[[110.50794313900008, -7.020486896999955], [110.50817974900008, -7.020618816999956], [110.50840847000006, -7.02074633899997], [110.50863944300005, -7.020875117999935], [110.50885122800008, -7.020993196999939], [110.50894178200008, -7.021043684999938], [110.50898502400008, -7.021067793999975], [110.50888134800005, -7.021352006999962], [110.50826363700008, -7.021005030999959], [110.50719017500006, -7.020402053999931], [110.50722984100008, -7.020341388999952], [110.50734800700008, -7.020160663999945], [110.50734934700006, -7.020155938999949], [110.50734957600008, -7.020155958999965], [110.50747220100004, -7.020224327999927], [110.50762481300006, -7.020309415999975], [110.50770310100006, -7.020353064999938], [110.50794313900008, -7.020486896999955]]]]}}, {"type": "Feature", "properties": {"idsubsls": "3321010009003000", "idsls": "33210100090030", "nmsls": "RT 08 RW 04", "nmdesa": "BANDUNGREJO", "nmkec": "MRANGGEN", "kdkec": "010", "kd_kec_bps": "3321010", "kdsubsls": "00", "subsls": null}, "geometry": {"type": "MultiPolygon", "coordinates": [[[[110.50916349000005, -7.01973157599997], [110.50923566300008, -7.019755380999925], [110.50898583900005, -7.020559772999945], [110.50885122800008, -7.020993196999939], [110.50863944300005, -7.020875117999935], [110.50885712800005, -7.020072544999948], [110.50897297700004, -7.019652767999958], [110.50916349000005, -7.01973157599997]]]]}}, {"type": "Feature", "properties": {"idsubsls": "3321010009003100", "idsls": "33210100090031", "nmsls": "RT 09 RW 04", "nmdesa": "BANDUNGREJO", "nmkec": "MRANGGEN", "kdkec": "010", "kd_kec_bps": "3321010", "kdsubsls": "00", "subsls": null}, "geometry": {"type": "MultiPolygon", "coordinates": [[[[110.50923566300008, -7.019755380999925], [110.50947973800004, -7.019835882999928], [110.50922248600006, -7.020636220999961], [110.50907912500008, -7.020593665999968], [110.50901221100008, -7.020570048999957], [110.50898583900005, -7.020559772999945], [110.50923566300008, -7.019755380999925]]]]}}, {"type": "Feature", "properties": {"idsubsls": "3321010009005900", "idsls": "33210100090059", "nmsls": "RT 012 RW 005", "nmdesa": "BANDUNGREJO", "nmkec": "MRANGGEN", "kdkec": "010", "kd_kec_bps": "3321010", "kdsubsls": "00", "subsls": null}, "geometry": {"type": "MultiPolygon", "coordinates": [[[[110.50735275900007, -7.018359200999953], [110.50752756100007, -7.017748482999934], [110.50806002100006, -7.017913577999934], [110.50787295000003, -7.018510101999937], [110.50770634800006, -7.018463463999979], [110.50735275900007, -7.018359200999953]]]]}}, {"type": "Feature", "properties": {"idsubsls": "3321010007000105", "idsls": "33210100070001", "nmsls": "RT 001 RW 001", "nmdesa": "MRANGGEN", "nmkec": "MRANGGEN", "kdkec": "010", "kd_kec_bps": "3321010", "kdsubsls": "05", "subsls": null}, "geometry": {"type": "MultiPolygon", "coordinates": [[[[110.51164354000008, -7.024449751999953], [110.51153468500007, -7.024796294999931], [110.51098368700008, -7.024631753999927], [110.51124400500004, -7.024334736999947], [110.51164354000008, -7.024449751999953]]]]}}, {"type": "Feature", "properties": {"idsubsls": "3321010009003600", "idsls": "33210100090036", "nmsls": "RT 01 RW 05", "nmdesa": "BANDUNGREJO", "nmkec": "MRANGGEN", "kdkec": "010", "kd_kec_bps": "3321010", "kdsubsls": "00", "subsls": null}, "geometry": {"type": "MultiPolygon", "coordinates": [[[[110.50879705700004, -7.019485905999943], [110.50866268400006, -7.019439907999981], [110.50845869300008, -7.019370076999962], [110.50836049100008, -7.019336459999977], [110.50818723700007, -7.019277150999926], [110.50806387300008, -7.019234920999963], [110.50794357800004, -7.019193740999981], [110.50792883100007, -7.019188692999933], [110.50792810000007, -7.019188701999951], [110.50785865800009, -7.019176477999963], [110.50785862600009, -7.01917657599995], [110.50768016700005, -7.019116129999929], [110.50783538500008, -7.018622794999942], [110.50815068400004, -7.018717842999934], [110.50843505200004, -7.018805799999939], [110.50872959900005, -7.018896905999952], [110.50875439300006, -7.018762933999938], [110.50875547200008, -7.018760946999976], [110.50895951300004, -7.018826051999952], [110.50900048300008, -7.018836736999958], [110.50879705700004, -7.019485905999943]]]]}}, {"type": "Feature", "properties": {"idsubsls": "3321010009004100", "idsls": "33210100090041", "nmsls": "RT 06 RW 05", "nmdesa": "BANDUNGREJO", "nmkec": "MRANGGEN", "kdkec": "010", "kd_kec_bps": "3321010", "kdsubsls": "00", "subsls": null}, "geometry": {"type": "MultiPolygon", "coordinates": [[[[110.50929643300009, -7.017820354999969], [110.50969845700007, -7.01797940299997], [110.51087344700005, -7.018446104999953], [110.51072504000007, -7.018792387999952], [110.51051590400004, -7.019177198999955], [110.51014877200004, -7.01991953199996], [110.50921507400005, -7.019570375999933], [110.50920695400004, -7.01959575199993], [110.50916349000005, -7.01973157599997], [110.50897297700004, -7.019652767999958], [110.50885712800005, -7.020072544999948], [110.50874329300007, -7.020041646999971], [110.50867131900009, -7.020022110999946], [110.50863458300006, -7.020012903999941], [110.50879680100007, -7.019486721999954], [110.50879705700004, -7.019485905999943], [110.50900048300008, -7.018836736999958], [110.50895951300004, -7.018826051999952], [110.50929643300009, -7.017820354999969]]]]}}, {"type": "Feature", "properties": {"idsubsls": "3321010009003500", "idsls": "33210100090035", "nmsls": "RT 13 RW 04", "nmdesa": "BANDUNGREJO", "nmkec": "MRANGGEN", "kdkec": "010", "kd_kec_bps": "3321010", "kdsubsls": "00", "subsls": null}, "geometry": {"type": "MultiPolygon", "coordinates": [[[[110.50719017500006, -7.020402053999931], [110.50826363700008, -7.021005030999959], [110.50777747900008, -7.021807929999966], [110.50815663300006, -7.022056748999944], [110.50776109200007, -7.022602706999976], [110.50741677000008, -7.02240364599993], [110.50741245400008, -7.022410772999933], [110.50629622000008, -7.021870658999944], [110.50644872000004, -7.021612071999925], [110.50683500300005, -7.020954568999969], [110.50684189600008, -7.020942834999971], [110.50718488100006, -7.020399079999947], [110.50719017500006, -7.020402053999931]]]]}}, {"type": "Feature", "properties": {"idsubsls": "3321010009003700", "idsls": "33210100090037", "nmsls": "RT 02 RW 05", "nmdesa": "BANDUNGREJO", "nmkec": "MRANGGEN", "kdkec": "010", "kd_kec_bps": "3321010", "kdsubsls": "00", "subsls": null}, "geometry": {"type": "MultiPolygon", "coordinates": [[[[110.50819919400004, -7.017476676999934], [110.50844973500006, -7.01755611699997], [110.50853367700006, -7.017582732999927], [110.50852771400008, -7.017594061999944], [110.50844841300005, -7.017854622999948], [110.50835353400004, -7.01815341899993], [110.50826007200004, -7.018436637999969], [110.50819918000008, -7.018585327999972], [110.50819498000004, -7.018593727999928], [110.50815068400004, -7.018717842999934], [110.50783538500008, -7.018622794999942], [110.50787295000003, -7.018510101999937], [110.50806002100006, -7.017913577999934], [110.50817618800005, -7.017542273999936], [110.50819919400004, -7.017476676999934]]]]}}, {"type": "Feature", "properties": {"idsubsls": "3321010009003800", "idsls": "33210100090038", "nmsls": "RT 03 RW 05", "nmdesa": "BANDUNGREJO", "nmkec": "MRANGGEN", "kdkec": "010", "kd_kec_bps": "3321010", "kdsubsls": "00", "subsls": null}, "geometry": {"type": "MultiPolygon", "coordinates": [[[[110.50853367700006, -7.017582732999927], [110.50867505500008, -7.017627559999937], [110.50879392300004, -7.017665249999936], [110.50878686000004, -7.017677610999954], [110.50866224300006, -7.01803446699995], [110.50855603600007, -7.018385658999932], [110.50849089600007, -7.018603736999978], [110.50847248600007, -7.018667461999939], [110.50846927500004, -7.018676693999964], [110.50843505200004, -7.018805799999939], [110.50815068400004, -7.018717842999934], [110.50819498000004, -7.018593727999928], [110.50819918000008, -7.018585327999972], [110.50826007200004, -7.018436637999969], [110.50835353400004, -7.01815341899993], [110.50844841300005, -7.017854622999948], [110.50852771400008, -7.017594061999944], [110.50853367700006, -7.017582732999927]]]]}}, {"type": "Feature", "properties": {"idsubsls": "3321010009004000", "idsls": "33210100090040", "nmsls": "RT 05 RW 05", "nmdesa": "BANDUNGREJO", "nmkec": "MRANGGEN", "kdkec": "010", "kd_kec_bps": "3321010", "kdsubsls": "00", "subsls": null}, "geometry": {"type": "MultiPolygon", "coordinates": [[[[110.50922125200009, -7.017800743999942], [110.50922239400006, -7.017802125999935], [110.50929643300009, -7.017820354999969], [110.50895951300004, -7.018826051999952], [110.50875547200008, -7.018760946999976], [110.50884385700004, -7.018404775999954], [110.50894440000008, -7.018104563999941], [110.50901945300006, -7.017885068999931], [110.50904635900008, -7.017768948999958], [110.50904635900008, -7.017745289999937], [110.50922125200009, -7.017800743999942]]]]}}, {"type": "Feature", "properties": {"idsubsls": "3321010009003900", "idsls": "33210100090039", "nmsls": "RT 04 RW 05", "nmdesa": "BANDUNGREJO", "nmkec": "MRANGGEN", "kdkec": "010", "kd_kec_bps": "3321010", "kdsubsls": "00", "subsls": null}, "geometry": {"type": "MultiPolygon", "coordinates": [[[[110.50879392300004, -7.017665249999936], [110.50894059800004, -7.017711755999926], [110.50904635900008, -7.017745289999937], [110.50904635900008, -7.017768948999958], [110.50901945300006, -7.017885068999931], [110.50894440000008, -7.018104563999941], [110.50884385700004, -7.018404775999954], [110.50875547200008, -7.018760946999976], [110.50875439300006, -7.018762933999938], [110.50872959900005, -7.018896905999952], [110.50843505200004, -7.018805799999939], [110.50846927500004, -7.018676693999964], [110.50847248600007, -7.018667461999939], [110.50849089600007, -7.018603736999978], [110.50855603600007, -7.018385658999932], [110.50866224300006, -7.01803446699995], [110.50878686000004, -7.017677610999954], [110.50879392300004, -7.017665249999936]]]]}}, {"type": "Feature", "properties": {"idsubsls": "3321010009006300", "idsls": "33210100090063", "nmsls": "RT 13 RW 05", "nmdesa": "BANDUNGREJO", "nmkec": "MRANGGEN", "kdkec": "010", "kd_kec_bps": "3321010", "kdsubsls": "00", "subsls": null}, "geometry": {"type": "MultiPolygon", "coordinates": [[[[110.50832991100003, -7.016879235999966], [110.50829239200004, -7.016866626999956], [110.50854403100004, -7.016128647999949], [110.50904866900004, -7.016287609999949], [110.50878616100005, -7.017032565999955], [110.50832991100003, -7.016879235999966]]]]}}, {"type": "Feature", "properties": {"idsubsls": "3321010009006500", "idsls": "33210100090065", "nmsls": "RT 02 RW 08", "nmdesa": "BANDUNGREJO", "nmkec": "MRANGGEN", "kdkec": "010", "kd_kec_bps": "3321010", "kdsubsls": "00", "subsls": null}, "geometry": {"type": "MultiPolygon", "coordinates": [[[[110.51210170100006, -7.015740158999961], [110.51212350500003, -7.015690337999956], [110.51225451400006, -7.015395892999948], [110.51237401000009, -7.015443402999949], [110.51233881800005, -7.015531383999928], [110.51305315500008, -7.015785095999945], [110.51296328900008, -7.016008145999933], [110.51224078300004, -7.015737507999972], [110.51222318700007, -7.015790296999967], [110.51210170100006, -7.015740158999961]]]]}}, {"type": "Feature", "properties": {"idsubsls": "3321010011100200", "idsls": "33210100111002", "nmsls": "SAWAH NGLUMUT DORO", "nmdesa": "NGEMPLAK", "nmkec": "MRANGGEN", "kdkec": "010", "kd_kec_bps": "3321010", "kdsubsls": "00", "subsls": null}, "geometry": {"type": "MultiPolygon", "coordinates": [[[[110.52840621500008, -7.020314643999939], [110.52838020300004, -7.020370670999966], [110.52836364400008, -7.020367589999978], [110.52822120000008, -7.020474423999929], [110.52815732300007, -7.020525524999925], [110.52768919500005, -7.021116393999932], [110.52768799900008, -7.021117903999937], [110.52766439200008, -7.021156534999932], [110.52765453400008, -7.021170335999955], [110.52762596500008, -7.021162223999966], [110.52746957200009, -7.021117815999958], [110.52699237700006, -7.020956112999954], [110.52700752600003, -7.020949379999934], [110.52711734700006, -7.020561345999965], [110.52725759100008, -7.020065818999967], [110.52654073900004, -7.019765740999958], [110.52597392600006, -7.019599031999974], [110.52594380500005, -7.019599031999974], [110.52599311700004, -7.019569443999956], [110.52177913400004, -7.017964116999963], [110.52140653100008, -7.017822172999956], [110.52133914500007, -7.017847442999937], [110.52104198100005, -7.017555585999958], [110.52099167400007, -7.017261485999938], [110.52098941500009, -7.017248276999965], [110.52104519300008, -7.017150886999957], [110.52121863500008, -7.016765458999942], [110.52118302400004, -7.016744769999946], [110.52187672300005, -7.015278224999975], [110.52191263400005, -7.015202304999946], [110.52261852200007, -7.01463657499994], [110.52265419900004, -7.014623833999963], [110.52266203900007, -7.014612072999967], [110.52297401500005, -7.01428044599993], [110.52321730900007, -7.013828948999958], [110.52323904200006, -7.013788617999978], [110.52345883500004, -7.012708123999971], [110.52375083600003, -7.012285229999975], [110.52410184700005, -7.012439558999972], [110.52482159400006, -7.011316527999952], [110.52469940500004, -7.011235068999952], [110.52472662700006, -7.011180197999977], [110.52436768400008, -7.010952336999935], [110.52409840400009, -7.011049844999945], [110.52414058100004, -7.010767921999957], [110.52421059300008, -7.010299949999933], [110.52445903300008, -7.009987501999944], [110.52479044700004, -7.009570700999973], [110.52474607100004, -7.00955430099998], [110.52475850000008, -7.009541871999943], [110.52477282800004, -7.00952754399998], [110.52501354800006, -7.00930813399998], [110.52520125800004, -7.009104781999952], [110.52531931300007, -7.008658220999962], [110.52532040200003, -7.008654102999969], [110.52535532000007, -7.008645727999976], [110.526011, -7.008488460999956], [110.52616579700003, -7.008231191999926], [110.52621617000005, -7.00819716999996], [110.52634353700006, -7.00811115099998], [110.52651613400008, -7.007949043999929], [110.52713529700009, -7.008213749999925], [110.52718190200005, -7.008232907999968], [110.52771015300004, -7.008450054999969], [110.52795819000005, -7.008572502999925], [110.52800250200005, -7.008594378999931], [110.52803136400007, -7.008608626999944], [110.52814385100004, -7.008654264999961], [110.52823368700007, -7.010185973999967], [110.52824895000003, -7.010291051999957], [110.52823502100006, -7.010479091999969], [110.52902023300004, -7.010774241999968], [110.52902204000009, -7.010774329999947], [110.52902269500004, -7.01077451499998], [110.52910824000008, -7.010798613999953], [110.52928149200005, -7.010842068999978], [110.52928165900005, -7.010851602999935], [110.52928206000007, -7.010874446999935], [110.52928305100005, -7.010876834999976], [110.52928280700007, -7.010885860999963], [110.52929513000004, -7.011266629999966], [110.53004279700008, -7.011581586999966], [110.53005980000006, -7.01158874999993], [110.53051757700007, -7.011781587999963], [110.53055395600006, -7.011847870999929], [110.53107679300007, -7.012800497999933], [110.53167444700006, -7.013889442999925], [110.53166683200004, -7.013904085999968], [110.53156042300009, -7.013953197999967], [110.53171897000004, -7.013995609999938], [110.53165412900006, -7.014189313999964], [110.53166401200008, -7.014201495999941], [110.53136151100006, -7.014683862999959], [110.53131499800008, -7.01492604799995], [110.53176215600007, -7.015614251999978], [110.53180533500006, -7.015634054999964], [110.53218383300003, -7.01503331899994], [110.53227946300007, -7.014881539999976], [110.53228593600005, -7.014890936999961], [110.53235978500004, -7.014998137999953], [110.53236182800003, -7.014992165999956], [110.53237318900005, -7.015014887999939], [110.53246388300005, -7.015136324999958], [110.53250724600008, -7.015194387999941], [110.53282762100008, -7.015564749999953], [110.53292305100007, -7.01568290199998], [110.53292325800004, -7.015698612999927], [110.53288138000005, -7.015655804999938], [110.53267467800003, -7.015852779999932], [110.53267660400007, -7.015872211999977], [110.53031923200007, -7.018073947999937], [110.52992212000004, -7.018444841999951], [110.52980689200007, -7.018612446999953], [110.52963405000008, -7.018743386999972], [110.52938788100005, -7.019052406999947], [110.52917837600006, -7.019324763999975], [110.52906314800003, -7.019565694999926], [110.52887459400006, -7.019817100999944], [110.52872270300008, -7.019968991999974], [110.52863890000003, -7.020126120999976], [110.52852367300005, -7.020141833999958], [110.52844510800008, -7.020230873999935], [110.52840621500008, -7.020314643999939]]]]}}, {"type": "Feature", "properties": {"idsubsls": "3321010011002400", "idsls": "33210100110024", "nmsls": "RT 11 RW 02", "nmdesa": "NGEMPLAK", "nmkec": "MRANGGEN", "kdkec": "010", "kd_kec_bps": "3321010", "kdsubsls": "00", "subsls": null}, "geometry": {"type": "MultiPolygon", "coordinates": [[[[110.51896661900008, -7.015457089999927], [110.51884031900005, -7.015383712999949], [110.51875385900007, -7.01533348199996], [110.51875593400007, -7.015303366999945], [110.51877678000005, -7.015000739999948], [110.51884604000008, -7.014897169999927], [110.51920445200005, -7.014265145999957], [110.51941819900009, -7.014351198999975], [110.51956307100005, -7.014433982999947], [110.52060533900004, -7.014897779999956], [110.52107423300004, -7.015101645999948], [110.52171609000004, -7.015226417999941], [110.52173076600008, -7.015237156999945], [110.52175477600008, -7.015242739999962], [110.52175834300004, -7.015236050999931], [110.52176037100008, -7.015232247999961], [110.52178340200004, -7.015248228999951], [110.52187672300005, -7.015278224999975], [110.52118302400004, -7.016744769999946], [110.51896661900008, -7.015457089999927]]]]}}, {"type": "Feature", "properties": {"idsubsls": "3321010011002300", "idsls": "33210100110023", "nmsls": "RT 10 RW 02", "nmdesa": "NGEMPLAK", "nmkec": "MRANGGEN", "kdkec": "010", "kd_kec_bps": "3321010", "kdsubsls": "00", "subsls": null}, "geometry": {"type": "MultiPolygon", "coordinates": [[[[110.51920445200005, -7.014265145999957], [110.51929638000007, -7.014103039999952], [110.51919788600009, -7.013542078999933], [110.51961566000006, -7.013592767999967], [110.51961658600004, -7.01359303299995], [110.51963683300005, -7.01358446699993], [110.51976334700004, -7.013606333999974], [110.51978222800005, -7.01360959699997], [110.52094936400005, -7.01393068699997], [110.52095578400008, -7.013933078999969], [110.52095287700007, -7.013944441999968], [110.52105990700005, -7.013985214999934], [110.52111623400003, -7.013992864999977], [110.52174954100008, -7.014228841999966], [110.52266439200008, -7.014608543999941], [110.52266203900007, -7.014612072999967], [110.52265419900004, -7.014623833999963], [110.52261852200007, -7.01463657499994], [110.52191263400005, -7.015202304999946], [110.52187672300005, -7.015278224999975], [110.52178340200004, -7.015248228999951], [110.52176037100008, -7.015232247999961], [110.52175834300004, -7.015236050999931], [110.52175477600008, -7.015242739999962], [110.52173076600008, -7.015237156999945], [110.52171609000004, -7.015226417999941], [110.52107423300004, -7.015101645999948], [110.52060533900004, -7.014897779999956], [110.51956307100005, -7.014433982999947], [110.51941819900009, -7.014351198999975], [110.51920445200005, -7.014265145999957]]]]}}, {"type": "Feature", "properties": {"idsubsls": "3321010011002100", "idsls": "33210100110021", "nmsls": "RT 08 RW 02", "nmdesa": "NGEMPLAK", "nmkec": "MRANGGEN", "kdkec": "010", "kd_kec_bps": "3321010", "kdsubsls": "00", "subsls": null}, "geometry": {"type": "MultiPolygon", "coordinates": [[[[110.52095578400008, -7.013933078999969], [110.52094936400005, -7.01393068699997], [110.51978222800005, -7.01360959699997], [110.51976334700004, -7.013606333999974], [110.51998412300009, -7.012838874999943], [110.52106423000004, -7.013274248999949], [110.52110465000004, -7.013290540999947], [110.52100918500008, -7.013481471999967], [110.52107778800007, -7.013502909999943], [110.52114962100006, -7.01350339499993], [110.52114832400008, -7.013508919999936], [110.52114400200009, -7.01350612899995], [110.52106500400004, -7.01350612899995], [110.52095578400008, -7.013933078999969]]]]}}, {"type": "Feature", "properties": {"idsubsls": "3321010011001800", "idsls": "33210100110018", "nmsls": "RT 05 RW 02", "nmdesa": "NGEMPLAK", "nmkec": "MRANGGEN", "kdkec": "010", "kd_kec_bps": "3321010", "kdsubsls": "00", "subsls": null}, "geometry": {"type": "MultiPolygon", "coordinates": [[[[110.52106423000004, -7.013274248999949], [110.51998412300009, -7.012838874999943], [110.52001995800003, -7.012714304999975], [110.51999873200003, -7.012708922999934], [110.52042992600008, -7.011876386999973], [110.52055174500003, -7.011470323999959], [110.52055618200006, -7.01146560899997], [110.52056043400006, -7.011461091999934], [110.52077194600008, -7.011485300999936], [110.52198877500007, -7.012072691999947], [110.52198870300003, -7.012072885999942], [110.52199418700008, -7.012074507999955], [110.52199450800003, -7.012074602999974], [110.52198629300005, -7.01210511499994], [110.52197221000006, -7.012100085999975], [110.52195946900008, -7.012118561999955], [110.52194622400003, -7.012130279999951], [110.52194417900006, -7.012131302999933], [110.52194232700003, -7.012130395999975], [110.52183748100003, -7.01222077999995], [110.52183236200005, -7.01221884399996], [110.52150617500007, -7.012932377999959], [110.52150879900006, -7.01293353799997], [110.52147984600003, -7.013012125999978], [110.52140870100004, -7.012978247999968], [110.52127618800006, -7.012896700999931], [110.52122394700007, -7.012965505999944], [110.52119081900008, -7.012990988999945], [110.52118059000009, -7.013013877999981], [110.52109493900008, -7.012924681999948], [110.52094854400008, -7.012860978999981], [110.52090444200007, -7.012981034999939], [110.52100305900007, -7.013027586999954], [110.52111625200007, -7.013157843999977], [110.52106423000004, -7.013274248999949]]]]}}, {"type": "Feature", "properties": {"idsubsls": "3321010011001600", "idsls": "33210100110016", "nmsls": "RT 03 RW 02", "nmdesa": "NGEMPLAK", "nmkec": "MRANGGEN", "kdkec": "010", "kd_kec_bps": "3321010", "kdsubsls": "00", "subsls": null}, "geometry": {"type": "MultiPolygon", "coordinates": [[[[110.52236124200004, -7.011004588999981], [110.52351339700004, -7.011292627999978], [110.52355663700007, -7.011288441999966], [110.52378097600007, -7.011417644999938], [110.52397199000006, -7.010986638999952], [110.52409840400009, -7.011049844999945], [110.52436768400008, -7.010952336999935], [110.52472662700006, -7.011180197999977], [110.52469940500004, -7.011235068999952], [110.52482159400006, -7.011316527999952], [110.52410184700005, -7.012439558999972], [110.52375083600003, -7.012285229999975], [110.52345883500004, -7.012708123999971], [110.52199990500009, -7.012111516999937], [110.52199896800005, -7.012109641999928], [110.52198629300005, -7.01210511499994], [110.52199450800003, -7.012074602999974], [110.52199418700008, -7.012074507999955], [110.52234011700006, -7.011110319999943], [110.52236124200004, -7.011004588999981]]]]}}, {"type": "Feature", "properties": {"idsubsls": "3321010011002000", "idsls": "33210100110020", "nmsls": "RT 07 RW 02", "nmdesa": "NGEMPLAK", "nmkec": "MRANGGEN", "kdkec": "010", "kd_kec_bps": "3321010", "kdsubsls": "00", "subsls": null}, "geometry": {"type": "MultiPolygon", "coordinates": [[[[110.51919788600009, -7.013542078999933], [110.51916680300008, -7.013490274999981], [110.51895130000008, -7.013411729999973], [110.51857119000005, -7.013169509999955], [110.51857149000006, -7.012874619999934], [110.51857154000004, -7.012824029999933], [110.51846429000005, -7.012777976999928], [110.51860928500008, -7.012477026999932], [110.51864026500004, -7.012463860999958], [110.51884719200007, -7.012245139999948], [110.51884248300007, -7.012236730999973], [110.51871746200004, -7.012156929999946], [110.51850998000003, -7.012003978999928], [110.51881056300005, -7.011614284999951], [110.51881710600009, -7.011611667999944], [110.51909496600007, -7.011830353999926], [110.51913653700007, -7.011852871999963], [110.51911422200004, -7.011949568999967], [110.51912174300008, -7.011954940999942], [110.51914514500004, -7.011971655999957], [110.51994532100008, -7.012695382999937], [110.51999873200003, -7.012708922999934], [110.52001995800003, -7.012714304999975], [110.51998412300009, -7.012838874999943], [110.51976334700004, -7.013606333999974], [110.51963683300005, -7.01358446699993], [110.51961658600004, -7.01359303299995], [110.51961566000006, -7.013592767999967], [110.51919788600009, -7.013542078999933]]]]}}, {"type": "Feature", "properties": {"idsubsls": "3321010011002500", "idsls": "33210100110025", "nmsls": "RT 12 RW 02", "nmdesa": "NGEMPLAK", "nmkec": "MRANGGEN", "kdkec": "010", "kd_kec_bps": "3321010", "kdsubsls": "00", "subsls": null}, "geometry": {"type": "MultiPolygon", "coordinates": [[[[110.52114832400008, -7.013508919999936], [110.52114962100006, -7.01350339499993], [110.52107778800007, -7.013502909999943], [110.52100918500008, -7.013481471999967], [110.52110465000004, -7.013290540999947], [110.52106423000004, -7.013274248999949], [110.52111625200007, -7.013157843999977], [110.52100305900007, -7.013027586999954], [110.52090444200007, -7.012981034999939], [110.52094854400008, -7.012860978999981], [110.52109493900008, -7.012924681999948], [110.52118059000009, -7.013013877999981], [110.52119081900008, -7.012990988999945], [110.52122394700007, -7.012965505999944], [110.52127618800006, -7.012896700999931], [110.52140870100004, -7.012978247999968], [110.52147984600003, -7.013012125999978], [110.52147941800007, -7.013013286999978], [110.52148676200005, -7.013015418999942], [110.52174853600008, -7.013091417999931], [110.52161975800004, -7.01332900899996], [110.52160491900008, -7.013324681999961], [110.52150250800008, -7.013298080999959], [110.52139876700005, -7.013474972999973], [110.52127640600008, -7.01343374299995], [110.52122133300008, -7.013543887999958], [110.52117249000008, -7.013524526999959], [110.52114832400008, -7.013508919999936]]]]}}, {"type": "Feature", "properties": {"idsubsls": "3321010011001900", "idsls": "33210100110019", "nmsls": "RT 06 RW 02", "nmdesa": "NGEMPLAK", "nmkec": "MRANGGEN", "kdkec": "010", "kd_kec_bps": "3321010", "kdsubsls": "00", "subsls": null}, "geometry": {"type": "MultiPolygon", "coordinates": [[[[110.52345883500004, -7.012708123999971], [110.52323904200006, -7.013788617999978], [110.52321730900007, -7.013828948999958], [110.52260989800004, -7.013731358999962], [110.52260375900005, -7.013717034999956], [110.52249070800008, -7.013633244999937], [110.52239361700003, -7.013560093999956], [110.52230583600004, -7.013496252999971], [110.52223534500007, -7.013472312999966], [110.52209037400007, -7.013447707999944], [110.52190550200004, -7.013397166999937], [110.52162553500006, -7.013328671999943], [110.52161902600005, -7.013330358999951], [110.52161975800004, -7.01332900899996], [110.52174853600008, -7.013091417999931], [110.52148676200005, -7.013015418999942], [110.52147941800007, -7.013013286999978], [110.52147984600003, -7.013012125999978], [110.52150879900006, -7.01293353799997], [110.52150617500007, -7.012932377999959], [110.52183236200005, -7.01221884399996], [110.52183748100003, -7.01222077999995], [110.52194232700003, -7.012130395999975], [110.52194417900006, -7.012131302999933], [110.52194622400003, -7.012130279999951], [110.52195946900008, -7.012118561999955], [110.52197221000006, -7.012100085999975], [110.52198629300005, -7.01210511499994], [110.52199896800005, -7.012109641999928], [110.52199990500009, -7.012111516999937], [110.52345883500004, -7.012708123999971]]]]}}, {"type": "Feature", "properties": {"idsubsls": "3321010011002200", "idsls": "33210100110022", "nmsls": "RT 09 RW 02", "nmdesa": "NGEMPLAK", "nmkec": "MRANGGEN", "kdkec": "010", "kd_kec_bps": "3321010", "kdsubsls": "00", "subsls": null}, "geometry": {"type": "MultiPolygon", "coordinates": [[[[110.52321730900007, -7.013828948999958], [110.52297401500005, -7.01428044599993], [110.52266203900007, -7.014612072999967], [110.52266439200008, -7.014608543999941], [110.52174954100008, -7.014228841999966], [110.52111623400003, -7.013992864999977], [110.52105990700005, -7.013985214999934], [110.52095287700007, -7.013944441999968], [110.52095578400008, -7.013933078999969], [110.52106500400004, -7.01350612899995], [110.52114400200009, -7.01350612899995], [110.52114832400008, -7.013508919999936], [110.52117249000008, -7.013524526999959], [110.52122133300008, -7.013543887999958], [110.52127640600008, -7.01343374299995], [110.52139876700005, -7.013474972999973], [110.52150250800008, -7.013298080999959], [110.52160491900008, -7.013324681999961], [110.52161975800004, -7.01332900899996], [110.52161902600005, -7.013330358999951], [110.52162553500006, -7.013328671999943], [110.52190550200004, -7.013397166999937], [110.52209037400007, -7.013447707999944], [110.52223534500007, -7.013472312999966], [110.52230583600004, -7.013496252999971], [110.52239361700003, -7.013560093999956], [110.52249070800008, -7.013633244999937], [110.52260375900005, -7.013717034999956], [110.52260989800004, -7.013731358999962], [110.52321730900007, -7.013828948999958]]]]}}, {"type": "Feature", "properties": {"idsubsls": "3321010018100300", "idsls": "33210100181003", "nmsls": "SAWAH 3", "nmdesa": "JAMUS", "nmkec": "MRANGGEN", "kdkec": "010", "kd_kec_bps": "3321010", "kdsubsls": "00", "subsls": null}, "geometry": {"type": "MultiPolygon", "coordinates": [[[[110.50492438700007, -6.998502391999978], [110.50534187400007, -6.99794701999997], [110.50570322000004, -6.997983355999963], [110.50589647100009, -6.99794937799993], [110.50690872000007, -6.998537693999936], [110.50679455500006, -7.002926722999973], [110.50671642600008, -7.003043916999957], [110.50791643100007, -7.004316648999975], [110.50791560100004, -7.004318439999963], [110.50796264100006, -7.004315826999971], [110.50798172200007, -7.004336302999945], [110.50782823900005, -7.004560131999938], [110.50757286300006, -7.004418256999941], [110.50556624700005, -7.003424238999969], [110.50327474100004, -7.002293968999936], [110.50236547600008, -7.001847441999928], [110.50403651200008, -6.999683509999954], [110.50492438700007, -6.998502391999978]]]]}}, {"type": "Feature", "properties": {"idsubsls": "3321010019002200", "idsls": "33210100190022", "nmsls": "RT 006 RW 003", "nmdesa": "WRINGIN JAJAR", "nmkec": "MRANGGEN", "kdkec": "010", "kd_kec_bps": "3321010", "kdsubsls": "00", "subsls": null}, "geometry": {"type": "MultiPolygon", "coordinates": [[[[110.51268760600004, -6.97809433499998], [110.51210005200005, -6.980142832999945], [110.51160469800004, -6.981108976999963], [110.51135088100006, -6.981813115999955], [110.51296099100006, -6.982254465999972], [110.51282164400004, -6.982752400999971], [110.51089810400003, -6.982212616999959], [110.51100904600008, -6.981731239999931], [110.51083096400004, -6.981673925999928], [110.51085348000004, -6.98158181499997], [110.51101109300004, -6.98106189799995], [110.51115028300006, -6.981092601999933], [110.51121169100009, -6.980832643999975], [110.51053620800008, -6.980617717999962], [110.51073680600007, -6.98006914399997], [110.51147358800006, -6.97758151499994], [110.51159556000005, -6.977635119999945], [110.51243198000009, -6.977986609999959], [110.51268760600004, -6.97809433499998]]]]}}, {"type": "Feature", "properties": {"idsubsls": "3321010019001900", "idsls": "33210100190019", "nmsls": "RT 003 RW 003", "nmdesa": "WRINGIN JAJAR", "nmkec": "MRANGGEN", "kdkec": "010", "kd_kec_bps": "3321010", "kdsubsls": "00", "subsls": null}, "geometry": {"type": "MultiPolygon", "coordinates": [[[[110.50868283900007, -6.976703962999977], [110.50779334200007, -6.979348629999947], [110.50731845700005, -6.979234002999931], [110.50703188900007, -6.979807138999945], [110.50532194000004, -6.979596367999932], [110.50548442100006, -6.979201240999942], [110.50552945300007, -6.978939236999963], [110.50571367500004, -6.978349723999941], [110.50583649000004, -6.977829807999967], [110.50598796300005, -6.976982385999975], [110.50612593500006, -6.976791102999925], [110.50617081100006, -6.976806849999946], [110.50634643900008, -6.976645198999961], [110.50669723100009, -6.976753448999943], [110.50688433900007, -6.97630388999994], [110.50690005100006, -6.976308938999978], [110.50696347000007, -6.976218507999931], [110.50699476000005, -6.976173899999935], [110.50796617000009, -6.976498559999925], [110.50817761000008, -6.976559159999965], [110.50868283900007, -6.976703962999977]]]]}}, {"type": "Feature", "properties": {"idsubsls": "3321010019002100", "idsls": "33210100190021", "nmsls": "RT 005 RW 003", "nmdesa": "WRINGIN JAJAR", "nmkec": "MRANGGEN", "kdkec": "010", "kd_kec_bps": "3321010", "kdsubsls": "00", "subsls": null}, "geometry": {"type": "MultiPolygon", "coordinates": [[[[110.50892482000006, -6.981156905999967], [110.50972563000005, -6.97873455499996], [110.51021769500005, -6.976964647999978], [110.51024659000007, -6.976972929999931], [110.51082660000009, -6.977297179999937], [110.51100792000005, -6.977376859999936], [110.51147358800006, -6.97758151499994], [110.51073680600007, -6.98006914399997], [110.51053620800008, -6.980617717999962], [110.51121169100009, -6.980832643999975], [110.51115028300006, -6.981092601999933], [110.51101109300004, -6.98106189799995], [110.51085348000004, -6.98158181499997], [110.51083096400004, -6.981673925999928], [110.51100904600008, -6.981731239999931], [110.51089810400003, -6.982212616999959], [110.51018689800009, -6.982013037999934], [110.51022374200005, -6.981914785999948], [110.51031380600006, -6.981558622999955], [110.50892482000006, -6.981156905999967]]]]}}, {"type": "Feature", "properties": {"idsubsls": "3321010007000102", "idsls": "33210100070001", "nmsls": "RT 001 RW 001", "nmdesa": "MRANGGEN", "nmkec": "MRANGGEN", "kdkec": "010", "kd_kec_bps": "3321010", "kdsubsls": "02", "subsls": null}, "geometry": {"type": "MultiPolygon", "coordinates": [[[[110.51284253500006, -7.025186849999955], [110.51228041000007, -7.025018985999964], [110.51235312600005, -7.024749607999979], [110.51297358600004, -7.024931643999935], [110.51293247200005, -7.025011707999965], [110.51284253500006, -7.025186849999955]]]]}}, {"type": "Feature", "properties": {"idsubsls": "3321010007000107", "idsls": "33210100070001", "nmsls": "RT 001 RW 001", "nmdesa": "MRANGGEN", "nmkec": "MRANGGEN", "kdkec": "010", "kd_kec_bps": "3321010", "kdsubsls": "07", "subsls": null}, "geometry": {"type": "MultiPolygon", "coordinates": [[[[110.51199070600006, -7.024549691999937], [110.51209973900006, -7.024168611999926], [110.51242923800004, -7.024288602999945], [110.51247324300004, -7.024304627999925], [110.51237706700005, -7.02466091499997], [110.51199070600006, -7.024549691999937]]]]}}, {"type": "Feature", "properties": {"idsubsls": "3321010007000106", "idsls": "33210100070001", "nmsls": "RT 001 RW 001", "nmdesa": "MRANGGEN", "nmkec": "MRANGGEN", "kdkec": "010", "kd_kec_bps": "3321010", "kdsubsls": "06", "subsls": null}, "geometry": {"type": "MultiPolygon", "coordinates": [[[[110.51297358600004, -7.024931643999935], [110.51235312600005, -7.024749607999979], [110.51237706700005, -7.02466091499997], [110.51247324300004, -7.024304627999925], [110.51257849900009, -7.024342957999977], [110.51257883700004, -7.024351568999975], [110.51259025700006, -7.024642790999962], [110.51302530900006, -7.024830920999932], [110.51297358600004, -7.024931643999935]]]]}}, {"type": "Feature", "properties": {"idsubsls": "3321010007000103", "idsls": "33210100070001", "nmsls": "RT 001 RW 001", "nmdesa": "MRANGGEN", "nmkec": "MRANGGEN", "kdkec": "010", "kd_kec_bps": "3321010", "kdsubsls": "03", "subsls": null}, "geometry": {"type": "MultiPolygon", "coordinates": [[[[110.51188980600006, -7.024902342999951], [110.51199070600006, -7.024549691999937], [110.51237706700005, -7.02466091499997], [110.51235312600005, -7.024749607999979], [110.51228041000007, -7.025018985999964], [110.51188980600006, -7.024902342999951]]]]}}, {"type": "Feature", "properties": {"idsubsls": "3321020001003600", "idsls": "33210200010036", "nmsls": "RT 001 RW 11 DUSUN DK KRAJAN", "nmdesa": "JRAGUNG", "nmkec": "KARANGAWEN", "kdkec": "020", "kd_kec_bps": "3321020", "kdsubsls": "00", "subsls": null}, "geometry": {"type": "MultiPolygon", "coordinates": [[[[110.55830632700008, -7.112512215999971], [110.55835309100007, -7.112344510999947], [110.55810062900008, -7.112160280999944], [110.55818250900006, -7.111750882999957], [110.55802557300007, -7.111607593999963], [110.55803239600004, -7.111396070999945], [110.55769123100004, -7.111211841999932], [110.55769907300004, -7.11118096499996], [110.55695090200004, -7.110938909999959], [110.55682058600007, -7.110907181999949], [110.55702558300004, -7.110350044999961], [110.55714310200005, -7.110394380999935], [110.55726809900005, -7.110457413999939], [110.55755601900006, -7.110616597999979], [110.55777449600004, -7.110735718999933], [110.55785622500008, -7.110781123999971], [110.55873751200005, -7.111206609999954], [110.55896196700007, -7.111297670999932], [110.55930972700008, -7.111423850999927], [110.55966538200005, -7.111549382999954], [110.55994359100004, -7.11168512699993], [110.55951991300009, -7.11336906799994], [110.55946142100004, -7.113350905999937], [110.55927594300005, -7.113298067999949], [110.55884948700009, -7.113161600999945], [110.55896548300007, -7.112769260999926], [110.55896889500008, -7.112677146999943], [110.55830632700008, -7.112512215999971]]]]}}, {"type": "Feature", "properties": {"idsubsls": "3321020001003700", "idsls": "33210200010037", "nmsls": "RT 002 RW 11 DUSUN DK KRAJAN", "nmdesa": "JRAGUNG", "nmkec": "KARANGAWEN", "kdkec": "020", "kd_kec_bps": "3321020", "kdsubsls": "00", "subsls": null}, "geometry": {"type": "MultiPolygon", "coordinates": [[[[110.55794839500004, -7.11430043799993], [110.55821662500006, -7.113422592999939], [110.55815521500006, -7.113054133999981], [110.55830632700008, -7.112512215999971], [110.55896889500008, -7.112677146999943], [110.55896548300007, -7.112769260999926], [110.55884948700009, -7.113161600999945], [110.55927594300005, -7.113298067999949], [110.55946142100004, -7.113350905999937], [110.55951991300009, -7.11336906799994], [110.55958882200008, -7.113390968999965], [110.55997155800009, -7.113547482999934], [110.55983204300009, -7.113884871999971], [110.55969557700007, -7.114335209999979], [110.55953823300007, -7.114878761999933], [110.55948959800008, -7.114871265999966], [110.55937829300007, -7.11481966499997], [110.55924268000007, -7.114807723999945], [110.55915566100003, -7.114816794999967], [110.55915653600005, -7.114814120999938], [110.55874372600005, -7.114745887999959], [110.55844008800005, -7.114602597999976], [110.55837526700009, -7.114568481999981], [110.55834115100004, -7.114466131999961], [110.55794839500004, -7.11430043799993]]]]}}, {"type": "Feature", "properties": {"idsubsls": "3321020001002300", "idsls": "33210200010023", "nmsls": "RT 002 RW 07 DUSUN DK KRAJAN", "nmdesa": "JRAGUNG", "nmkec": "KARANGAWEN", "kdkec": "020", "kd_kec_bps": "3321020", "kdsubsls": "00", "subsls": null}, "geometry": {"type": "MultiPolygon", "coordinates": [[[[110.55893153500006, -7.116159204999974], [110.55873873500008, -7.116091300999926], [110.55915566100003, -7.114816794999967], [110.55924268000007, -7.114807723999945], [110.55937829300007, -7.11481966499997], [110.55948959800008, -7.114871265999966], [110.55953823300007, -7.114878761999933], [110.55960858000009, -7.114889603999927], [110.55969557700007, -7.114913484999931], [110.55981839600008, -7.114959541999951], [110.56013397400005, -7.115084067999931], [110.56056149900007, -7.115421749999939], [110.56057742800004, -7.11543433199995], [110.56060478200004, -7.115455937999968], [110.56019433700004, -7.116403244999958], [110.56017832600008, -7.116440199999943], [110.56016638500006, -7.116467492999959], [110.56003971200005, -7.116452244999948], [110.55998215500006, -7.116445316999943], [110.55961369700009, -7.116346378999935], [110.55949599500008, -7.116377083999964], [110.55915653600005, -7.116254264999952], [110.55893989600008, -7.11616214999998], [110.55893153500006, -7.116159204999974]]]]}}, {"type": "Feature", "properties": {"idsubsls": "3321020001002200", "idsls": "33210200010022", "nmsls": "RT 001 RW 07 DUSUN DK KRAJAN", "nmdesa": "JRAGUNG", "nmkec": "KARANGAWEN", "kdkec": "020", "kd_kec_bps": "3321020", "kdsubsls": "00", "subsls": null}, "geometry": {"type": "MultiPolygon", "coordinates": [[[[110.55873873500008, -7.116091300999926], [110.55873690200008, -7.116096901999981], [110.55871302100007, -7.116131018999965], [110.55857996600008, -7.116096901999981], [110.55849726500009, -7.116454464999947], [110.55849222300009, -7.116455445999975], [110.55840010800006, -7.116619204999949], [110.55834893300005, -7.116755670999964], [110.55810670600005, -7.116728377999948], [110.55754037200006, -7.116510031999951], [110.55744232200004, -7.116399975999968], [110.55737224100005, -7.116103724999959], [110.55728353800004, -7.11593314299995], [110.55732789000007, -7.115694326999972], [110.55708907400009, -7.115568095999947], [110.55704472300005, -7.115243988999964], [110.55718801200004, -7.115162108999925], [110.55693896100007, -7.114848236999933], [110.55664555900006, -7.114650360999974], [110.55645450700007, -7.114616244999979], [110.55601099200004, -7.114855060999957], [110.55592405100003, -7.114975590999961], [110.55591983700003, -7.114971376999961], [110.55563666900008, -7.115111253999942], [110.55554982200005, -7.11514393899995], [110.55559732900008, -7.11450195499998], [110.55566508400005, -7.113955189999956], [110.55648180000009, -7.114053321999961], [110.55684002300006, -7.114217081999925], [110.55679567200008, -7.114411545999928], [110.55708566200008, -7.114466131999961], [110.55733130100003, -7.114544599999931], [110.55740976900006, -7.114571892999948], [110.55741659300008, -7.114459308999926], [110.55749164900004, -7.114346723999972], [110.55757352900008, -7.114254609999932], [110.55772364100005, -7.114254609999932], [110.55790445900004, -7.114281902999949], [110.55794839500004, -7.11430043799993], [110.55834115100004, -7.114466131999961], [110.55837526700009, -7.114568481999981], [110.55844008800005, -7.114602597999976], [110.55874372600005, -7.114745887999959], [110.55915653600005, -7.114814120999938], [110.55915566100003, -7.114816794999967], [110.55873873500008, -7.116091300999926]]]]}}, {"type": "Feature", "properties": {"idsubsls": "3321020001002400", "idsls": "33210200010024", "nmsls": "RT 003 RW 07 DUSUN DK KRAJAN", "nmdesa": "JRAGUNG", "nmkec": "KARANGAWEN", "kdkec": "020", "kd_kec_bps": "3321020", "kdsubsls": "00", "subsls": null}, "geometry": {"type": "MultiPolygon", "coordinates": [[[[110.56047026400006, -7.117700436999939], [110.56046661000005, -7.117719568999973], [110.56021585400003, -7.11770080499997], [110.55966146000009, -7.117589926999926], [110.55955058100005, -7.117311876999963], [110.55941582100007, -7.117003121999971], [110.55898424700007, -7.11648796299994], [110.55893153500006, -7.116159204999974], [110.55893989600008, -7.11616214999998], [110.55915653600005, -7.116254264999952], [110.55949599500008, -7.116377083999964], [110.55961369700009, -7.116346378999935], [110.55998215500006, -7.116445316999943], [110.56003971200005, -7.116452244999948], [110.56016638500006, -7.116467492999959], [110.56017832600008, -7.116440199999943], [110.56019433700004, -7.116403244999958], [110.56029369700008, -7.116495672999974], [110.56028408700007, -7.116609076999964], [110.56034208500006, -7.116776246999962], [110.56045125800006, -7.116916124999932], [110.56055701900004, -7.117004827999949], [110.56064202500005, -7.117036268999925], [110.56064780100007, -7.11703840499996], [110.56061501700009, -7.117185645999939], [110.56053143200006, -7.117380109999942], [110.56052750400005, -7.117400680999936], [110.56048798700004, -7.117607623999959], [110.56047026400006, -7.117700436999939]]]]}}, {"type": "Feature", "properties": {"idsubsls": "3321020001004600", "idsls": "33210200010046", "nmsls": "RT 004 RW 13 DUSUN DK DELIK", "nmdesa": "JRAGUNG", "nmkec": "KARANGAWEN", "kdkec": "020", "kd_kec_bps": "3321020", "kdsubsls": "00", "subsls": null}, "geometry": {"type": "MultiPolygon", "coordinates": [[[[110.54534946000007, -7.115192042999979], [110.54851825600008, -7.116917723999961], [110.54851836600005, -7.116917461999947], [110.54852782900008, -7.116930519999926], [110.54849277500006, -7.117133830999933], [110.54842454200008, -7.117290766999929], [110.54876570800008, -7.117174770999952], [110.54907275600004, -7.117263473999969], [110.54987108300008, -7.117502289999948], [110.54994613900004, -7.117263473999969], [110.54995022700007, -7.117263511999965], [110.54995466900004, -7.117162829999927], [110.55052782600006, -7.117169653999952], [110.55089815900004, -7.117159132999973], [110.55077154600008, -7.117724259999932], [110.55048155600008, -7.11811660099994], [110.55021544700008, -7.118167774999961], [110.54986797200007, -7.118786958999976], [110.54896017200008, -7.118522373999951], [110.54777632800005, -7.118406377999975], [110.54761491400006, -7.118612319999954], [110.54699580600004, -7.118206431999965], [110.54542344400005, -7.117020263999962], [110.54482398700009, -7.116533575999938], [110.54495649100005, -7.116252451999969], [110.54532494900008, -7.115338128999952], [110.54534946000007, -7.115192042999979]]]]}}, {"type": "Feature", "properties": {"idsubsls": "3321020001003800", "idsls": "33210200010038", "nmsls": "RT 003 RW 11 DUSUN DK KRAJAN", "nmdesa": "JRAGUNG", "nmkec": "KARANGAWEN", "kdkec": "020", "kd_kec_bps": "3321020", "kdsubsls": "00", "subsls": null}, "geometry": {"type": "MultiPolygon", "coordinates": [[[[110.55953823300007, -7.114878761999933], [110.55969557700007, -7.114335209999979], [110.55983204300009, -7.113884871999971], [110.55997155800009, -7.113547482999934], [110.56094424200006, -7.113932634999969], [110.56100565100007, -7.114202155999976], [110.56111482400007, -7.114324974999931], [110.56103776000003, -7.11454727399996], [110.56138088900008, -7.114794221999944], [110.56124030100005, -7.114978391999955], [110.56091075700004, -7.115199237999946], [110.56057742800004, -7.11543433199995], [110.56056149900007, -7.115421749999939], [110.56013397400005, -7.115084067999931], [110.55981839600008, -7.114959541999951], [110.55969557700007, -7.114913484999931], [110.55960858000009, -7.114889603999927], [110.55953823300007, -7.114878761999933]]]]}}, {"type": "Feature", "properties": {"idsubsls": "3321020004000301", "idsls": "33210200040003", "nmsls": "RT 003 RW 001 DUSUN TLOGOGEDONG", "nmdesa": "TLOGOREJO", "nmkec": "KARANGAWEN", "kdkec": "020", "kd_kec_bps": "3321020", "kdsubsls": "01", "subsls": null}, "geometry": {"type": "MultiPolygon", "coordinates": [[[[110.55944466400007, -7.089768751999941], [110.55937865400006, -7.089768751999941], [110.55900480500009, -7.089940973999944], [110.55874017100007, -7.090230811999959], [110.55858055000004, -7.090512248999971], [110.55847133500004, -7.090944904999958], [110.55832011600006, -7.091268346999925], [110.55811428900006, -7.091600190999941], [110.55807727300004, -7.091617088999953], [110.55788535900007, -7.091147231999969], [110.55776214300005, -7.089803055999937], [110.55779936900007, -7.089147879999928], [110.55780134800005, -7.089147769999954], [110.55786295600006, -7.08899655099998], [110.55795816800008, -7.088537290999966], [110.55812828700005, -7.087781414999938], [110.55817469600004, -7.087613000999966], [110.55830984500005, -7.087639599999932], [110.55859955300008, -7.087672667999925], [110.55902370800004, -7.087788192999938], [110.55920433100005, -7.087847000999943], [110.55927784100004, -7.087841], [110.55924341800005, -7.087884290999966], [110.55915355200005, -7.088047096999958], [110.55916564100005, -7.088286470999947], [110.55922004400009, -7.088541560999943], [110.55925631300005, -7.088672933999931], [110.55933046300004, -7.08883332299996], [110.55939017200006, -7.089142627999934], [110.55940329700007, -7.089289880999956], [110.55943788700006, -7.089677936999976], [110.55944466400007, -7.089768751999941]]]]}}, {"type": "Feature", "properties": {"idsubsls": "3321020006000400", "idsls": "33210200060004", "nmsls": "RT 004 RW 01 DUSUN RIMBU LOR", "nmdesa": "REJOSARI", "nmkec": "KARANGAWEN", "kdkec": "020", "kd_kec_bps": "3321020", "kdsubsls": "00", "subsls": null}, "geometry": {"type": "MultiPolygon", "coordinates": [[[[110.57698821700006, -7.047541261999982], [110.57757860200007, -7.047770366999941], [110.57719418200008, -7.048959386999968], [110.57719284700005, -7.048963514999969], [110.57649713600006, -7.049104418999946], [110.57648413500004, -7.049107051999954], [110.57660973000009, -7.048541875999945], [110.57488737600005, -7.048049774999981], [110.57516914300004, -7.047029438999971], [110.57651049600008, -7.047641282999962], [110.57684617100006, -7.047792573999971], [110.57698821700006, -7.047541261999982]]]]}}, {"type": "Feature", "properties": {"idsubsls": "3321020011004100", "idsls": "33210200110041", "nmsls": "RT 006 RW 007 DUSUN", "nmdesa": "SIDO REJO", "nmkec": "KARANGAWEN", "kdkec": "020", "kd_kec_bps": "3321020", "kdsubsls": "00", "subsls": null}, "geometry": {"type": "MultiPolygon", "coordinates": [[[[110.59008252100006, -7.031295229999955], [110.59012579400007, -7.031320088999962], [110.59011483000006, -7.03133434199998], [110.59057784700008, -7.031671418999963], [110.59101742800004, -7.032124455999963], [110.59144803700008, -7.032586463999962], [110.59225991600005, -7.033712329999958], [110.59309098000006, -7.034789320999948], [110.59294076000003, -7.034838002999948], [110.59215787100004, -7.034380671999941], [110.59214004800003, -7.034372788999974], [110.59209725700003, -7.034267], [110.59190894000005, -7.033762796999952], [110.59145928500004, -7.033597733999954], [110.59140430400004, -7.033461140999975], [110.59076736000009, -7.033362458999932], [110.59062117400003, -7.033355874999927], [110.59084881000007, -7.032941893999975], [110.59072740300007, -7.032904739999935], [110.59063931900005, -7.033003453999982], [110.59051782400007, -7.033000416999926], [110.59047184300005, -7.032986047999941], [110.59043727300008, -7.032886406999978], [110.59028055000005, -7.032814918999975], [110.59017505600008, -7.032908239999927], [110.59014422800004, -7.03290322099997], [110.58958330500008, -7.032644731999937], [110.58960669700008, -7.032621339999935], [110.58982186400004, -7.032307553999942], [110.58955065100008, -7.032180292999954], [110.58976508600006, -7.031794566999963], [110.58989117800007, -7.031704500999979], [110.58998484700004, -7.031466725999962], [110.59008252100006, -7.031295229999955]]]]}}, {"type": "Feature", "properties": {"idsubsls": "3321020011003800", "idsls": "33210200110038", "nmsls": "RT 003 RW 007 DUSUN", "nmdesa": "SIDO REJO", "nmkec": "KARANGAWEN", "kdkec": "020", "kd_kec_bps": "3321020", "kdsubsls": "00", "subsls": null}, "geometry": {"type": "MultiPolygon", "coordinates": [[[[110.58879739900004, -7.033841972999937], [110.58858946400005, -7.033770680999964], [110.58858265400005, -7.033768426999927], [110.58858332200003, -7.033767136999927], [110.58854745800005, -7.033382447999941], [110.58874036600008, -7.032723053999973], [110.58892923700006, -7.032535517999975], [110.58913206000005, -7.032636646999947], [110.58940370700009, -7.03211134299994], [110.58955065100008, -7.032180292999954], [110.58982186400004, -7.032307553999942], [110.58960669700008, -7.032621339999935], [110.58958330500008, -7.032644731999937], [110.58951180300005, -7.032703090999973], [110.58942107900003, -7.032942190999961], [110.58928752200006, -7.032940513999961], [110.58922376600009, -7.033060846999945], [110.58908835000005, -7.033312683999952], [110.58907968300008, -7.033349002999955], [110.58904603000008, -7.033603273999972], [110.58903931400005, -7.033654017999936], [110.58910184800004, -7.033935421999956], [110.58883156600007, -7.033804845999953], [110.58881796700007, -7.033755548999977], [110.58881413900008, -7.033755737999968], [110.58880588000005, -7.03381520399995], [110.58879739900004, -7.033841972999937]]]]}}, {"type": "Feature", "properties": {"idsubsls": "3321020008002500", "idsls": "33210200080025", "nmsls": "RT 004 RW 007 DUSUN KURIPAN", "nmdesa": "KURIPAN", "nmkec": "KARANGAWEN", "kdkec": "020", "kd_kec_bps": "3321020", "kdsubsls": "00", "subsls": null}, "geometry": {"type": "MultiPolygon", "coordinates": [[[[110.55979956500005, -7.031717758999946], [110.55981006800005, -7.031791278999947], [110.55975475100007, -7.031909416999952], [110.55963702600008, -7.031929771999955], [110.55954295500004, -7.031928120999964], [110.55945383600005, -7.031903915999976], [110.55920600700006, -7.032309353999949], [110.55910860400007, -7.032520250999937], [110.55851175500004, -7.032233162999944], [110.55849910300009, -7.032356939999943], [110.55846499500007, -7.032442757999945], [110.55825264900005, -7.032447158999958], [110.55814647600005, -7.032420203999948], [110.55808431200006, -7.03235583999998], [110.55809767200009, -7.032331130999978], [110.55792918300006, -7.032238289999952], [110.55804609300009, -7.03208699399994], [110.55815940400004, -7.031923719999952], [110.55840035600005, -7.031771886999934], [110.55857584400007, -7.031629405999979], [110.55867321600005, -7.031518831999961], [110.55877663800004, -7.031377175999978], [110.55879836800005, -7.03133536699994], [110.55881404600007, -7.031304009999928], [110.55884383600005, -7.031285647999937], [110.55979956500005, -7.031717758999946]]]]}}, {"type": "Feature", "properties": {"idsubsls": "3321020008002400", "idsls": "33210200080024", "nmsls": "RT 003 RW 007 DUSUN KURIPAN", "nmdesa": "KURIPAN", "nmkec": "KARANGAWEN", "kdkec": "020", "kd_kec_bps": "3321020", "kdsubsls": "00", "subsls": null}, "geometry": {"type": "MultiPolygon", "coordinates": [[[[110.55808431200006, -7.03235583999998], [110.55785563500007, -7.032719207999946], [110.55770831300003, -7.032719207999946], [110.55745712400005, -7.033060106999926], [110.55743355800007, -7.033082800999978], [110.55712204200006, -7.032884750999926], [110.55701439000006, -7.032786069999929], [110.55707039500004, -7.03271630699993], [110.55690632200009, -7.032576669999969], [110.55697065500004, -7.032480918999966], [110.55670733900007, -7.032324824999932], [110.55685446600006, -7.032110350999972], [110.55687085300008, -7.032086328999981], [110.55716016900004, -7.032238836999966], [110.55726109300008, -7.032059415999981], [110.55750555400004, -7.032124455999963], [110.55765755100003, -7.031646112999965], [110.55785869300007, -7.031709183999965], [110.55789227200006, -7.031585698999947], [110.55806130900004, -7.031318287999966], [110.55810798700008, -7.031348565999963], [110.55845356100008, -7.031534246999968], [110.55856359500007, -7.031345126999952], [110.55863064600004, -7.03126432199997], [110.55864440100004, -7.031240251999975], [110.55879836800005, -7.03133536699994], [110.55877663800004, -7.031377175999978], [110.55867321600005, -7.031518831999961], [110.55857584400007, -7.031629405999979], [110.55840035600005, -7.031771886999934], [110.55815940400004, -7.031923719999952], [110.55804609300009, -7.03208699399994], [110.55792918300006, -7.032238289999952], [110.55809767200009, -7.032331130999978], [110.55808431200006, -7.03235583999998]]]]}}, {"type": "Feature", "properties": {"idsubsls": "3321020011000500", "idsls": "33210200110005", "nmsls": "RT 005 RW 001 DUSUN SINGOPADU LOR", "nmdesa": "SIDO REJO", "nmkec": "KARANGAWEN", "kdkec": "020", "kd_kec_bps": "3321020", "kdsubsls": "00", "subsls": null}, "geometry": {"type": "MultiPolygon", "coordinates": [[[[110.60661384300005, -7.032244170999945], [110.60650340200004, -7.032789013999945], [110.60615353100007, -7.033488754999951], [110.60609970500008, -7.033383344999947], [110.60606213900007, -7.03335735099995], [110.60515326000007, -7.032728458999941], [110.60478096200006, -7.032625291999977], [110.60385246000004, -7.03230233499994], [110.60277336100006, -7.031682521999926], [110.60276696400007, -7.031678847999956], [110.60310113600008, -7.031142827999929], [110.60386577100007, -7.031359400999975], [110.60385470300008, -7.031385045999968], [110.60398029700008, -7.031492698999955], [110.60398926800008, -7.031694546999972], [110.60412831900004, -7.031824626999935], [110.60454547300009, -7.031995076999976], [110.60661384300005, -7.032244170999945]]]]}}, {"type": "Feature", "properties": {"idsubsls": "3321020011000300", "idsls": "33210200110003", "nmsls": "RT 003 RW 001 DUSUN SINGOPADU LOR", "nmdesa": "SIDO REJO", "nmkec": "KARANGAWEN", "kdkec": "020", "kd_kec_bps": "3321020", "kdsubsls": "00", "subsls": null}, "geometry": {"type": "MultiPolygon", "coordinates": [[[[110.60786698600003, -7.030066624999961], [110.60786924200005, -7.030075274999945], [110.60716094700007, -7.031317357999967], [110.60547397500005, -7.030743616999928], [110.60433985300006, -7.030245522999962], [110.60448267500004, -7.02989585399996], [110.60502093800005, -7.029258909999953], [110.60553502500005, -7.02886067299994], [110.60615128800004, -7.029214054999954], [110.60659086900006, -7.029483185999936], [110.60692279800008, -7.029716432999976], [110.60786698600003, -7.030066624999961]]]]}}, {"type": "Feature", "properties": {"idsubsls": "3321020011002900", "idsls": "33210200110029", "nmsls": "RT 005 RW 005 DUSUN", "nmdesa": "SIDO REJO", "nmkec": "KARANGAWEN", "kdkec": "020", "kd_kec_bps": "3321020", "kdsubsls": "00", "subsls": null}, "geometry": {"type": "MultiPolygon", "coordinates": [[[[110.58913639400004, -7.044326661999946], [110.58905031100005, -7.043911311999977], [110.58903811600004, -7.043769274999931], [110.58905389800009, -7.043424225999956], [110.58955891800008, -7.043541872999981], [110.58971913200008, -7.043551555999954], [110.59013336200007, -7.043646378999938], [110.59077217400005, -7.043923363999966], [110.59088945600007, -7.043743697999957], [110.59131616300004, -7.043905896999945], [110.59168477700007, -7.044093681999925], [110.59154892900006, -7.044365377999952], [110.59152963700006, -7.044567942999947], [110.59148575100005, -7.04454597299997], [110.59133113300004, -7.044840481999927], [110.59111134300008, -7.045019902999968], [110.59086464000006, -7.045194837999929], [110.59090877500006, -7.045218560999956], [110.59044300100004, -7.045598534999954], [110.59036674700008, -7.045643389999952], [110.59008415900007, -7.045212779999929], [110.58985988300009, -7.04484496699996], [110.58913639400004, -7.044326661999946]]]]}}, {"type": "Feature", "properties": {"idsubsls": "3321020011003700", "idsls": "33210200110037", "nmsls": "RT 002 RW 007 DUSUN", "nmdesa": "SIDO REJO", "nmkec": "KARANGAWEN", "kdkec": "020", "kd_kec_bps": "3321020", "kdsubsls": "00", "subsls": null}, "geometry": {"type": "MultiPolygon", "coordinates": [[[[110.58815299600008, -7.034627816999944], [110.58815740200004, -7.03460778699997], [110.58821144200004, -7.03457896599997], [110.58831639800007, -7.034321654999928], [110.58857678100009, -7.034436823999954], [110.58858611800008, -7.034420448999981], [110.58869059500006, -7.034179071999972], [110.58879739900004, -7.033841972999937], [110.58880588000005, -7.03381520399995], [110.58881413900008, -7.033755737999968], [110.58881796700007, -7.033755548999977], [110.58883156600007, -7.033804845999953], [110.58910184800004, -7.033935421999956], [110.58903931400005, -7.033654017999936], [110.58904603000008, -7.033603273999972], [110.59039506200008, -7.03397248999994], [110.59031432200004, -7.034124996999935], [110.59020829700006, -7.034447152999974], [110.59026498200006, -7.034456925999962], [110.59074493200006, -7.034353758999941], [110.59151195600003, -7.034663259999945], [110.59213095800004, -7.034936875999961], [110.59230219200003, -7.035214728999961], [110.59223608700006, -7.035254927999972], [110.59203672200005, -7.035782135999966], [110.59192428900008, -7.036079457999961], [110.59077480900004, -7.035765740999977], [110.59009194400005, -7.035522598999933], [110.59007728000006, -7.035553444999948], [110.58981073400008, -7.03546616899996], [110.58960375700008, -7.035327276999965], [110.58935048300003, -7.035152980999953], [110.58911354900005, -7.035011364999946], [110.58898282700005, -7.034886089999929], [110.58869142600008, -7.03477443099996], [110.58815299600008, -7.034627816999944]]]]}}, {"type": "Feature", "properties": {"idsubsls": "3321020011003900", "idsls": "33210200110039", "nmsls": "RT 004 RW 007 DUSUN", "nmdesa": "SIDO REJO", "nmkec": "KARANGAWEN", "kdkec": "020", "kd_kec_bps": "3321020", "kdsubsls": "00", "subsls": null}, "geometry": {"type": "MultiPolygon", "coordinates": [[[[110.58958330500008, -7.032644731999937], [110.59014422800004, -7.03290322099997], [110.59017505600008, -7.032908239999927], [110.59028055000005, -7.032814918999975], [110.59043727300008, -7.032886406999978], [110.59047184300005, -7.032986047999941], [110.59051782400007, -7.033000416999926], [110.59063931900005, -7.033003453999982], [110.59072740300007, -7.032904739999935], [110.59084881000007, -7.032941893999975], [110.59062117400003, -7.033355874999927], [110.59048477200008, -7.033362458999932], [110.59039506200008, -7.03397248999994], [110.58904603000008, -7.033603273999972], [110.58907968300008, -7.033349002999955], [110.58908835000005, -7.033312683999952], [110.58922376600009, -7.033060846999945], [110.58928752200006, -7.032940513999961], [110.58942107900003, -7.032942190999961], [110.58951180300005, -7.032703090999973], [110.58958330500008, -7.032644731999937]]]]}}, {"type": "Feature", "properties": {"idsubsls": "3321020011001500", "idsls": "33210200110015", "nmsls": "RT 005 RW 003 DUSUN TEGOWANU LOR", "nmdesa": "SIDO REJO", "nmkec": "KARANGAWEN", "kdkec": "020", "kd_kec_bps": "3321020", "kdsubsls": "00", "subsls": null}, "geometry": {"type": "MultiPolygon", "coordinates": [[[[110.60336855800006, -7.046689983999954], [110.60332208700004, -7.04667328499994], [110.60329906000004, -7.046719727999971], [110.60324752100007, -7.046757154999966], [110.60296710500006, -7.046645369999965], [110.60282285200009, -7.046802260999925], [110.60259309700007, -7.047108906999938], [110.60258992300004, -7.047109546999934], [110.60240914000008, -7.047285730999931], [110.60231802700008, -7.047374525999942], [110.60164809600008, -7.047152470999947], [110.60166450400004, -7.047109399999954], [110.60167778900006, -7.047065557999929], [110.60154353900003, -7.046698607999929], [110.60164294900005, -7.04570819099996], [110.60166464800005, -7.045492003999925], [110.60272501700007, -7.045732591999979], [110.60268510400005, -7.045859815999961], [110.60321888000004, -7.045956254999965], [110.60355305200005, -7.04610876199996], [110.60340727200008, -7.046593198999972], [110.60336855800006, -7.046689983999954]]]]}}, {"type": "Feature", "properties": {"idsubsls": "3321020011000100", "idsls": "33210200110001", "nmsls": "RT 001 RW 001 DUSUN SINGOPADU LOR", "nmdesa": "SIDO REJO", "nmkec": "KARANGAWEN", "kdkec": "020", "kd_kec_bps": "3321020", "kdsubsls": "00", "subsls": null}, "geometry": {"type": "MultiPolygon", "coordinates": [[[[110.60783352600004, -7.026669327999969], [110.60753282800005, -7.027249397999981], [110.60807109100006, -7.02762618099996], [110.60882465800006, -7.028307979999965], [110.60900407900004, -7.028900068999974], [110.60900716200007, -7.028901348999966], [110.60839404800004, -7.029900338999937], [110.60807219200007, -7.029694708999955], [110.60790961200007, -7.029590838999979], [110.60805314900006, -7.029021177999937], [110.60767057600009, -7.028878339999949], [110.60775121900008, -7.028580796999961], [110.60759941600008, -7.02851670299998], [110.60745706100005, -7.028798620999964], [110.60702596500005, -7.028637665999952], [110.60698757100005, -7.028611913999953], [110.60684911500005, -7.028704937999976], [110.60646239000005, -7.028412535999962], [110.60655153400006, -7.02830193099993], [110.60644060400006, -7.028209298999968], [110.60611091900006, -7.028061276999949], [110.60611530200003, -7.02805559799998], [110.60662675400005, -7.027392933999977], [110.60682411600004, -7.026477887999931], [110.60783352600004, -7.026669327999969]]]]}}, {"type": "Feature", "properties": {"idsubsls": "3321020011000200", "idsls": "33210200110002", "nmsls": "RT 002 RW 001 DUSUN SINGOPADU LOR", "nmdesa": "SIDO REJO", "nmkec": "KARANGAWEN", "kdkec": "020", "kd_kec_bps": "3321020", "kdsubsls": "00", "subsls": null}, "geometry": {"type": "MultiPolygon", "coordinates": [[[[110.60807219200007, -7.029694708999955], [110.60787821300005, -7.030070788999979], [110.60786698600003, -7.030066624999961], [110.60692279800008, -7.029716432999976], [110.60659086900006, -7.029483185999936], [110.60615128800004, -7.029214054999954], [110.60553502500005, -7.02886067299994], [110.60550985900005, -7.028846241999929], [110.60570722200004, -7.028473943999927], [110.60607727700005, -7.028063518999943], [110.60611530200003, -7.02805559799998], [110.60611091900006, -7.028061276999949], [110.60644060400006, -7.028209298999968], [110.60655153400006, -7.02830193099993], [110.60646239000005, -7.028412535999962], [110.60684911500005, -7.028704937999976], [110.60698757100005, -7.028611913999953], [110.60702596500005, -7.028637665999952], [110.60745706100005, -7.028798620999964], [110.60759941600008, -7.02851670299998], [110.60775121900008, -7.028580796999961], [110.60767057600009, -7.028878339999949], [110.60805314900006, -7.029021177999937], [110.60790961200007, -7.029590838999979], [110.60807219200007, -7.029694708999955]]]]}}, {"type": "Feature", "properties": {"idsubsls": "3321020010001001", "idsls": "33210200100010", "nmsls": "RT 005 RW 002 DUSUN KENANGA", "nmdesa": "BRAMBANG", "nmkec": "KARANGAWEN", "kdkec": "020", "kd_kec_bps": "3321020", "kdsubsls": "01", "subsls": null}, "geometry": {"type": "MultiPolygon", "coordinates": [[[[110.57846730700004, -7.045012368999949], [110.57811290100005, -7.044931750999979], [110.57806689500006, -7.044921659999943], [110.57821643400007, -7.044359390999944], [110.57858764200006, -7.044500417999927], [110.57846730700004, -7.045012368999949]]]]}}, {"type": "Feature", "properties": {"idsubsls": "3321020010001002", "idsls": "33210200100010", "nmsls": "RT 005 RW 002 DUSUN KENANGA", "nmdesa": "BRAMBANG", "nmkec": "KARANGAWEN", "kdkec": "020", "kd_kec_bps": "3321020", "kdsubsls": "02", "subsls": null}, "geometry": {"type": "MultiPolygon", "coordinates": [[[[110.57887909800007, -7.045104827999978], [110.57846730700004, -7.045012368999949], [110.57858764200006, -7.044500417999927], [110.57871444100005, -7.044549424999957], [110.57864200400007, -7.044839123999964], [110.57890695200007, -7.044914068999958], [110.57887909800007, -7.045104827999978]]]]}}, {"type": "Feature", "properties": {"idsubsls": "3321020010001004", "idsls": "33210200100010", "nmsls": "RT 005 RW 002 DUSUN KENANGA", "nmdesa": "BRAMBANG", "nmkec": "KARANGAWEN", "kdkec": "020", "kd_kec_bps": "3321020", "kdsubsls": "04", "subsls": null}, "geometry": {"type": "MultiPolygon", "coordinates": [[[[110.57895498000005, -7.044642391999957], [110.57905717700004, -7.044252265999944], [110.57942350800005, -7.044357], [110.57930847800009, -7.044749718999981], [110.57895498000005, -7.044642391999957]]]]}}, {"type": "Feature", "properties": {"idsubsls": "3321020010001003", "idsls": "33210200100010", "nmsls": "RT 005 RW 002 DUSUN KENANGA", "nmdesa": "BRAMBANG", "nmkec": "KARANGAWEN", "kdkec": "020", "kd_kec_bps": "3321020", "kdsubsls": "03", "subsls": null}, "geometry": {"type": "MultiPolygon", "coordinates": [[[[110.57918427300007, -7.045173763999969], [110.57887909800007, -7.045104827999978], [110.57890695200007, -7.044914068999958], [110.57895498000005, -7.044642391999957], [110.57930847800009, -7.044749718999981], [110.57918427300007, -7.045173763999969]]]]}}, {"type": "Feature", "properties": {"idsubsls": "3321020010001006", "idsls": "33210200100010", "nmsls": "RT 005 RW 002 DUSUN KENANGA", "nmdesa": "BRAMBANG", "nmkec": "KARANGAWEN", "kdkec": "020", "kd_kec_bps": "3321020", "kdsubsls": "06", "subsls": null}, "geometry": {"type": "MultiPolygon", "coordinates": [[[[110.57871444100005, -7.044549424999957], [110.57895498000005, -7.044642391999957], [110.57890695200007, -7.044914068999958], [110.57864200400007, -7.044839123999964], [110.57871444100005, -7.044549424999957]]]]}}, {"type": "Feature", "properties": {"idsubsls": "3321020004000303", "idsls": "33210200040003", "nmsls": "RT 003 RW 001 DUSUN TLOGOGEDONG", "nmdesa": "TLOGOREJO", "nmkec": "KARANGAWEN", "kdkec": "020", "kd_kec_bps": "3321020", "kdsubsls": "03", "subsls": null}, "geometry": {"type": "MultiPolygon", "coordinates": [[[[110.55988759100006, -7.089696518999972], [110.55976930500009, -7.089768751999941], [110.55944466400007, -7.089768751999941], [110.55943788700006, -7.089677936999976], [110.55940329700007, -7.089289880999956], [110.55955643100003, -7.089343927999948], [110.55993902900008, -7.089422793999972], [110.55988759100006, -7.089696518999972]]]]}}, {"type": "Feature", "properties": {"idsubsls": "3321020004000302", "idsls": "33210200040003", "nmsls": "RT 003 RW 001 DUSUN TLOGOGEDONG", "nmdesa": "TLOGOREJO", "nmkec": "KARANGAWEN", "kdkec": "020", "kd_kec_bps": "3321020", "kdsubsls": "02", "subsls": null}, "geometry": {"type": "MultiPolygon", "coordinates": [[[[110.55940329700007, -7.089289880999956], [110.55939017200006, -7.089142627999934], [110.55933046300004, -7.08883332299996], [110.55970121000007, -7.089046098999972], [110.55988074000004, -7.089161352999952], [110.55994572800006, -7.089264685999979], [110.55995529200004, -7.089336248999928], [110.55993902900008, -7.089422793999972], [110.55955643100003, -7.089343927999948], [110.55940329700007, -7.089289880999956]]]]}}, {"type": "Feature", "properties": {"idsubsls": "3321030002001500", "idsls": "33210300020015", "nmsls": "RT 02 RW 02", "nmdesa": "WONOREJO", "nmkec": "GUNTUR", "kdkec": "030", "kd_kec_bps": "3321030", "kdsubsls": "00", "subsls": null}, "geometry": {"type": "MultiPolygon", "coordinates": [[[[110.58227029500006, -7.004497071999936], [110.58250654200003, -7.004098748999979], [110.58244293800004, -7.004068619999941], [110.58269408800004, -7.003648426999973], [110.58271115900004, -7.003646629999935], [110.58273048100006, -7.003603888999976], [110.58288000900006, -7.003273112999977], [110.58427113200008, -7.004068425999947], [110.58427916500005, -7.004074129999935], [110.58410389900007, -7.004379591999964], [110.58409141700008, -7.004375300999925], [110.58407242700008, -7.004410201999974], [110.58377592600004, -7.004955122999945], [110.58354159600009, -7.005259752999962], [110.58350326000004, -7.005329236999955], [110.58245318700006, -7.004714221999961], [110.58248310900007, -7.004644404999965], [110.58227029500006, -7.004497071999936]]]]}}, {"type": "Feature", "properties": {"idsubsls": "3321030005002900", "idsls": "33210300050029", "nmsls": "RT 003 RW 004 DUSUN TEBASAN", "nmdesa": "BOGOSARI", "nmkec": "GUNTUR", "kdkec": "030", "kd_kec_bps": "3321030", "kdsubsls": "00", "subsls": null}, "geometry": {"type": "MultiPolygon", "coordinates": [[[[110.61022357200005, -6.988701996999964], [110.61011986900007, -6.988865201999943], [110.60924833100006, -6.989259506999929], [110.60885201700006, -6.989438807999932], [110.60848432200004, -6.989605161999975], [110.60847668700006, -6.989601230999938], [110.60814621600008, -6.989431087999947], [110.60835041800004, -6.989089634999971], [110.60833550200005, -6.989080630999979], [110.60880889200007, -6.988353788999973], [110.60905675800007, -6.987973215999943], [110.60999073400006, -6.988488743999937], [110.61022357200005, -6.988701996999964]]]]}}, {"type": "Feature", "properties": {"idsubsls": "3321030005002600", "idsls": "33210300050026", "nmsls": "RT 006 RW 003 DUSUN TEBASAN", "nmdesa": "BOGOSARI", "nmkec": "GUNTUR", "kdkec": "030", "kd_kec_bps": "3321030", "kdsubsls": "00", "subsls": null}, "geometry": {"type": "MultiPolygon", "coordinates": [[[[110.60834999500008, -6.990199996999934], [110.60788717000008, -6.990901753999935], [110.60699799500009, -6.990376779999963], [110.60694443400007, -6.990493945999958], [110.60682392100006, -6.990681409999979], [110.60624478900007, -6.990329913999972], [110.60585981700007, -6.990068802999929], [110.60564207900006, -6.989913701999967], [110.60612572100007, -6.989322029999926], [110.60612453600004, -6.989321175999976], [110.60626169200009, -6.989123355999936], [110.60629134300007, -6.989141976999974], [110.60642388500008, -6.989225211999951], [110.60722730400005, -6.989529841999968], [110.60723871800008, -6.989506183999936], [110.60834999500008, -6.990199996999934]]]]}}, {"type": "Feature", "properties": {"idsubsls": "3321030005002700", "idsls": "33210300050027", "nmsls": "RT 001 RW 004 DUSUN TEBASAN", "nmdesa": "BOGOSARI", "nmkec": "GUNTUR", "kdkec": "030", "kd_kec_bps": "3321030", "kdsubsls": "00", "subsls": null}, "geometry": {"type": "MultiPolygon", "coordinates": [[[[110.60705310400004, -6.988306600999977], [110.60764888600005, -6.98866620299998], [110.60745159200007, -6.988954057999933], [110.60741142100005, -6.989148216999979], [110.60723871800008, -6.989506183999936], [110.60722730400005, -6.989529841999968], [110.60642388500008, -6.989225211999951], [110.60629134300007, -6.989141976999974], [110.60705310400004, -6.988306600999977]]]]}}, {"type": "Feature", "properties": {"idsubsls": "3321030005002100", "idsls": "33210300050021", "nmsls": "RT 001 RW 003 DUSUN TEBASAN", "nmdesa": "BOGOSARI", "nmkec": "GUNTUR", "kdkec": "030", "kd_kec_bps": "3321030", "kdsubsls": "00", "subsls": null}, "geometry": {"type": "MultiPolygon", "coordinates": [[[[110.60645899700006, -6.993040753999935], [110.60617668700007, -6.993458647999944], [110.60493138600003, -6.992815911999969], [110.60471044500008, -6.993231012999956], [110.60410118500005, -6.992856082999936], [110.60364591400008, -6.993465342999968], [110.60361930600004, -6.993445146999932], [110.60352653700005, -6.993619770999942], [110.60322944900008, -6.993950618999975], [110.60279056800005, -6.993916858999967], [110.60275462800007, -6.993883793999942], [110.60262176800006, -6.993761562999964], [110.60244621600003, -6.992944570999953], [110.60278666400006, -6.992321377999929], [110.60248689900004, -6.992197603999955], [110.60286163900008, -6.991648876999932], [110.60314302500007, -6.991752374999976], [110.60358996100007, -6.990774296999973], [110.60397565100004, -6.991038345999925], [110.60419993900007, -6.991229157999953], [110.60423844200005, -6.991246208999939], [110.60443427000007, -6.991332932999967], [110.60446360400005, -6.99134820699993], [110.60540506900008, -6.991838417999929], [110.60589243600003, -6.992094165999958], [110.60566900500004, -6.992562751999969], [110.60645899700006, -6.993040753999935]]]]}}, {"type": "Feature", "properties": {"idsubsls": "3321030005002500", "idsls": "33210300050025", "nmsls": "RT 005 RW 003 DUSUN TEBASAN", "nmdesa": "BOGOSARI", "nmkec": "GUNTUR", "kdkec": "030", "kd_kec_bps": "3321030", "kdsubsls": "00", "subsls": null}, "geometry": {"type": "MultiPolygon", "coordinates": [[[[110.60788717000008, -6.990901753999935], [110.60721112200008, -6.99192680799996], [110.60648686600007, -6.99158437799997], [110.60665654200005, -6.991250498999932], [110.60577843100003, -6.990799505999973], [110.60586104200007, -6.990611752999939], [110.60567367400006, -6.990534104999938], [110.60551837800006, -6.990476712999964], [110.60539150500006, -6.990586755999971], [110.60519082100006, -6.990465755999935], [110.60564207900006, -6.989913701999967], [110.60585981700007, -6.990068802999929], [110.60624478900007, -6.990329913999972], [110.60682392100006, -6.990681409999979], [110.60694443400007, -6.990493945999958], [110.60699799500009, -6.990376779999963], [110.60788717000008, -6.990901753999935]]]]}}, {"type": "Feature", "properties": {"idsubsls": "3321030005002400", "idsls": "33210300050024", "nmsls": "RT 004 RW 003 DUSUN TEBASAN", "nmdesa": "BOGOSARI", "nmkec": "GUNTUR", "kdkec": "030", "kd_kec_bps": "3321030", "kdsubsls": "00", "subsls": null}, "geometry": {"type": "MultiPolygon", "coordinates": [[[[110.60626169200009, -6.989123355999936], [110.60612453600004, -6.989321175999976], [110.60612572100007, -6.989322029999926], [110.60564207900006, -6.989913701999967], [110.60519082100006, -6.990465755999935], [110.60515157400005, -6.99051376999995], [110.60454566200008, -6.991213413999958], [110.60454534100006, -6.991213245999973], [110.60454756500008, -6.991248824999957], [110.60446360400005, -6.99134820699993], [110.60443427000007, -6.991332932999967], [110.60423844200005, -6.991246208999939], [110.60449902500005, -6.990423645999954], [110.60472083600007, -6.990164450999941], [110.60478416600006, -6.990090447999933], [110.60484268300007, -6.990147520999926], [110.60493020000007, -6.99006905799996], [110.60508712600006, -6.989878935999968], [110.60524103500006, -6.989646563999941], [110.60537985400003, -6.98939306799997], [110.60553678000008, -6.989196909999976], [110.60576685800004, -6.988812603999975], [110.60626169200009, -6.989123355999936]]]]}}, {"type": "Feature", "properties": {"idsubsls": "3321030014002101", "idsls": "33210300140021", "nmsls": "RT 010 RW 002 DUSUN GUNTUR", "nmdesa": "GUNTUR", "nmkec": "GUNTUR", "kdkec": "030", "kd_kec_bps": "3321030", "kdsubsls": "01", "subsls": null}, "geometry": {"type": "MultiPolygon", "coordinates": [[[[110.61268961000007, -6.980090867999934], [110.61269573600003, -6.980157235999968], [110.61240167300008, -6.980706624999925], [110.61268993800007, -6.980855561999931], [110.61243807000005, -6.981345621999935], [110.61115594300009, -6.980765805999965], [110.61107186400005, -6.98066879199996], [110.61108992300007, -6.980641703999936], [110.61109869700005, -6.98063211799996], [110.61112588300006, -6.980596810999941], [110.61115130400009, -6.980566093999926], [110.61121573900004, -6.980485374999944], [110.61122244700005, -6.980476900999975], [110.61123445100009, -6.98046198399993], [110.61124530800004, -6.980448390999925], [110.61130135700006, -6.980378218999931], [110.61136252600005, -6.980302574999939], [110.61147462400004, -6.980161172999942], [110.61150551700007, -6.980123570999979], [110.61150541500007, -6.98012293499994], [110.61150706800004, -6.980121056999963], [110.61150684100005, -6.98012083499998], [110.61169890900004, -6.979798838999955], [110.61189662500004, -6.979889223999976], [110.61190226500008, -6.97987625199994], [110.61200042600007, -6.97993551999997], [110.61208798700005, -6.979811240999936], [110.61218119600005, -6.979884677999962], [110.61231677300009, -6.979712381999946], [110.61277434600004, -6.979966588999957], [110.61268961000007, -6.980090867999934]]]]}}, {"type": "Feature", "properties": {"idsubsls": "3321030015000200", "idsls": "33210300150002", "nmsls": "RT 02 RW 01", "nmdesa": "TRIMULYO", "nmkec": "GUNTUR", "kdkec": "030", "kd_kec_bps": "3321030", "kdsubsls": "00", "subsls": null}, "geometry": {"type": "MultiPolygon", "coordinates": [[[[110.65625202600006, -6.969065864999948], [110.65590025200004, -6.968918970999937], [110.65561168300007, -6.968826873999944], [110.65476439600008, -6.968538305999971], [110.65426896500009, -6.968353374999936], [110.65414390600006, -6.968306693999978], [110.65441331100004, -6.967546974999948], [110.65410437200006, -6.967430078999939], [110.65411426700007, -6.967407091999974], [110.65402062900006, -6.967372485999931], [110.65402755700006, -6.967337845999964], [110.65410376700004, -6.967140392999966], [110.65422154600009, -6.966835552999953], [110.65432238100004, -6.966549401999941], [110.65445903900007, -6.96660615899998], [110.65554107600008, -6.967055553999955], [110.65606909500008, -6.965772343999959], [110.65804609800006, -6.966619630999958], [110.65745464800005, -6.96845495499997], [110.65745054100006, -6.968467697999927], [110.65724792900005, -6.968400160999977], [110.65710057500007, -6.968909760999964], [110.65634538500007, -6.96864575099994], [110.65625202600006, -6.969065864999948]]]]}}, {"type": "Feature", "properties": {"idsubsls": "3321030015001500", "idsls": "33210300150015", "nmsls": "RT 04 RW 04", "nmdesa": "TRIMULYO", "nmkec": "GUNTUR", "kdkec": "030", "kd_kec_bps": "3321030", "kdsubsls": "00", "subsls": null}, "geometry": {"type": "MultiPolygon", "coordinates": [[[[110.67088138000008, -6.966578367999944], [110.67068441100008, -6.967279348999966], [110.66992423100004, -6.966936211999951], [110.66991795900009, -6.966937256999927], [110.66836166200005, -6.966116553999939], [110.66835885400008, -6.966122073999941], [110.66834938300008, -6.966088924999951], [110.66820816800004, -6.965861753999945], [110.66831298400007, -6.965553472999943], [110.66852033400005, -6.964943618999939], [110.66852129600005, -6.964943859999948], [110.66855152800008, -6.964957512999945], [110.66866497900008, -6.965562272999932], [110.66873819200003, -6.965618445999951], [110.66873866100008, -6.965618333999942], [110.66900062500008, -6.965738088999956], [110.66971076200008, -6.966063711999936], [110.67028926400008, -6.966316590999952], [110.67088138000008, -6.966578367999944]]]]}}, {"type": "Feature", "properties": {"idsubsls": "3321030015001200", "idsls": "33210300150012", "nmsls": "RT 01 RW 04", "nmdesa": "TRIMULYO", "nmkec": "GUNTUR", "kdkec": "030", "kd_kec_bps": "3321030", "kdsubsls": "00", "subsls": null}, "geometry": {"type": "MultiPolygon", "coordinates": [[[[110.67019329900006, -6.969042904999981], [110.66998255900006, -6.969548679999946], [110.66971854900004, -6.970046], [110.66953435700009, -6.970451224999977], [110.66642002800006, -6.968998279999937], [110.66676148700009, -6.968258946999981], [110.66711516500004, -6.967418962999943], [110.67019329900006, -6.969042904999981]]]]}}, {"type": "Feature", "properties": {"idsubsls": "3321030015001600", "idsls": "33210300150016", "nmsls": "RT 05 RW 04", "nmdesa": "TRIMULYO", "nmkec": "GUNTUR", "kdkec": "030", "kd_kec_bps": "3321030", "kdsubsls": "00", "subsls": null}, "geometry": {"type": "MultiPolygon", "coordinates": [[[[110.67024651500009, -6.963262315999941], [110.67064565300007, -6.963602321999929], [110.67098948000006, -6.964609242999927], [110.67109999500008, -6.965800355999932], [110.67092874100007, -6.966409819999967], [110.67088138000008, -6.966578367999944], [110.67028926400008, -6.966316590999952], [110.66971076200008, -6.966063711999936], [110.66900062500008, -6.965738088999956], [110.66873866100008, -6.965618333999942], [110.66873819200003, -6.965618445999951], [110.66866497900008, -6.965562272999932], [110.66855152800008, -6.964957512999945], [110.66899712800006, -6.965158750999933], [110.66951286700004, -6.964618452999957], [110.67024651500009, -6.963262315999941]]]]}}, {"type": "Feature", "properties": {"idsubsls": "3321030016001600", "idsls": "33210300160016", "nmsls": "RT 01 RW 05", "nmdesa": "TLOGOREJO", "nmkec": "GUNTUR", "kdkec": "030", "kd_kec_bps": "3321030", "kdsubsls": "00", "subsls": null}, "geometry": {"type": "MultiPolygon", "coordinates": [[[[110.64406093000008, -6.974568060999957], [110.64412764600007, -6.97420415299996], [110.64412711700004, -6.97420404099995], [110.64427874100005, -6.974059997999973], [110.64428784800003, -6.973893808999946], [110.64434137700005, -6.973744489999945], [110.64441181100005, -6.97353600699995], [110.64448470000008, -6.973317336999969], [110.64471935600005, -6.973411198999941], [110.64477846000005, -6.973261699999966], [110.64483371800009, -6.972874894999961], [110.64498594800006, -6.972400639999933], [110.64508544800009, -6.972429761999933], [110.64513149600003, -6.972527997999975], [110.64557662900006, -6.972733679999976], [110.64571784400005, -6.972887173999936], [110.64591124600008, -6.973000759999934], [110.64605981400007, -6.973029330999964], [110.64607088000008, -6.973031458999969], [110.64598185300008, -6.973378354999966], [110.64601255200006, -6.973488870999972], [110.64584677900007, -6.973765159999971], [110.64563802700007, -6.97388181599996], [110.64558890900008, -6.974102846999926], [110.64547839300008, -6.974293179999961], [110.64524647600007, -6.97495285399998], [110.64476035800004, -6.974839844999963], [110.64464064600008, -6.974785930999928], [110.64452653500007, -6.974734417999969], [110.64428943800004, -6.974624280999933], [110.64406093000008, -6.974568060999957]]]]}}, {"type": "Feature", "properties": {"idsubsls": "3321030016001500", "idsls": "33210300160015", "nmsls": "RT 03 RW 04", "nmdesa": "TLOGOREJO", "nmkec": "GUNTUR", "kdkec": "030", "kd_kec_bps": "3321030", "kdsubsls": "00", "subsls": null}, "geometry": {"type": "MultiPolygon", "coordinates": [[[[110.64496155800003, -6.972369625999931], [110.64503633000004, -6.972001513999942], [110.64520210400008, -6.970601648999946], [110.64463724600006, -6.970527971999957], [110.64466180500006, -6.970030650999945], [110.64526210100007, -6.970084546999942], [110.64646715600009, -6.970192740999948], [110.64656820000005, -6.971006872999965], [110.64643312600003, -6.971197204999953], [110.64648224400008, -6.971283161999963], [110.64659275900004, -6.971485773999973], [110.64637172800008, -6.972173426999973], [110.64618753500008, -6.972363759999951], [110.64610771800005, -6.972959316999948], [110.64605981400007, -6.973029330999964], [110.64591124600008, -6.973000759999934], [110.64571784400005, -6.972887173999936], [110.64557662900006, -6.972733679999976], [110.64513149600003, -6.972527997999975], [110.64508544800009, -6.972429761999933], [110.64498594800006, -6.972400639999933], [110.64499335200009, -6.97237757399995], [110.64496155800003, -6.972369625999931]]]]}}, {"type": "Feature", "properties": {"idsubsls": "3321030016001800", "idsls": "33210300160018", "nmsls": "RT 01 RW 06", "nmdesa": "TLOGOREJO", "nmkec": "GUNTUR", "kdkec": "030", "kd_kec_bps": "3321030", "kdsubsls": "00", "subsls": null}, "geometry": {"type": "MultiPolygon", "coordinates": [[[[110.64038258400006, -6.970507741999938], [110.64072928900003, -6.971060595999973], [110.64099943800005, -6.971085154999969], [110.64133098500008, -6.971257067999943], [110.64189584300004, -6.971846484999958], [110.64198180000005, -6.972009188999948], [110.64216292200007, -6.972095144999969], [110.64226422900003, -6.972058306999941], [110.64231334700008, -6.97197234999993], [110.64242386200004, -6.972006118999957], [110.64253130800006, -6.97186183499997], [110.64266638300006, -6.971843414999967], [110.64281680700009, -6.971754388999955], [110.64320668200008, -6.971960070999955], [110.64349525000006, -6.972205660999975], [110.64433025800008, -6.972555626999963], [110.64437323600004, -6.972617024999977], [110.64453287000003, -6.972672282999952], [110.64469250400003, -6.972346875999961], [110.64479688000006, -6.972328455999957], [110.64496155800003, -6.972369625999931], [110.64499335200009, -6.97237757399995], [110.64498594800006, -6.972400639999933], [110.64483371800009, -6.972874894999961], [110.64477846000005, -6.973261699999966], [110.64471935600005, -6.973411198999941], [110.64448470000008, -6.973317336999969], [110.64448375200004, -6.973316957999941], [110.64380837800007, -6.97303452899996], [110.64330184800008, -6.97278586799996], [110.64299179000005, -6.972690701999966], [110.64275847900007, -6.972666142999969], [110.64215371300008, -6.972638513999925], [110.64195724100006, -6.972561766999945], [110.64190233800008, -6.972560358999942], [110.64145992000005, -6.97233766599993], [110.64077840700008, -6.971907882999972], [110.63992633500004, -6.971135692999951], [110.64023, -6.9707], [110.64035649000004, -6.970540619999952], [110.64038258400006, -6.970507741999938]]]]}}, {"type": "Feature", "properties": {"idsubsls": "3321030016001900", "idsls": "33210300160019", "nmsls": "RT 02 RW 06", "nmdesa": "TLOGOREJO", "nmkec": "GUNTUR", "kdkec": "030", "kd_kec_bps": "3321030", "kdsubsls": "00", "subsls": null}, "geometry": {"type": "MultiPolygon", "coordinates": [[[[110.64448470000008, -6.973317336999969], [110.64441181100005, -6.97353600699995], [110.64434137700005, -6.973744489999945], [110.64428784800003, -6.973893808999946], [110.64427874100005, -6.974059997999973], [110.64412711700004, -6.97420404099995], [110.64192961200007, -6.973737530999927], [110.64207580900006, -6.973244115999933], [110.64207696600005, -6.973243280999952], [110.64208003600004, -6.97290559399994], [110.64191426200006, -6.972884104999935], [110.64191733200005, -6.972567906999927], [110.64190233800008, -6.972560358999942], [110.64195724100006, -6.972561766999945], [110.64215371300008, -6.972638513999925], [110.64275847900007, -6.972666142999969], [110.64299179000005, -6.972690701999966], [110.64330184800008, -6.97278586799996], [110.64380837800007, -6.97303452899996], [110.64448375200004, -6.973316957999941], [110.64448470000008, -6.973317336999969]]]]}}, {"type": "Feature", "properties": {"idsubsls": "3321030016001700", "idsls": "33210300160017", "nmsls": "RT 02 RW 05", "nmdesa": "TLOGOREJO", "nmkec": "GUNTUR", "kdkec": "030", "kd_kec_bps": "3321030", "kdsubsls": "00", "subsls": null}, "geometry": {"type": "MultiPolygon", "coordinates": [[[[110.64406093000008, -6.974568060999957], [110.64428943800004, -6.974624280999933], [110.64452653500007, -6.974734417999969], [110.64464064600008, -6.974785930999928], [110.64476035800004, -6.974839844999963], [110.64524647600007, -6.97495285399998], [110.64520210400008, -6.975079068999946], [110.64526350100004, -6.975232562999963], [110.64526350100004, -6.975465873999951], [110.64502405100006, -6.975895656999967], [110.64485827700008, -6.976337719999947], [110.64510386800004, -6.976589449999949], [110.64482757800005, -6.977264822999928], [110.64528806000004, -6.977565671999969], [110.64523280300006, -6.977983174999963], [110.64522090900005, -6.978081894999946], [110.64447454200007, -6.978216485999951], [110.64433946700007, -6.977467434999937], [110.64387898500007, -6.976991603999977], [110.64374698100005, -6.97679513199995], [110.64385442600008, -6.976509632999978], [110.64397722200005, -6.976205714999935], [110.64408773700006, -6.975825049999969], [110.64425658100004, -6.975490432999948], [110.64428727900008, -6.975346147999971], [110.64439009200004, -6.97504913299997], [110.64439344500005, -6.975039447999961], [110.64439779500009, -6.975026880999962], [110.64399257100007, -6.974940923999952], [110.64406093000008, -6.974568060999957]]]]}}, {"type": "Feature", "properties": {"idsubsls": "3321030014002102", "idsls": "33210300140021", "nmsls": "RT 010 RW 002 DUSUN GUNTUR", "nmdesa": "GUNTUR", "nmkec": "GUNTUR", "kdkec": "030", "kd_kec_bps": "3321030", "kdsubsls": "02", "subsls": null}, "geometry": {"type": "MultiPolygon", "coordinates": [[[[110.61268993800007, -6.980855561999931], [110.61240167300008, -6.980706624999925], [110.61269573600003, -6.980157235999968], [110.61268961000007, -6.980090867999934], [110.61300313200007, -6.980260339999973], [110.61270090800008, -6.980816770999979], [110.61270243000007, -6.980841877999978], [110.61269737700007, -6.980841087999977], [110.61268993800007, -6.980855561999931]]]]}}, {"type": "Feature", "properties": {"idsubsls": "3321040001001200", "idsls": "33210400010012", "nmsls": "RT 002 RW 004", "nmdesa": "JETAKSARI", "nmkec": "SAYUNG", "kdkec": "040", "kd_kec_bps": "3321040", "kdsubsls": "00", "subsls": null}, "geometry": {"type": "MultiPolygon", "coordinates": [[[[110.51941334800006, -6.973416572999952], [110.51957925800008, -6.973503893999975], [110.51984857600007, -6.973440524999944], [110.52028687800004, -6.973445804999926], [110.52056540200005, -6.973413842999946], [110.52055223600007, -6.973620729999936], [110.52052583200003, -6.973845161999975], [110.52047830600009, -6.974299306999967], [110.52044794100004, -6.974461689999941], [110.52038457200007, -6.974667638999961], [110.52033440500009, -6.974769293999941], [110.52028027700004, -6.974848504999954], [110.52025783400006, -6.974967321999941], [110.52022879000003, -6.975104621999947], [110.52017730300008, -6.975241920999963], [110.52013886800006, -6.975352166999926], [110.51997795400007, -6.975320471999964], [110.51983801400007, -6.975296708999963], [110.51968091200007, -6.975278225999944], [110.51961622300007, -6.975272945999961], [110.51958585800008, -6.974999666999963], [110.51932578100008, -6.974969301999977], [110.51902477900006, -6.974913853999965], [110.51886107500007, -6.974868967999953], [110.51872738100008, -6.974823800999957], [110.51873829800007, -6.974808238999969], [110.51884919400004, -6.974488753999935], [110.51890464100006, -6.974293365999927], [110.51901553700009, -6.973913151999966], [110.51899001400005, -6.973904174999973], [110.51908682700008, -6.973799615999951], [110.51918716200004, -6.973694000999956], [110.51930861900007, -6.973532937999948], [110.51941334800006, -6.973416572999952]]]]}}, {"type": "Feature", "properties": {"idsubsls": "3321040001001500", "idsls": "33210400010015", "nmsls": "RT 002 RW 005", "nmdesa": "JETAKSARI", "nmkec": "SAYUNG", "kdkec": "040", "kd_kec_bps": "3321040", "kdsubsls": "00", "subsls": null}, "geometry": {"type": "MultiPolygon", "coordinates": [[[[110.52266170800004, -6.974246422999954], [110.52305531300004, -6.974160686999937], [110.52355170300007, -6.972650391999935], [110.52358200600008, -6.97265968499994], [110.52374973200006, -6.972711120999975], [110.52402961100006, -6.972829937999961], [110.52406393600006, -6.972713760999966], [110.52431741200007, -6.972845779999943], [110.52440718500009, -6.972872183999925], [110.52447319500004, -6.972943473999976], [110.52450487900006, -6.973020044999942], [110.52476627600004, -6.973130940999965], [110.52498967200006, -6.97320463799997], [110.52502239300009, -6.97321543299995], [110.52479532000007, -6.973672217999933], [110.52468706500008, -6.973904570999935], [110.52460257300004, -6.974092036999934], [110.52451156900008, -6.974279100999979], [110.52451022000008, -6.974278699999957], [110.52450280000005, -6.974274269999967], [110.52374906000006, -6.975844629999926], [110.52374784800008, -6.975847215999977], [110.52359791000003, -6.975800360999926], [110.52350021600006, -6.976209618999974], [110.52330746900009, -6.976140968999971], [110.52339988200004, -6.975744912999971], [110.52303519600008, -6.975617272999955], [110.52305003200007, -6.975554805999934], [110.52308831700009, -6.97540298399997], [110.52312528300007, -6.975302649999946], [110.52318997200007, -6.975120463999929], [110.52305135200004, -6.97506369599995], [110.52296920600008, -6.975024903999952], [110.52299817600004, -6.974951673999954], [110.52293426200004, -6.974923452999974], [110.52296554000009, -6.97483398299994], [110.52271734400006, -6.974762692999946], [110.52253515900009, -6.974694042999943], [110.52261172900006, -6.974416803999929], [110.52266170800004, -6.974246422999954]]]]}}, {"type": "Feature", "properties": {"idsubsls": "3321040001001400", "idsls": "33210400010014", "nmsls": "RT 001 RW 005", "nmdesa": "JETAKSARI", "nmkec": "SAYUNG", "kdkec": "040", "kd_kec_bps": "3321040", "kdsubsls": "00", "subsls": null}, "geometry": {"type": "MultiPolygon", "coordinates": [[[[110.52271291400007, -6.976810386999944], [110.52269624000007, -6.976810369999953], [110.52264690000004, -6.97681031999997], [110.52252861000005, -6.976810199999932], [110.52223178000008, -6.976715499999955], [110.52192133000005, -6.976742159999958], [110.52175924000005, -6.97687684999994], [110.52139479000004, -6.976916929999959], [110.52137136000005, -6.976922199999933], [110.52097683000005, -6.977010789999952], [110.52097630000009, -6.977010909999933], [110.52097539800008, -6.977010776999975], [110.52104070600006, -6.97670600999993], [110.52105390800006, -6.976529104999941], [110.52107503100007, -6.976407646999974], [110.52109879400007, -6.976397085999963], [110.52117800500008, -6.976399725999954], [110.52123081300005, -6.976373321999972], [110.52124929500008, -6.976196416999926], [110.52129418200008, -6.975969344999953], [110.52131794500008, -6.97591917799997], [110.52136811200006, -6.975810921999937], [110.52137603300008, -6.975591770999927], [110.52137451100003, -6.975399894999953], [110.52173512500008, -6.975448530999927], [110.52176944900003, -6.975369318999981], [110.52181565600006, -6.975208255999974], [110.52183809900004, -6.975115842999969], [110.52186582300004, -6.975044552999975], [110.52191071000004, -6.974993065999968], [110.52197671900007, -6.974787115999959], [110.52202424600006, -6.97461285199995], [110.52210609700006, -6.974301286999946], [110.52214834300008, -6.974166627999978], [110.52216855600005, -6.973879615999977], [110.52269773000006, -6.974121083999933], [110.52266981800005, -6.97421877499994], [110.52266170800004, -6.974246422999954], [110.52261172900006, -6.974416803999929], [110.52253515900009, -6.974694042999943], [110.52271734400006, -6.974762692999946], [110.52296554000009, -6.97483398299994], [110.52293426200004, -6.974923452999974], [110.52299817600004, -6.974951673999954], [110.52296920600008, -6.975024903999952], [110.52305135200004, -6.97506369599995], [110.52318997200007, -6.975120463999929], [110.52312528300007, -6.975302649999946], [110.52308831700009, -6.97540298399997], [110.52305003200007, -6.975554805999934], [110.52303519600008, -6.975617272999955], [110.52297478100007, -6.975871650999977], [110.52292725400008, -6.976022151999928], [110.52316224800006, -6.97608816199994], [110.52310680000005, -6.976325795999969], [110.52286124500006, -6.976280908999968], [110.52281899900004, -6.976402365999945], [110.52277411300008, -6.976581911999972], [110.52271291400007, -6.976810386999944]]]]}}, {"type": "Feature", "properties": {"idsubsls": "3321040005000400", "idsls": "33210400050004", "nmsls": "RT 04 RW 01", "nmdesa": "KARANGASEM", "nmkec": "SAYUNG", "kdkec": "040", "kd_kec_bps": "3321040", "kdsubsls": "00", "subsls": null}, "geometry": {"type": "MultiPolygon", "coordinates": [[[[110.52570436300005, -6.962225793999949], [110.52572372900005, -6.962149541999963], [110.52573779800008, -6.962093264999965], [110.52575698400005, -6.962042102999931], [110.52579151800006, -6.961980708999931], [110.52581198300004, -6.961928267999951], [110.52583569900008, -6.961891], [110.52585611000006, -6.961898849999955], [110.52587682400008, -6.961868574999926], [110.52590727100005, -6.961880943999972], [110.52611191800008, -6.96196280199996], [110.52632679700008, -6.962039544999925], [110.52659283700007, -6.962123961999964], [110.52703287200006, -6.962278441999956], [110.52728607800009, -6.962448837999943], [110.52748332100003, -6.962478609999948], [110.52735194800005, -6.962858130999962], [110.52725218300009, -6.963111381999965], [110.52722007900007, -6.963289025999927], [110.52721381200007, -6.963323701999968], [110.52713323200004, -6.96326742499997], [110.52701044400004, -6.963229052999964], [110.52682651400005, -6.963184135999938], [110.52668867800008, -6.963215641999966], [110.52667278300004, -6.963231536999956], [110.52655510600005, -6.963144636999971], [110.52629162300008, -6.962978360999955], [110.52610232500007, -6.962870921999979], [110.52592581700009, -6.96281720199994], [110.52564954400009, -6.962771156999963], [110.52556795400005, -6.962750235999977], [110.52557536000006, -6.962717436999981], [110.52557919700007, -6.962654763999979], [110.52562268400004, -6.962526859999969], [110.52564954400009, -6.962418140999944], [110.52567640400008, -6.962331165999956], [110.52570326400007, -6.962230121999937], [110.52570436300005, -6.962225793999949]]]]}}, {"type": "Feature", "properties": {"idsubsls": "3321040006003300", "idsls": "33210400060033", "nmsls": "RT 05 RW 06", "nmdesa": "KALISARI", "nmkec": "SAYUNG", "kdkec": "040", "kd_kec_bps": "3321040", "kdsubsls": "00", "subsls": null}, "geometry": {"type": "MultiPolygon", "coordinates": [[[[110.52147427200003, -6.950136592999968], [110.52151, -6.95014], [110.52156051500003, -6.950175757999943], [110.5224, -6.95077], [110.52249, -6.95086], [110.52273, -6.95107], [110.52274681000006, -6.951086809999936], [110.5228, -6.95114], [110.52287169000004, -6.951205549999941], [110.52289583600009, -6.951227625999934], [110.52253794100005, -6.952521553999929], [110.52227427300005, -6.952534736999951], [110.52202818300009, -6.953897019999943], [110.52231382300005, -6.953804735999938], [110.52266538000003, -6.95395414799998], [110.52277084700006, -6.953980513999966], [110.52312240400005, -6.954301309999948], [110.52326302600005, -6.954543004999948], [110.52311361500006, -6.954833039999926], [110.52291147000005, -6.955206568999927], [110.52272690200004, -6.955364768999971], [110.52260385700004, -6.955602069999941], [110.52233140100009, -6.955685564999953], [110.52225669500007, -6.955773453999939], [110.52220835600008, -6.956006359999947], [110.52210288900005, -6.95620850499995], [110.52199742200008, -6.956322760999967], [110.52195572900007, -6.956346585999938], [110.52187218000006, -6.956327155999929], [110.52165685200004, -6.95625464699998], [110.52153160900008, -6.956120615999964], [110.52142394500004, -6.956098643999951], [110.52106799400008, -6.956015148999938], [110.52086365200006, -6.955916273999946], [110.52091638500008, -6.955797622999967], [110.52104382400006, -6.955648211999971], [110.52118444700005, -6.955529560999935], [110.52128552000005, -6.955380149999939], [110.52138659200006, -6.955213159999971], [110.52144372000004, -6.954989042999955], [110.52073552700006, -6.954711479999958], [110.51992854900004, -6.954395199999965], [110.52001112700009, -6.954226603999928], [110.52030116100008, -6.954138714999942], [110.52053846200005, -6.953927780999948], [110.52085837100009, -6.954036096999971], [110.52109655800007, -6.954116742999929], [110.52130749200006, -6.953352106999944], [110.52160631500004, -6.952736882999943], [110.52128112500009, -6.952165602999969], [110.52125555700007, -6.951852392999967], [110.52124597000005, -6.951734945999931], [110.52128991400008, -6.951400966999927], [110.52101745800007, -6.951084565999963], [110.52128112500009, -6.950381451999931], [110.52131656300008, -6.950121574999969], [110.52147288000003, -6.950136459999953], [110.52147427200003, -6.950136592999968]]]]}}, {"type": "Feature", "properties": {"idsubsls": "3321040006003100", "idsls": "33210400060031", "nmsls": "RT 03 RW 06", "nmdesa": "KALISARI", "nmkec": "SAYUNG", "kdkec": "040", "kd_kec_bps": "3321040", "kdsubsls": "00", "subsls": null}, "geometry": {"type": "MultiPolygon", "coordinates": [[[[110.52027886900004, -6.957523520999928], [110.52016524200008, -6.957506993999971], [110.51999542200008, -6.957451625999965], [110.51962586600007, -6.95723901599996], [110.51948598900009, -6.95711353799993], [110.51948598900009, -6.957109369999955], [110.51949038300006, -6.95688525199995], [110.51956948300005, -6.956437016999928], [110.51957387800007, -6.956296394999981], [110.51927505500004, -6.956045909999943], [110.51906851500007, -6.955918470999961], [110.51937612700004, -6.955500996999945], [110.51940633100008, -6.955509032999942], [110.51961562500009, -6.955564716999959], [110.51963540000008, -6.955672380999943], [110.51963540000008, -6.955742692999934], [110.51980239000005, -6.955817397999965], [110.51990126500004, -6.955861342999981], [110.52001552100006, -6.95593385199993], [110.52008803000007, -6.955982190999976], [110.52010091700004, -6.956000804999974], [110.52011439600005, -6.955999768999959], [110.52021656700003, -6.956038219999925], [110.52025428200005, -6.956071664999968], [110.52025611800008, -6.956070079999961], [110.52039454300007, -6.956138193999948], [110.52046963100008, -6.956173361999959], [110.52056812400008, -6.956219491999946], [110.52066370400007, -6.956278816999941], [110.52062854800005, -6.956432622999955], [110.52064392900007, -6.956489750999935], [110.52083728500008, -6.956573244999959], [110.52095593500007, -6.956612795999945], [110.52108117700004, -6.956727051999962], [110.52137340900003, -6.956899533999945], [110.52156456800009, -6.956945675999975], [110.52176451600008, -6.956965450999974], [110.52179641700008, -6.956970998999964], [110.52180059300008, -6.956976138999948], [110.52159979200007, -6.957140056999947], [110.52159979200007, -6.957299877999958], [110.52159569400004, -6.957549854999968], [110.52159346100007, -6.957690542999956], [110.52146699200006, -6.95768507799994], [110.52139220500004, -6.957666483999958], [110.52129345300006, -6.957649543999935], [110.52122775600009, -6.957659872999955], [110.52119056900005, -6.957654088999959], [110.52117073600004, -6.95765367599995], [110.52115379500009, -6.957641692999971], [110.52113354900007, -6.957639213999926], [110.52110380000005, -6.957642518999933], [110.52108107400005, -6.957649543999935], [110.52105917500006, -6.957656567999948], [110.52102488100007, -6.95766400499997], [110.52099306500008, -6.957666070999949], [110.52089927100008, -6.957657806999975], [110.52085712600007, -6.957654501999968], [110.52083977200004, -6.957651609999971], [110.52076085300007, -6.957622685999979], [110.52070589900006, -6.957609877999971], [110.52064350800003, -6.957606571999975], [110.52059557800004, -6.957613182999978], [110.52056830700008, -6.957621859999961], [110.52055384600004, -6.95762392599994], [110.52052657500008, -6.957612769999969], [110.52048567000008, -6.957594589999928], [110.52032907100005, -6.957536329999925], [110.52027886900004, -6.957523520999928]]]]}}, {"type": "Feature", "properties": {"idsubsls": "3321040006003200", "idsls": "33210400060032", "nmsls": "RT 04 RW 06", "nmdesa": "KALISARI", "nmkec": "SAYUNG", "kdkec": "040", "kd_kec_bps": "3321040", "kdsubsls": "00", "subsls": null}, "geometry": {"type": "MultiPolygon", "coordinates": [[[[110.51992854900004, -6.954395199999965], [110.52073552700006, -6.954711479999958], [110.52144372000004, -6.954989042999955], [110.52138659200006, -6.955213159999971], [110.52128552000005, -6.955380149999939], [110.52118444700005, -6.955529560999935], [110.52104382400006, -6.955648211999971], [110.52091638500008, -6.955797622999967], [110.52086365200006, -6.955916273999946], [110.52106799400008, -6.956015148999938], [110.52142394500004, -6.956098643999951], [110.52153160900008, -6.956120615999964], [110.52165685200004, -6.95625464699998], [110.52187218000006, -6.956327155999929], [110.52195572900007, -6.956346585999938], [110.52196666100008, -6.956349127999943], [110.52187437700007, -6.956617189999974], [110.52181285500006, -6.956775390999951], [110.52179967100005, -6.956907223999963], [110.52180739900007, -6.956972908999944], [110.52179641700008, -6.956970998999964], [110.52176451600008, -6.956965450999974], [110.52156456800009, -6.956945675999975], [110.52137340900003, -6.956899533999945], [110.52108117700004, -6.956727051999962], [110.52095593500007, -6.956612795999945], [110.52083728500008, -6.956573244999959], [110.52064392900007, -6.956489750999935], [110.52062854800005, -6.956432622999955], [110.52066370400007, -6.956278816999941], [110.52056812400008, -6.956219491999946], [110.52046963100008, -6.956173361999959], [110.52039454300007, -6.956138193999948], [110.52025611800008, -6.956070079999961], [110.52025428200005, -6.956071664999968], [110.52021656700003, -6.956038219999925], [110.52011439600005, -6.955999768999959], [110.52010091700004, -6.956000804999974], [110.52008803000007, -6.955982190999976], [110.52001552100006, -6.95593385199993], [110.51990126500004, -6.955861342999981], [110.51980239000005, -6.955817397999965], [110.51963540000008, -6.955742692999934], [110.51963540000008, -6.955672380999943], [110.51961562500009, -6.955564716999959], [110.51940633100008, -6.955509032999942], [110.51940908600005, -6.955485616999965], [110.51957607500009, -6.955173609999974], [110.51991884300008, -6.954391395999949], [110.51992854900004, -6.954395199999965]]]]}}, {"type": "Feature", "properties": {"idsubsls": "3321040006002900", "idsls": "33210400060029", "nmsls": "RT 01 RW 06", "nmdesa": "KALISARI", "nmkec": "SAYUNG", "kdkec": "040", "kd_kec_bps": "3321040", "kdsubsls": "00", "subsls": null}, "geometry": {"type": "MultiPolygon", "coordinates": [[[[110.51948598900009, -6.95711353799993], [110.51962586600007, -6.95723901599996], [110.51999542200008, -6.957451625999965], [110.52016524200008, -6.957506993999971], [110.52027886900004, -6.957523520999928], [110.52021293400009, -6.957715887999939], [110.52019569400005, -6.957746565999969], [110.52015394600005, -6.95786082199993], [110.52010560700006, -6.958019022999963], [110.52005287400004, -6.958194800999934], [110.52009462100006, -6.958232153999973], [110.52021327200003, -6.958300267999959], [110.52035389400004, -6.95832883199995], [110.52067029500006, -6.958401340999956], [110.52077136800006, -6.958493623999971], [110.52088342700006, -6.958618865999938], [110.52096033000004, -6.958693571999959], [110.52110095200004, -6.958803433999947], [110.52174519200008, -6.958872928999938], [110.52165904900005, -6.959049522999976], [110.52155797600005, -6.959225301999936], [110.52144811500006, -6.959427446999939], [110.52140651500008, -6.959530058999974], [110.52080212900006, -6.959403276999979], [110.52042518200005, -6.959329620999938], [110.52041981100007, -6.959328570999958], [110.52009022700008, -6.959190145999969], [110.51972548700007, -6.958974816999955], [110.51947720000004, -6.95882540599996], [110.51919156000008, -6.958634246999964], [110.51893668100007, -6.958449679999944], [110.51878113300006, -6.958330857999954], [110.51902676800006, -6.957988260999969], [110.51918936300007, -6.957728987999928], [110.51932998500007, -6.957454334999966], [110.51948379100008, -6.95711156699997], [110.51948598900009, -6.95711353799993]]]]}}, {"type": "Feature", "properties": {"idsubsls": "3321040006003000", "idsls": "33210400060030", "nmsls": "RT 02 RW 06", "nmdesa": "KALISARI", "nmkec": "SAYUNG", "kdkec": "040", "kd_kec_bps": "3321040", "kdsubsls": "00", "subsls": null}, "geometry": {"type": "MultiPolygon", "coordinates": [[[[110.52027886900004, -6.957523520999928], [110.52032907100005, -6.957536329999925], [110.52048567000008, -6.957594589999928], [110.52052657500008, -6.957612769999969], [110.52055384600004, -6.95762392599994], [110.52056830700008, -6.957621859999961], [110.52059557800004, -6.957613182999978], [110.52064350800003, -6.957606571999975], [110.52070589900006, -6.957609877999971], [110.52076085300007, -6.957622685999979], [110.52083977200004, -6.957651609999971], [110.52085712600007, -6.957654501999968], [110.52089927100008, -6.957657806999975], [110.52099306500008, -6.957666070999949], [110.52102488100007, -6.95766400499997], [110.52105917500006, -6.957656567999948], [110.52108107400005, -6.957649543999935], [110.52110380000005, -6.957642518999933], [110.52113354900007, -6.957639213999926], [110.52115379500009, -6.957641692999971], [110.52117073600004, -6.95765367599995], [110.52119056900005, -6.957654088999959], [110.52122775600009, -6.957659872999955], [110.52129345300006, -6.957649543999935], [110.52139220500004, -6.957666483999958], [110.52146699200006, -6.95768507799994], [110.52159346100007, -6.957690542999956], [110.52159319700007, -6.957707192999976], [110.52159187200004, -6.957790629999977], [110.52159159600006, -6.957808026999942], [110.52157520500003, -6.95807849299996], [110.52161208600006, -6.958307978999926], [110.52169814400008, -6.95843911399993], [110.52182712300004, -6.95866407799997], [110.52174693800004, -6.958869349999929], [110.52174519200008, -6.958872928999938], [110.52110095200004, -6.958803433999947], [110.52096033000004, -6.958693571999959], [110.52088342700006, -6.958618865999938], [110.52077136800006, -6.958493623999971], [110.52067029500006, -6.958401340999956], [110.52035389400004, -6.95832883199995], [110.52021327200003, -6.958300267999959], [110.52009462100006, -6.958232153999973], [110.52005287400004, -6.958194800999934], [110.52010560700006, -6.958019022999963], [110.52015394600005, -6.95786082199993], [110.52019569400005, -6.957746565999969], [110.52021293400009, -6.957715887999939], [110.52027886900004, -6.957523520999928]]]]}}, {"type": "Feature", "properties": {"idsubsls": "3321040015000600", "idsls": "33210400150006", "nmsls": "RT 006 RW 01", "nmdesa": "BEDONO", "nmkec": "SAYUNG", "kdkec": "040", "kd_kec_bps": "3321040", "kdsubsls": "00", "subsls": null}, "geometry": {"type": "MultiPolygon", "coordinates": [[[[110.50646661200005, -6.911536373999979], [110.50641460900005, -6.911491468999941], [110.50636276000006, -6.911441162999949], [110.50626585200007, -6.911327588999939], [110.50591216900006, -6.910912798999959], [110.50534372000004, -6.910215051999955], [110.50445521800009, -6.909448134999934], [110.50443339500004, -6.909379548999937], [110.50382547300006, -6.908759155999974], [110.50400005600005, -6.908434930999931], [110.50367583100007, -6.908188644999939], [110.50361659700008, -6.908188644999939], [110.50356048100008, -6.908141881999939], [110.50343577900009, -6.908132528999943], [110.50333290000009, -6.908045237999943], [110.50327054900004, -6.908104470999945], [110.50307102600004, -6.907920535999949], [110.50298685200005, -6.907908064999958], [110.50293385400005, -6.907948593999947], [110.50283097500005, -6.908057707999944], [110.50276862400005, -6.908032766999952], [110.50259092400006, -6.907820773999958], [110.50235087200008, -6.907590074999973], [110.50240075300007, -6.907403021999926], [110.50223864100008, -6.90733755399998], [110.50194559100004, -6.907244026999933], [110.50175853800005, -6.907106854999938], [110.50161824800006, -6.907069444999934], [110.50125349500007, -6.906935389999944], [110.50107579500008, -6.906860568999946], [110.50096979800009, -6.906863686999941], [110.50090433000008, -6.906835628999943], [110.50074221700004, -6.906760806999955], [110.50075537400005, -6.906748965999952], [110.50077339300009, -6.906732748999957], [110.50093862300008, -6.906595576999962], [110.50102279700008, -6.906452169999966], [110.50113981100009, -6.906215062999934], [110.50170554000005, -6.906408523999971], [110.50248804500006, -6.906682868999951], [110.50332354800008, -6.907106854999938], [110.50439598500009, -6.907733482999959], [110.50477632600007, -6.907908064999958], [110.50499767200006, -6.908173056999942], [110.50501637700006, -6.908300876999931], [110.50503196500006, -6.908575220999978], [110.50506937500006, -6.908824624999966], [110.50512237400005, -6.908943091999959], [110.50519096000005, -6.909024147999958], [110.50567418000009, -6.90940448899994], [110.50604828600007, -6.909716243999981], [110.50682767300009, -6.910358458999951], [110.50739628800005, -6.910954885999956], [110.50763200100005, -6.911241893999943], [110.50769690800007, -6.911194688999956], [110.50843928000006, -6.912110680999945], [110.50828028500007, -6.912220574999935], [110.50826678600004, -6.91223051299994], [110.50824512600008, -6.912246460999938], [110.50824582700005, -6.912249566999947], [110.50796488600008, -6.912420231999931], [110.50795606000008, -6.912416979999932], [110.50794727900006, -6.912425150999979], [110.50773017200004, -6.912625714999933], [110.50764118800004, -6.912666383999976], [110.50763053200006, -6.912657642999932], [110.50762568400006, -6.912653939999927], [110.50679836100005, -6.911875726999938], [110.50648678300007, -6.911530394999943], [110.50648245300005, -6.911525595999933], [110.50646661200005, -6.911536373999979]]]]}}, {"type": "Feature", "properties": {"idsubsls": "3321040007001600", "idsls": "33210400070016", "nmsls": "RT 004 RW 004", "nmdesa": "SAYUNG", "nmkec": "SAYUNG", "kdkec": "040", "kd_kec_bps": "3321040", "kdsubsls": "00", "subsls": null}, "geometry": {"type": "MultiPolygon", "coordinates": [[[[110.50924139600005, -6.946052957999939], [110.50936551000007, -6.945638900999938], [110.50928354400008, -6.945533735999959], [110.50938870800007, -6.94515019499994], [110.50910878500008, -6.94495533099996], [110.50942601100007, -6.943552026999953], [110.50932184600003, -6.943467331999955], [110.50934472000006, -6.943438819999926], [110.50949628000006, -6.943246899999963], [110.51125413300008, -6.944733925999969], [110.51178759900006, -6.945409778999931], [110.51163185600006, -6.945555787999979], [110.51161918600008, -6.945569142999943], [110.51160288200003, -6.945575935999955], [110.51097255000008, -6.94583857899994], [110.50996965600007, -6.946256278999954], [110.50966024800005, -6.946378118999974], [110.50924139600005, -6.946052957999939]]]]}}, {"type": "Feature", "properties": {"idsubsls": "3321040013001300", "idsls": "33210400130013", "nmsls": "RT 002 RW 004 DUSUN PURWOREJO", "nmdesa": "PURWOSARI", "nmkec": "SAYUNG", "kdkec": "040", "kd_kec_bps": "3321040", "kdsubsls": "00", "subsls": null}, "geometry": {"type": "MultiPolygon", "coordinates": [[[[110.50491460300009, -6.949361574999955], [110.50487020500009, -6.949434783999948], [110.50480278900005, -6.949546909999981], [110.50452144200005, -6.950013252999952], [110.50444980000009, -6.949972770999977], [110.50284420000008, -6.94906551899993], [110.50197128600007, -6.948317306999968], [110.50147247900009, -6.947918259999938], [110.50122931000004, -6.947818498999936], [110.50102355200005, -6.94748803899995], [110.50055591900008, -6.947113932999969], [110.50047189300005, -6.946993894999935], [110.50046525600004, -6.947003236999933], [110.50013816800003, -6.946471717999941], [110.49894889800004, -6.944724594999968], [110.49892855900003, -6.944694714999969], [110.49892763300005, -6.944695091999961], [110.49891572300004, -6.944657874999962], [110.50021574100003, -6.944265063999978], [110.50437766900006, -6.942968162999932], [110.50611325600005, -6.942436039999961], [110.50610885900005, -6.942431901999953], [110.50657570800007, -6.942280695999955], [110.50694368400008, -6.942161512999974], [110.50761902300007, -6.941942779999977], [110.50764431200008, -6.94205691999997], [110.50764444600009, -6.942056878999949], [110.50764985800004, -6.942058681999981], [110.50764522600008, -6.942063892999954], [110.50777850100008, -6.942519834999928], [110.50808869700006, -6.942859646999977], [110.50801075800007, -6.943020200999968], [110.50786735100007, -6.943375601999946], [110.50724384100005, -6.943141785999956], [110.50712849200005, -6.94313866799996], [110.50704959600006, -6.943267770999967], [110.50674308500004, -6.943135550999955], [110.50600734300008, -6.944501036999952], [110.50668075700008, -6.944942033999951], [110.50691961600006, -6.945031019999931], [110.50714451800008, -6.945194183999945], [110.50745936400006, -6.945422601999951], [110.50706302300006, -6.945878993999941], [110.50644574900008, -6.945336539999971], [110.50644255000009, -6.945321258999968], [110.50578288000008, -6.94475667599994], [110.50575170400003, -6.944769145999942], [110.50549606500005, -6.945498652999959], [110.50316413900003, -6.945822877999944], [110.50301449600005, -6.945573473999957], [110.50259051000006, -6.945723115999954], [110.50449845000009, -6.94783681499996], [110.50529654200005, -6.948535145999926], [110.50540877400005, -6.948622436999926], [110.50491296000007, -6.949356975999933], [110.50491460300009, -6.949361574999955]]]]}}, {"type": "Feature", "properties": {"idsubsls": "3321040007001800", "idsls": "33210400070018", "nmsls": "RT 002 RW 005", "nmdesa": "SAYUNG", "nmkec": "SAYUNG", "kdkec": "040", "kd_kec_bps": "3321040", "kdsubsls": "00", "subsls": null}, "geometry": {"type": "MultiPolygon", "coordinates": [[[[110.52159015500007, -6.939717253999959], [110.52117151600004, -6.939733564999926], [110.52117403700004, -6.939747086999944], [110.52111095500004, -6.939778321999938], [110.52110696200003, -6.939780298999949], [110.52097043400005, -6.939774092999926], [110.52095775200007, -6.939742386999967], [110.52095484600005, -6.939735123999981], [110.52096684900005, -6.93968511199995], [110.52099079500005, -6.939534351999953], [110.52099849200005, -6.939521570999943], [110.52136324500009, -6.939272166999956], [110.52155965100008, -6.939240991999952], [110.52184334800006, -6.938664244999927], [110.52182784000007, -6.938648736999937], [110.52178723200007, -6.938608129999977], [110.52199610800005, -6.938477191999937], [110.52237333100004, -6.939019645999963], [110.52248868000004, -6.939122524999959], [110.52339900500004, -6.939421809999942], [110.52358378500008, -6.939710065999975], [110.52343352000008, -6.93994596899995], [110.52342238600005, -6.939939322999976], [110.52318545300005, -6.939786562999927], [110.52256506000003, -6.939696153999932], [110.52235306700004, -6.939596392999931], [110.52223148300004, -6.939580804999935], [110.52200390200005, -6.939580804999935], [110.52175138000007, -6.939655625999933], [110.52165317700008, -6.939685242999929], [110.52159015500007, -6.939717253999959]]]]}}, {"type": "Feature", "properties": {"idsubsls": "3321040013001100", "idsls": "33210400130011", "nmsls": "RT 004 RW 003 DUSUN SETRO KEMITIR", "nmdesa": "PURWOSARI", "nmkec": "SAYUNG", "kdkec": "040", "kd_kec_bps": "3321040", "kdsubsls": "00", "subsls": null}, "geometry": {"type": "MultiPolygon", "coordinates": [[[[110.50248395000006, -6.938146139999958], [110.50203989700009, -6.938622348999957], [110.50200644400007, -6.938652759999968], [110.50200530500007, -6.938653795999926], [110.50175620000005, -6.938352680999969], [110.50099551800008, -6.93755146999996], [110.50049047500005, -6.937146188999975], [110.49971420500009, -6.936541384999941], [110.49963124500005, -6.936453395999933], [110.49971108800008, -6.936475915999949], [110.50004466600006, -6.93588669899998], [110.50025042400006, -6.936005165999973], [110.50061205900005, -6.936139220999962], [110.50066505800004, -6.936170395999966], [110.50113892500008, -6.935546885999941], [110.50123556900007, -6.935512592999942], [110.50208354300008, -6.935718351999981], [110.50199313400009, -6.936220276999961], [110.50254805700007, -6.936422917999948], [110.50248570600007, -6.936837551999929], [110.50221136200008, -6.937342594999961], [110.50220512700008, -6.937744757999951], [110.50217706900008, -6.937797756999942], [110.50249194200006, -6.938137569999981], [110.50248395000006, -6.938146139999958]]]]}}, {"type": "Feature", "properties": {"idsubsls": "3321040013300100", "idsls": "33210400133001", "nmsls": "LAHAN TERBUKA", "nmdesa": "PURWOSARI", "nmkec": "SAYUNG", "kdkec": "040", "kd_kec_bps": "3321040", "kdsubsls": "00", "subsls": null}, "geometry": {"type": "MultiPolygon", "coordinates": [[[[110.50663036500003, -6.947689313999945], [110.50662263900006, -6.94768062199995], [110.50639, -6.94816], [110.50623, -6.94856], [110.50601, -6.94894], [110.50574, -6.94926], [110.50556, -6.94939], [110.50516, -6.94946], [110.5051, -6.94946], [110.50491481000006, -6.949361231999944], [110.50491460300009, -6.949361574999955], [110.50491296000007, -6.949356975999933], [110.50540877400005, -6.948622436999926], [110.50529654200005, -6.948535145999926], [110.50449845000009, -6.94783681499996], [110.50259051000006, -6.945723115999954], [110.50301449600005, -6.945573473999957], [110.50316413900003, -6.945822877999944], [110.50549606500005, -6.945498652999959], [110.50575170400003, -6.944769145999942], [110.50578288000008, -6.94475667599994], [110.50644255000009, -6.945321258999968], [110.50644574900008, -6.945336539999971], [110.50706302300006, -6.945878993999941], [110.50745936400006, -6.945422601999951], [110.50714451800008, -6.945194183999945], [110.50691961600006, -6.945031019999931], [110.50668075700008, -6.944942033999951], [110.50600734300008, -6.944501036999952], [110.50674308500004, -6.943135550999955], [110.50704959600006, -6.943267770999967], [110.50706107500008, -6.94327272299995], [110.50688025700003, -6.94381517599993], [110.50691766800009, -6.944008463999978], [110.50707978000008, -6.944232927999963], [110.50762846900005, -6.94475044099994], [110.50807739600003, -6.945174427999973], [110.50798075200004, -6.945277306999969], [110.50788099000005, -6.945389538999962], [110.50759105800006, -6.946490032999975], [110.50742894600006, -6.946670850999965], [110.50688649200004, -6.947147835999942], [110.50661214800004, -6.947652878999975], [110.50663036500003, -6.947689313999945]]]]}}, {"type": "Feature", "properties": {"idsubsls": "3321040016001800", "idsls": "33210400160018", "nmsls": "RT 02 RW 05", "nmdesa": "TIMBULSLOKO", "nmkec": "SAYUNG", "kdkec": "040", "kd_kec_bps": "3321040", "kdsubsls": "00", "subsls": null}, "geometry": {"type": "MultiPolygon", "coordinates": [[[[110.50605882100007, -6.902244994999933], [110.50590669000007, -6.902099201999931], [110.50568539100004, -6.902261487999965], [110.50532393700007, -6.901811513999974], [110.50560424800005, -6.901553332999981], [110.50537557300004, -6.901295150999943], [110.50523541800004, -6.901184501999978], [110.50521170600007, -6.901176293999981], [110.50609286900004, -6.900800457999935], [110.50616665800004, -6.900867537999943], [110.50669777400009, -6.901376524999932], [110.50686374800006, -6.901531433999935], [110.50720869000008, -6.90179080799993], [110.50684161800007, -6.90219901699993], [110.50645065800006, -6.901800679999951], [110.50605882100007, -6.902244994999933]]]]}}, {"type": "Feature", "properties": {"idsubsls": "3321040016001700", "idsls": "33210400160017", "nmsls": "RT 01 RW 05", "nmdesa": "TIMBULSLOKO", "nmkec": "SAYUNG", "kdkec": "040", "kd_kec_bps": "3321040", "kdsubsls": "00", "subsls": null}, "geometry": {"type": "MultiPolygon", "coordinates": [[[[110.50609286900004, -6.900800457999935], [110.50521170600007, -6.901176293999981], [110.50504362600009, -6.901118112999939], [110.50493297600008, -6.900977956999952], [110.50483708000007, -6.900852553999925], [110.50474118400007, -6.900727151999945], [110.50462315900006, -6.900564865999968], [110.50440186000009, -6.900358320999942], [110.50421006800008, -6.900203411999939], [110.50450513300007, -6.899864087999958], [110.50448539800004, -6.899841984999966], [110.50452536100005, -6.899757357999931], [110.50474297100004, -6.899997097999972], [110.50486468500009, -6.899938084999974], [110.50496426900008, -6.89998972099994], [110.50508967200005, -6.900059798999962], [110.50524826900005, -6.90014094199995], [110.50533678900007, -6.900133564999976], [110.50537736000007, -6.900096681999969], [110.50581626900004, -6.899377461999961], [110.50601174900004, -6.899477045999959], [110.50546587900004, -6.900288473999979], [110.50566873600008, -6.900443382999981], [110.50591954100008, -6.900144629999943], [110.50602281400006, -6.90024421399994], [110.50579782700004, -6.900542966999978], [110.50596380100006, -6.900683122999965], [110.50609286900004, -6.900800457999935]]]]}}, {"type": "Feature", "properties": {"idsubsls": "3321040016002000", "idsls": "33210400160020", "nmsls": "RT 04 RW 06", "nmdesa": "TIMBULSLOKO", "nmkec": "SAYUNG", "kdkec": "040", "kd_kec_bps": "3321040", "kdsubsls": "00", "subsls": null}, "geometry": {"type": "MultiPolygon", "coordinates": [[[[110.50810060000003, -6.904294680999953], [110.50791312900009, -6.904149901999972], [110.50726398700004, -6.903604031999976], [110.50719828200005, -6.903525185999968], [110.50720273200005, -6.903415412999948], [110.50727392200008, -6.903263411999944], [110.50750926600006, -6.902932187999966], [110.50757835800005, -6.902999840999939], [110.50778859100006, -6.903073606999953], [110.50785866900009, -6.903051476999963], [110.50801357800009, -6.903169502999958], [110.50808365600005, -6.903228515999956], [110.50818324000005, -6.903324411999961], [110.50823487600007, -6.903394489999926], [110.50828651300009, -6.903483008999956], [110.50834183700005, -6.903545710999936], [110.50837503200006, -6.903589969999928], [110.50837503200006, -6.903593658999966], [110.50842666800008, -6.903671112999973], [110.50850781100007, -6.903711684999962], [110.50852836300004, -6.903732236999929], [110.50845336800006, -6.903804552999929], [110.50840190000008, -6.903855540999928], [110.50833600100009, -6.903933945999938], [110.50839017600003, -6.903981727999962], [110.50833538300009, -6.904039482999963], [110.50810060000003, -6.904294680999953]]]]}}, {"type": "Feature", "properties": {"idsubsls": "3321040016000900", "idsls": "33210400160009", "nmsls": "RT 09 RW 02", "nmdesa": "TIMBULSLOKO", "nmkec": "SAYUNG", "kdkec": "040", "kd_kec_bps": "3321040", "kdsubsls": "00", "subsls": null}, "geometry": {"type": "MultiPolygon", "coordinates": [[[[110.51114326000004, -6.89577219499995], [110.51173411200006, -6.895285877999981], [110.51188744700005, -6.895443575999934], [110.51194181000005, -6.89539627299996], [110.51199546800007, -6.895343321999974], [110.51196299100008, -6.895310844999926], [110.51184803900009, -6.89519054699997], [110.51202901000005, -6.895025312999962], [110.51204276600004, -6.895045947999961], [110.51216816900006, -6.89521560999998], [110.51239684400008, -6.89544428499994], [110.51292796000007, -6.894750882999972], [110.51323777800008, -6.895031193999955], [110.51285419400006, -6.895459037999956], [110.51262765100006, -6.895699739999941], [110.51265779100004, -6.895732894999981], [110.51280246500005, -6.895877567999946], [110.51257969800008, -6.896117470999968], [110.51242155000006, -6.896185248999927], [110.51217303100009, -6.896388581999929], [110.51183131800008, -6.896628627999974], [110.51158739900006, -6.896806023999943], [110.51148150900008, -6.896681308999973], [110.51173231400008, -6.896511646999954], [110.51169517000005, -6.896465018999947], [110.51114326000004, -6.89577219499995]]]]}}, {"type": "Feature", "properties": {"idsubsls": "3321040007000902", "idsls": "33210400070009", "nmsls": "RT 004 RW 002", "nmdesa": "SAYUNG", "nmkec": "SAYUNG", "kdkec": "040", "kd_kec_bps": "3321040", "kdsubsls": "02", "subsls": null}, "geometry": {"type": "MultiPolygon", "coordinates": [[[[110.50885624600005, -6.941715916999954], [110.50954015000008, -6.94205634399998], [110.50951640800008, -6.942101160999925], [110.50936489800006, -6.942359820999968], [110.50891682600007, -6.942132654999966], [110.50867247500008, -6.942518471999961], [110.50842940900009, -6.942399605999981], [110.50874695000005, -6.941952839999942], [110.50875288100008, -6.941944494999973], [110.50884926000003, -6.94180887999994], [110.50885624600005, -6.941715916999954]]]]}}, {"type": "Feature", "properties": {"idsubsls": "3321040016001000", "idsls": "33210400160010", "nmsls": "RT 01 RW 03", "nmdesa": "TIMBULSLOKO", "nmkec": "SAYUNG", "kdkec": "040", "kd_kec_bps": "3321040", "kdsubsls": "00", "subsls": null}, "geometry": {"type": "MultiPolygon", "coordinates": [[[[110.51202901000005, -6.895025312999962], [110.51184803900009, -6.89519054699997], [110.51196299100008, -6.895310844999926], [110.51199546800007, -6.895343321999974], [110.51194181000005, -6.89539627299996], [110.51188744700005, -6.895443575999934], [110.51173411200006, -6.895285877999981], [110.51114326000004, -6.89577219499995], [110.51103891200006, -6.895641205999937], [110.51017218100009, -6.894669016999956], [110.51032420200005, -6.894477839999979], [110.51042728000004, -6.894367700999965], [110.51052329900006, -6.89426603499993], [110.51068709500004, -6.89413471499995], [110.51065744300007, -6.894105061999937], [110.51060237300004, -6.894025987999953], [110.51053759700005, -6.893946816999971], [110.51062092300003, -6.893858312999953], [110.51089280700006, -6.893612571999938], [110.51093627400007, -6.893659143999969], [110.51122396200009, -6.893954208999958], [110.51148952000005, -6.894256649999932], [110.51166655900005, -6.894057480999948], [110.51199113000007, -6.894352545999936], [110.51176245500005, -6.894625480999935], [110.51202901000005, -6.895025312999962]]]]}}, {"type": "Feature", "properties": {"idsubsls": "3321040013001200", "idsls": "33210400130012", "nmsls": "RT 001 RW 004 DUSUN PURWOREJO", "nmdesa": "PURWOSARI", "nmkec": "SAYUNG", "kdkec": "040", "kd_kec_bps": "3321040", "kdsubsls": "00", "subsls": null}, "geometry": {"type": "MultiPolygon", "coordinates": [[[[110.50785292200004, -6.948270006999962], [110.50785008300005, -6.948298872999942], [110.50775589900007, -6.948591662999945], [110.50775173800008, -6.948604598999964], [110.50762671200005, -6.948508425999933], [110.50701046900008, -6.948044430999971], [110.50672047300009, -6.947790683999926], [110.50663036500003, -6.947689313999945], [110.50661214800004, -6.947652878999975], [110.50688649200004, -6.947147835999942], [110.50742894600006, -6.946670850999965], [110.50759105800006, -6.946490032999975], [110.50788099000005, -6.945389538999962], [110.50798075200004, -6.945277306999969], [110.50807739600003, -6.945174427999973], [110.50762846900005, -6.94475044099994], [110.50707978000008, -6.944232927999963], [110.50691766800009, -6.944008463999978], [110.50688025700003, -6.94381517599993], [110.50706107500008, -6.94327272299995], [110.50704959600006, -6.943267770999967], [110.50712849200005, -6.94313866799996], [110.50724384100005, -6.943141785999956], [110.50786735100007, -6.943375601999946], [110.50801075800007, -6.943020200999968], [110.50808869700006, -6.942859646999977], [110.50777850100008, -6.942519834999928], [110.50764522600008, -6.942063892999954], [110.50764985800004, -6.942058681999981], [110.50764444600009, -6.942056878999949], [110.50764431200008, -6.94205691999997], [110.50761902300007, -6.941942779999977], [110.50761853800009, -6.94194059299997], [110.50814279600007, -6.941762856999958], [110.50886303600004, -6.941518677999966], [110.50886292000007, -6.941627109999956], [110.50886229500009, -6.941635424999959], [110.50885624600005, -6.941715916999954], [110.50884926000003, -6.94180887999994], [110.50875288100008, -6.941944494999973], [110.50874695000005, -6.941952839999942], [110.50842940900009, -6.942399605999981], [110.50841052100009, -6.942426180999973], [110.50840313000003, -6.942436579999935], [110.50824198000004, -6.942663309999944], [110.50841003000005, -6.942730869999934], [110.50841106000007, -6.942730749999953], [110.50841877000005, -6.94272983999997], [110.50841937000007, -6.942730049999966], [110.50848403000003, -6.942753279999977], [110.50857749000005, -6.942786859999956], [110.50863635000007, -6.942808629999945], [110.50863709000004, -6.942808939999964], [110.50864, -6.94281], [110.50902995000007, -6.942976299999941], [110.50932476000008, -6.943101519999971], [110.50949773000008, -6.943245069999932], [110.50949628000006, -6.943246899999963], [110.50934472000006, -6.943438819999926], [110.50932184600003, -6.943467331999955], [110.50931243000008, -6.943479069999967], [110.50922818000004, -6.943639729999973], [110.50884112000006, -6.945097739999937], [110.50863059100004, -6.945658334999962], [110.50841695300005, -6.946587198999964], [110.50785870900006, -6.948211178999941], [110.50785292200004, -6.948270006999962]]]]}}, {"type": "Feature", "properties": {"idsubsls": "3321040016001100", "idsls": "33210400160011", "nmsls": "RT 02 RW 03", "nmdesa": "TIMBULSLOKO", "nmkec": "SAYUNG", "kdkec": "040", "kd_kec_bps": "3321040", "kdsubsls": "00", "subsls": null}, "geometry": {"type": "MultiPolygon", "coordinates": [[[[110.51089280700006, -6.893612571999938], [110.51062092300003, -6.893858312999953], [110.51053759700005, -6.893946816999971], [110.51060237300004, -6.894025987999953], [110.51065744300007, -6.894105061999937], [110.51068709500004, -6.89413471499995], [110.51052329900006, -6.89426603499993], [110.51042728000004, -6.894367700999965], [110.51032420200005, -6.894477839999979], [110.51017218100009, -6.894669016999956], [110.51007827500007, -6.89456368499998], [110.51006888700005, -6.894553154999926], [110.50999143300004, -6.894637985999964], [110.50989922500008, -6.89477814199995], [110.50955252400007, -6.894531024999935], [110.50981808300008, -6.89418432399998], [110.50979591600009, -6.894150335999939], [110.50979042000006, -6.894141908999927], [110.50967184500007, -6.894055064999975], [110.50975091500004, -6.893929969999931], [110.50980598400008, -6.893869251999945], [110.50996130800007, -6.893689922999954], [110.51007003500007, -6.893537422999941], [110.51011380800009, -6.893473881999967], [110.51026383000004, -6.89360008999995], [110.51046048200004, -6.893353013999956], [110.51049917400007, -6.893310329999963], [110.51039762800008, -6.893225362999942], [110.51035103000004, -6.893134992999933], [110.51022818300004, -6.893014969999967], [110.51020875400008, -6.892951825999944], [110.51021521000007, -6.892956520999974], [110.51036643000003, -6.89277948299997], [110.51045495000005, -6.892853248999927], [110.51135858500004, -6.89171356199995], [110.51164996100005, -6.891938547999928], [110.51142128600009, -6.892196729999966], [110.51142031900008, -6.892216069999961], [110.51143419500005, -6.892198573999963], [110.51172188300006, -6.892382988999941], [110.51168868900004, -6.892419872999938], [110.51108380600004, -6.893098520999956], [110.51072972800006, -6.893437844999937], [110.51089280700006, -6.893612571999938]]]]}}, {"type": "Feature", "properties": {"idsubsls": "3321040016001200", "idsls": "33210400160012", "nmsls": "RT 03 RW 03", "nmdesa": "TIMBULSLOKO", "nmkec": "SAYUNG", "kdkec": "040", "kd_kec_bps": "3321040", "kdsubsls": "00", "subsls": null}, "geometry": {"type": "MultiPolygon", "coordinates": [[[[110.51020875400008, -6.892951825999944], [110.51022818300004, -6.893014969999967], [110.51035103000004, -6.893134992999933], [110.51039762800008, -6.893225362999942], [110.51049917400007, -6.893310329999963], [110.51046048200004, -6.893353013999956], [110.51026383000004, -6.89360008999995], [110.51011380800009, -6.893473881999967], [110.51007003500007, -6.893537422999941], [110.50996130800007, -6.893689922999954], [110.50980598400008, -6.893869251999945], [110.50975091500004, -6.893929969999931], [110.50967184500007, -6.894055064999975], [110.50965948500004, -6.894046012999979], [110.50950273200004, -6.893909544999929], [110.50932200500006, -6.893771233999928], [110.50910221900006, -6.893648302999964], [110.50913950300009, -6.893606965999936], [110.50925811400003, -6.89344740599995], [110.50941908600004, -6.893232775999934], [110.50936542900007, -6.89319323899997], [110.50932928300006, -6.89316213799998], [110.50944066500006, -6.893022910999946], [110.50951074300008, -6.89289197599993], [110.50966155000003, -6.892707458999951], [110.50977998900004, -6.89277948299997], [110.51001235300004, -6.892808988999946], [110.51020875400008, -6.892951825999944]]]]}}, {"type": "Feature", "properties": {"idsubsls": "3321040014007500", "idsls": "33210400140075", "nmsls": "RT 007 RW 008", "nmdesa": "SRIWULAN", "nmkec": "SAYUNG", "kdkec": "040", "kd_kec_bps": "3321040", "kdsubsls": "00", "subsls": null}, "geometry": {"type": "MultiPolygon", "coordinates": [[[[110.48181303700005, -6.937174121999931], [110.48214603200006, -6.936622301999932], [110.48236464900003, -6.936145318999934], [110.48236736600006, -6.936147129999938], [110.48258971400008, -6.936295361999953], [110.48248886400006, -6.936508024999966], [110.48237707100009, -6.936709251999957], [110.48220565500009, -6.937052083999959], [110.48201760700005, -6.937350207999941], [110.48181303700005, -6.937174121999931]]]]}}, {"type": "Feature", "properties": {"idsubsls": "3321040014002600", "idsls": "33210400140026", "nmsls": "RT 011 RW 003", "nmdesa": "SRIWULAN", "nmkec": "SAYUNG", "kdkec": "040", "kd_kec_bps": "3321040", "kdsubsls": "00", "subsls": null}, "geometry": {"type": "MultiPolygon", "coordinates": [[[[110.49072743900007, -6.94344114699993], [110.49086401900007, -6.943320873999937], [110.49111244800008, -6.943015306999939], [110.49134498700005, -6.942707603999963], [110.49135528700003, -6.942715328999952], [110.49136522400005, -6.942725265999968], [110.49138261400009, -6.942730234999942], [110.49139255200004, -6.94274265599995], [110.49141491000006, -6.942760045999933], [110.49141987900003, -6.942767498999956], [110.49142733200006, -6.942774951999979], [110.49143726900007, -6.942787372999931], [110.49145465900006, -6.942799794999928], [110.49146211200008, -6.942812215999936], [110.49147950200006, -6.942824636999944], [110.49149440700006, -6.942834574999949], [110.49150186000008, -6.942839542999934], [110.49151428200008, -6.942844511999965], [110.49152421900004, -6.942851964999932], [110.49154906200005, -6.942866869999932], [110.49155651500007, -6.942874322999955], [110.49156396700005, -6.942881775999979], [110.49156852600004, -6.94288861299998], [110.49157349500007, -6.942896066999936], [110.49140062600009, -6.943082381999943], [110.49114474400005, -6.94339043399998], [110.49098678500008, -6.943582241999934], [110.49097084400006, -6.943574270999932], [110.49086650400005, -6.943519616999936], [110.49084662900009, -6.943509679999977], [110.49076713200009, -6.94346496299994], [110.49072743900007, -6.94344114699993]]]]}}, {"type": "Feature", "properties": {"idsubsls": "3321040014002800", "idsls": "33210400140028", "nmsls": "RT 013 RW 003", "nmdesa": "SRIWULAN", "nmkec": "SAYUNG", "kdkec": "040", "kd_kec_bps": "3321040", "kdsubsls": "00", "subsls": null}, "geometry": {"type": "MultiPolygon", "coordinates": [[[[110.49109066300008, -6.945578517999934], [110.49105483500006, -6.945543523999959], [110.49096093000009, -6.94545180199998], [110.49089463500007, -6.945412024999939], [110.49085208600007, -6.945375858999967], [110.49118171400005, -6.945006275999958], [110.49179604300008, -6.94427995999996], [110.49204341500007, -6.944476326999961], [110.49194468500008, -6.94459282899993], [110.49171116200006, -6.944863616999953], [110.49148509100007, -6.945141856999953], [110.49134348700005, -6.945313272999954], [110.49124660000007, -6.945427549999977], [110.49117455500004, -6.94549462599997], [110.49109066300008, -6.945578517999934]]]]}}, {"type": "Feature", "properties": {"idsubsls": "3321040014005800", "idsls": "33210400140058", "nmsls": "RT 002 RW 007", "nmdesa": "SRIWULAN", "nmkec": "SAYUNG", "kdkec": "040", "kd_kec_bps": "3321040", "kdsubsls": "00", "subsls": null}, "geometry": {"type": "MultiPolygon", "coordinates": [[[[110.48764530000005, -6.940777089999926], [110.48764401900007, -6.940778550999937], [110.48746675600006, -6.940980674999935], [110.48690530600004, -6.941636526999957], [110.48682580900004, -6.941552060999925], [110.48656298900005, -6.941819659999965], [110.48639908700005, -6.941682753999942], [110.48663265600004, -6.94137847099995], [110.48670470000008, -6.941443062999952], [110.48740030100004, -6.940658027999973], [110.48743858100005, -6.94061334099996], [110.48764530000005, -6.940777089999926]]]]}}, {"type": "Feature", "properties": {"idsubsls": "3321040014001900", "idsls": "33210400140019", "nmsls": "RT 004 RW 003", "nmdesa": "SRIWULAN", "nmkec": "SAYUNG", "kdkec": "040", "kd_kec_bps": "3321040", "kdsubsls": "00", "subsls": null}, "geometry": {"type": "MultiPolygon", "coordinates": [[[[110.49053292400004, -6.943265533999977], [110.49054354600008, -6.943276156999957], [110.49057335800006, -6.943296030999932], [110.49059323200004, -6.943310936999978], [110.49064788600003, -6.943375527999933], [110.49071744600008, -6.94343515099996], [110.49072743900007, -6.94344114699993], [110.49076713200009, -6.94346496299994], [110.49084662900009, -6.943509679999977], [110.49086650400005, -6.943519616999936], [110.49097084400006, -6.943574270999932], [110.49098678500008, -6.943582241999934], [110.49102052900008, -6.943599113999937], [110.49107518400007, -6.943633893999959], [110.49113480700004, -6.943693516999929], [110.49118946100003, -6.94374320299994], [110.49121927300007, -6.943777982999961], [110.49125405300003, -6.943792888999951], [110.49128883300006, -6.943817731999957], [110.49130736700005, -6.94383008799997], [110.49130684400006, -6.943831394999961], [110.49132920200009, -6.943871143999957], [110.49136895100008, -6.943915860999937], [110.49137890600008, -6.943923500999972], [110.49147577500008, -6.943997841999931], [110.49151401100005, -6.94403097999998], [110.49148757600005, -6.944061191999936], [110.49143789000004, -6.944110877999947], [110.49137826700007, -6.944170499999927], [110.49134348700005, -6.944195342999933], [110.49132858100006, -6.944220185999939], [110.49128883300006, -6.944259934999934], [110.49125902100008, -6.944294714999955], [110.49124908400006, -6.944319557999961], [110.49120933500006, -6.944359305999967], [110.49118449200006, -6.944384148999973], [110.49116461800008, -6.944408991999978], [110.49112487000008, -6.944468614999948], [110.49105530900005, -6.944558048999966], [110.49103543500007, -6.944597797999961], [110.49098078100008, -6.944647483999972], [110.49093606400004, -6.944697169999927], [110.49091618900007, -6.944731949999948], [110.49091346000006, -6.944738090999977], [110.49089198300004, -6.944730510999932], [110.49073817800007, -6.944603223999934], [110.49054194500007, -6.944486544999961], [110.49050597900003, -6.944440302999965], [110.49053857800004, -6.944379180999931], [110.49056342000006, -6.944319557999961], [110.49057335800006, -6.944304651999971], [110.49057335800006, -6.944279808999966], [110.49057335800006, -6.944259934999934], [110.49057335800006, -6.944220185999939], [110.49055348300004, -6.944195342999933], [110.49050379800008, -6.944155594999927], [110.49047895500007, -6.944110877999947], [110.49046404900008, -6.944066159999977], [110.49045411200007, -6.94402144299994], [110.49045411200007, -6.943996599999934], [110.49043423800003, -6.94394691499997], [110.49042430000009, -6.94394691499997], [110.49038455200008, -6.94393200899998], [110.49028021200007, -6.943902196999943], [110.49021065200009, -6.943847542999947], [110.49019574600004, -6.943822699999942], [110.49015599700004, -6.943768045999946], [110.49013115400004, -6.943723328999965], [110.49012618600005, -6.94369848599996], [110.49012121700008, -6.943638862999933], [110.49012121700008, -6.943623956999943], [110.49013612300007, -6.943604082999968], [110.49014109200004, -6.943579239999963], [110.49016593400006, -6.943554396999957], [110.49017587200007, -6.943549428999972], [110.49025040000004, -6.94349477399993], [110.49028021200007, -6.943445087999976], [110.49029014900009, -6.94343515099996], [110.49032492900005, -6.943385464999949], [110.49034977200006, -6.943360622999933], [110.49038455200008, -6.943320873999937], [110.49043423800003, -6.943251313999951], [110.49044417500005, -6.943246344999977], [110.49045411200007, -6.943226470999946], [110.49045908000005, -6.943211564999956], [110.49046632900007, -6.943207940999969], [110.49046901800006, -6.943206596999971], [110.49048889200009, -6.943221501999972], [110.49049386000007, -6.943236407999962], [110.49051870300008, -6.943251313999951], [110.49053292400004, -6.943265533999977]]]]}}, {"type": "Feature", "properties": {"idsubsls": "3321040014002400", "idsls": "33210400140024", "nmsls": "RT 009 RW 003", "nmdesa": "SRIWULAN", "nmkec": "SAYUNG", "kdkec": "040", "kd_kec_bps": "3321040", "kdsubsls": "00", "subsls": null}, "geometry": {"type": "MultiPolygon", "coordinates": [[[[110.49151401100005, -6.94403097999998], [110.49147577500008, -6.943997841999931], [110.49137890600008, -6.943923500999972], [110.49157668800007, -6.943702324999947], [110.49197613400008, -6.94323770699998], [110.49219401600004, -6.943422906999956], [110.49209063700005, -6.943575513999974], [110.49199871800005, -6.94366867399998], [110.49182233300007, -6.943856237999967], [110.49169563500004, -6.943990389999954], [110.49160967800009, -6.944096363999961], [110.49160495800004, -6.944102182999927], [110.49155030400004, -6.944062433999932], [110.49151401100005, -6.94403097999998]]]]}}, {"type": "Feature", "properties": {"idsubsls": "3321040014002300", "idsls": "33210400140023", "nmsls": "RT 008 RW 003", "nmdesa": "SRIWULAN", "nmkec": "SAYUNG", "kdkec": "040", "kd_kec_bps": "3321040", "kdsubsls": "00", "subsls": null}, "geometry": {"type": "MultiPolygon", "coordinates": [[[[110.49098678500008, -6.943582241999934], [110.49114474400005, -6.94339043399998], [110.49140062600009, -6.943082381999943], [110.49157349500007, -6.942896066999936], [110.49157887300004, -6.942904134999935], [110.49160620000004, -6.942936429999975], [110.49162607500006, -6.942958788999931], [110.49164098000006, -6.942978662999963], [110.49166582300006, -6.943008474999942], [110.49170060300008, -6.943038285999933], [110.49175277300009, -6.943073065999954], [110.49176022600005, -6.943078034999928], [110.49177264800005, -6.943085487999952], [110.49179500600007, -6.943095424999967], [110.49181736500009, -6.943115298999942], [110.49183329300007, -6.943129235999947], [110.49185711300004, -6.943150078999963], [110.49186456600006, -6.943155047999937], [110.49188940900007, -6.943167468999945], [110.49191673600006, -6.943192311999951], [110.49192667300008, -6.943194795999943], [110.49195287300006, -6.943198826999947], [110.49196145400003, -6.94322522899995], [110.49197613400008, -6.94323770699998], [110.49157668800007, -6.943702324999947], [110.49137890600008, -6.943923500999972], [110.49136895100008, -6.943915860999937], [110.49132920200009, -6.943871143999957], [110.49130684400006, -6.943831394999961], [110.49130736700005, -6.94383008799997], [110.49128883300006, -6.943817731999957], [110.49125405300003, -6.943792888999951], [110.49121927300007, -6.943777982999961], [110.49118946100003, -6.94374320299994], [110.49113480700004, -6.943693516999929], [110.49107518400007, -6.943633893999959], [110.49102052900008, -6.943599113999937], [110.49098678500008, -6.943582241999934]]]]}}, {"type": "Feature", "properties": {"idsubsls": "3321040014001800", "idsls": "33210400140018", "nmsls": "RT 003 RW 003", "nmdesa": "SRIWULAN", "nmkec": "SAYUNG", "kdkec": "040", "kd_kec_bps": "3321040", "kdsubsls": "00", "subsls": null}, "geometry": {"type": "MultiPolygon", "coordinates": [[[[110.49179604300008, -6.94427995999996], [110.49118171400005, -6.945006275999958], [110.49085208600007, -6.945375858999967], [110.49084159900008, -6.945366944999932], [110.49080182200004, -6.945321863999936], [110.49077795500006, -6.945290041999954], [110.49076742000005, -6.945269591999931], [110.49073287500005, -6.945202532999929], [110.49093706400004, -6.94474642199998], [110.49091346000006, -6.944738090999977], [110.49091618900007, -6.944731949999948], [110.49093606400004, -6.944697169999927], [110.49098078100008, -6.944647483999972], [110.49103543500007, -6.944597797999961], [110.49105530900005, -6.944558048999966], [110.49112487000008, -6.944468614999948], [110.49116461800008, -6.944408991999978], [110.49118449200006, -6.944384148999973], [110.49120933500006, -6.944359305999967], [110.49124908400006, -6.944319557999961], [110.49125902100008, -6.944294714999955], [110.49128883300006, -6.944259934999934], [110.49132858100006, -6.944220185999939], [110.49134348700005, -6.944195342999933], [110.49137826700007, -6.944170499999927], [110.49143789000004, -6.944110877999947], [110.49148757600005, -6.944061191999936], [110.49151401100005, -6.94403097999998], [110.49155030400004, -6.944062433999932], [110.49160495800004, -6.944102182999927], [110.49160967800009, -6.944096363999961], [110.49170122400005, -6.944192858999941], [110.49169514700009, -6.944199866999952], [110.49179604300008, -6.94427995999996]]]]}}, {"type": "Feature", "properties": {"idsubsls": "3321040016001300", "idsls": "33210400160013", "nmsls": "RT 04 RW 03", "nmdesa": "TIMBULSLOKO", "nmkec": "SAYUNG", "kdkec": "040", "kd_kec_bps": "3321040", "kdsubsls": "00", "subsls": null}, "geometry": {"type": "MultiPolygon", "coordinates": [[[[110.50966155000003, -6.892707458999951], [110.50951074300008, -6.89289197599993], [110.50944066500006, -6.893022910999946], [110.50932928300006, -6.89316213799998], [110.50936542900007, -6.89319323899997], [110.50941908600004, -6.893232775999934], [110.50925811400003, -6.89344740599995], [110.50913950300009, -6.893606965999936], [110.50910221900006, -6.893648302999964], [110.50904309400005, -6.893615232999935], [110.50899559000004, -6.893588662999946], [110.50855668100007, -6.893350766999959], [110.50839808400008, -6.893241961999934], [110.50827821400009, -6.893190324999978], [110.50815650000004, -6.893147909999925], [110.50800896800007, -6.893120247999946], [110.50791491600006, -6.893072299999972], [110.50790548700007, -6.893065865999972], [110.50775816300006, -6.892965338999943], [110.50756100800004, -6.892821629999958], [110.50762579900004, -6.892724442999963], [110.50778959500008, -6.892509813999936], [110.50795056700008, -6.892298007999955], [110.50813978000008, -6.891998655999942], [110.50827246500006, -6.891814245999967], [110.50849461400009, -6.892008625999949], [110.50849870000008, -6.892016427999977], [110.50850752300005, -6.892001249999964], [110.50923412000009, -6.892447534999974], [110.50966155000003, -6.892707458999951]]]]}}, {"type": "Feature", "properties": {"idsubsls": "3321040016001400", "idsls": "33210400160014", "nmsls": "RT 05 RW 04", "nmdesa": "TIMBULSLOKO", "nmkec": "SAYUNG", "kdkec": "040", "kd_kec_bps": "3321040", "kdsubsls": "00", "subsls": null}, "geometry": {"type": "MultiPolygon", "coordinates": [[[[110.50827246500006, -6.891814245999967], [110.50813978000008, -6.891998655999942], [110.50795056700008, -6.892298007999955], [110.50778959500008, -6.892509813999936], [110.50762579900004, -6.892724442999963], [110.50756100800004, -6.892821629999958], [110.50745203300005, -6.892742195999972], [110.50696148800006, -6.892397338999956], [110.50670330700007, -6.892249806999928], [110.50659047000005, -6.892178419999937], [110.50652258000008, -6.892135468999925], [110.50641130200006, -6.892024190999962], [110.50650322900009, -6.891916757999979], [110.50661336800005, -6.891791086999945], [110.50676869200004, -6.891637174999971], [110.50686498700009, -6.891714209999975], [110.50705248600008, -6.891466444999935], [110.50729123000008, -6.891167122999946], [110.50744713500006, -6.891256210999927], [110.50784547200004, -6.891507015999935], [110.50825856200004, -6.89180208099998], [110.50827246500006, -6.891814245999967]]]]}}, {"type": "Feature", "properties": {"idsubsls": "3321040016001500", "idsls": "33210400160015", "nmsls": "RT 06 RW 04", "nmdesa": "TIMBULSLOKO", "nmkec": "SAYUNG", "kdkec": "040", "kd_kec_bps": "3321040", "kdsubsls": "00", "subsls": null}, "geometry": {"type": "MultiPolygon", "coordinates": [[[[110.50729123000008, -6.891167122999946], [110.50705248600008, -6.891466444999935], [110.50686498700009, -6.891714209999975], [110.50676869200004, -6.891637174999971], [110.50661336800005, -6.891791086999945], [110.50650322900009, -6.891916757999979], [110.50641130200006, -6.892024190999962], [110.50635291700007, -6.891965806999963], [110.50596933300005, -6.891582222999943], [110.50564141400008, -6.891407797999932], [110.50581321400006, -6.891173223999942], [110.50594230500008, -6.890940860999933], [110.50599763000008, -6.890837587999954], [110.50599025300005, -6.890815458999953], [110.50600500600007, -6.890760133999947], [110.50609352600009, -6.890653172999976], [110.50616544800005, -6.890538835999962], [110.50622614600007, -6.890439800999957], [110.50627425300007, -6.89045953699997], [110.50646604500008, -6.890489042999945], [110.50665783700003, -6.890570185999934], [110.50695290100003, -6.890725094999937], [110.50695290100003, -6.89088738099997], [110.50718895300008, -6.891108678999956], [110.50729123000008, -6.891167122999946]]]]}}, {"type": "Feature", "properties": {"idsubsls": "3321040016001600", "idsls": "33210400160016", "nmsls": "RT 07 RW 04", "nmdesa": "TIMBULSLOKO", "nmkec": "SAYUNG", "kdkec": "040", "kd_kec_bps": "3321040", "kdsubsls": "00", "subsls": null}, "geometry": {"type": "MultiPolygon", "coordinates": [[[[110.50622614600007, -6.890439800999957], [110.50616544800005, -6.890538835999962], [110.50609352600009, -6.890653172999976], [110.50600500600007, -6.890760133999947], [110.50599025300005, -6.890815458999953], [110.50599763000008, -6.890837587999954], [110.50594230500008, -6.890940860999933], [110.50581321400006, -6.891173223999942], [110.50564141400008, -6.891407797999932], [110.50562263200004, -6.891397807999965], [110.50536445100005, -6.891198638999981], [110.50525380200008, -6.891065859999969], [110.50515052900005, -6.890933080999957], [110.50513577600009, -6.890881444999934], [110.50512839900006, -6.890630639999927], [110.50516253900008, -6.890541876999976], [110.50517882500009, -6.890536990999976], [110.50518989000005, -6.890529614999934], [110.50520833200005, -6.890503796999951], [110.50522677300006, -6.890492731999927], [110.50526734500005, -6.890474289999929], [110.50527103300004, -6.890470601999937], [110.50530791600005, -6.890441094999971], [110.50535217600009, -6.89043371899993], [110.50535586400008, -6.89043371899993], [110.50536692900005, -6.890430029999948], [110.50539274700009, -6.890411588999939], [110.50539643500008, -6.890404211999964], [110.50544438300005, -6.890367328999957], [110.50548495500004, -6.890337822999925], [110.50552921400003, -6.890326757999958], [110.50559929200006, -6.890304627999967], [110.50563986400005, -6.890293562999943], [110.50570625300008, -6.890275121999935], [110.50574313600004, -6.890201354999931], [110.50580952600006, -6.890219796999929], [110.50595337000004, -6.890286185999969], [110.50613040900004, -6.890400523999972], [110.50622614600007, -6.890439800999957]]]]}}, {"type": "Feature", "properties": {"idsubsls": "3321040016001900", "idsls": "33210400160019", "nmsls": "RT 03 RW 05", "nmdesa": "TIMBULSLOKO", "nmkec": "SAYUNG", "kdkec": "040", "kd_kec_bps": "3321040", "kdsubsls": "00", "subsls": null}, "geometry": {"type": "MultiPolygon", "coordinates": [[[[110.50605882100007, -6.902244994999933], [110.50645065800006, -6.901800679999951], [110.50684161800007, -6.90219901699993], [110.50720869000008, -6.90179080799993], [110.50733954000009, -6.901889198999982], [110.50748707200006, -6.902103120999925], [110.50780426600005, -6.902405562999945], [110.50736976000007, -6.902826490999928], [110.50740131900005, -6.902826490999928], [110.50750926600006, -6.902932187999966], [110.50727392200008, -6.903263411999944], [110.50720273200005, -6.903415412999948], [110.50719828200005, -6.903525185999968], [110.50719022100009, -6.903515512999945], [110.50692466300006, -6.903810576999945], [110.50668861100007, -6.903574525999943], [110.50667824600004, -6.903550340999971], [110.50694532500006, -6.903195320999941], [110.50694840800008, -6.903191222999965], [110.50686468000004, -6.903101526999933], [110.50686415400008, -6.903100950999942], [110.50686379900009, -6.903100553999934], [110.50686157900009, -6.903098074999946], [110.50608372900007, -6.90226886499994], [110.50605882100007, -6.902244994999933]]]]}}, {"type": "Feature", "properties": {"idsubsls": "3321040016002100", "idsls": "33210400160021", "nmsls": "RT 05 RW 06", "nmdesa": "TIMBULSLOKO", "nmkec": "SAYUNG", "kdkec": "040", "kd_kec_bps": "3321040", "kdsubsls": "00", "subsls": null}, "geometry": {"type": "MultiPolygon", "coordinates": [[[[110.50810060000003, -6.904294680999953], [110.50833538300009, -6.904039482999963], [110.50839017600003, -6.903981727999962], [110.50833600100009, -6.903933945999938], [110.50840190000008, -6.903855540999928], [110.50845336800006, -6.903804552999929], [110.50852836300004, -6.903732236999929], [110.50857051200006, -6.903774385999952], [110.50857965600005, -6.903782005999972], [110.50861477200004, -6.903811268999959], [110.50862952500006, -6.903822333999926], [110.50865534300004, -6.903862904999926], [110.50865903200008, -6.903866592999975], [110.50871804500008, -6.903932982999947], [110.50875861600008, -6.903973553999947], [110.50883607100008, -6.904028878999952], [110.50889139500003, -6.904073138999934], [110.50895040800003, -6.904117397999926], [110.50895812700008, -6.904125116999978], [110.50884731900004, -6.904276908999975], [110.50888002800008, -6.904319237999971], [110.50893005300009, -6.904373111999973], [110.50908782600004, -6.904502022999964], [110.50917166600004, -6.904538702999957], [110.50915787500008, -6.904559533999929], [110.50951712600005, -6.90479122499994], [110.50937258600004, -6.904992657999969], [110.50924136900005, -6.905175670999938], [110.50810060000003, -6.904294680999953]]]]}}, {"type": "Feature", "properties": {"idsubsls": "3321040016002200", "idsls": "33210400160022", "nmsls": "RT 06 RW 06", "nmdesa": "TIMBULSLOKO", "nmkec": "SAYUNG", "kdkec": "040", "kd_kec_bps": "3321040", "kdsubsls": "00", "subsls": null}, "geometry": {"type": "MultiPolygon", "coordinates": [[[[110.50924136900005, -6.905175670999938], [110.50937258600004, -6.904992657999969], [110.50951712600005, -6.90479122499994], [110.50915787500008, -6.904559533999929], [110.50917166600004, -6.904538702999957], [110.50908782600004, -6.904502022999964], [110.50893005300009, -6.904373111999973], [110.50888002800008, -6.904319237999971], [110.50884731900004, -6.904276908999975], [110.50895812700008, -6.904125116999978], [110.50898358500007, -6.90415057499996], [110.50909148600005, -6.904009975999941], [110.50921320000003, -6.904135378999968], [110.50935704400007, -6.90394727499995], [110.50936810900004, -6.903958339999974], [110.50949720000006, -6.90403579499997], [110.50950257700003, -6.90403889199996], [110.51051517300004, -6.904622235999966], [110.51065532800004, -6.904496832999939], [110.51068068600006, -6.904514249999977], [110.51096357900008, -6.90470855999996], [110.51087201600006, -6.904855059999932], [110.51082406800003, -6.90493989099997], [110.51047984600007, -6.905390822999948], [110.51021463300009, -6.905241640999975], [110.50961777100008, -6.905052391999959], [110.50960975100008, -6.905049848999965], [110.50940320600006, -6.905300653999973], [110.50924136900005, -6.905175670999938]]]]}}, {"type": "Feature", "properties": {"idsubsls": "3321040016002300", "idsls": "33210400160023", "nmsls": "RT 01 RW 07", "nmdesa": "TIMBULSLOKO", "nmkec": "SAYUNG", "kdkec": "040", "kd_kec_bps": "3321040", "kdsubsls": "00", "subsls": null}, "geometry": {"type": "MultiPolygon", "coordinates": [[[[110.51619746800009, -6.910895516999972], [110.51614912100007, -6.910842335999973], [110.51499836800008, -6.909558804999961], [110.51504080100005, -6.909522433999939], [110.51541145900006, -6.909204726999974], [110.51641467900004, -6.91019319399993], [110.51645156200004, -6.910340725999959], [110.51646631500006, -6.910421868999947], [110.51653819500007, -6.910536877999959], [110.51637964000008, -6.91070217999993], [110.51639070500005, -6.910718777999932], [110.51634828900006, -6.910766725999963], [110.51619746800009, -6.910895516999972]]]]}}, {"type": "Feature", "properties": {"idsubsls": "3321040016002400", "idsls": "33210400160024", "nmsls": "RT 02 RW 07", "nmdesa": "TIMBULSLOKO", "nmkec": "SAYUNG", "kdkec": "040", "kd_kec_bps": "3321040", "kdsubsls": "00", "subsls": null}, "geometry": {"type": "MultiPolygon", "coordinates": [[[[110.51619746800009, -6.910895516999972], [110.51634828900006, -6.910766725999963], [110.51639070500005, -6.910718777999932], [110.51637964000008, -6.91070217999993], [110.51653819500007, -6.910536877999959], [110.51654008100007, -6.910539894999943], [110.51662122400006, -6.910606283999925], [110.51670236700005, -6.910643166999932], [110.51679088600008, -6.910709556999961], [110.51692366500004, -6.910761192999928], [110.51696792500007, -6.91079069999995], [110.51711545700005, -6.910805452999966], [110.51716709300007, -6.91087921899998], [110.51719660000003, -6.910930855999936], [110.51724086000007, -6.911019374999967], [110.51726298900007, -6.91110789399994], [110.51727774300008, -6.911159530999953], [110.51730724900005, -6.911255426999958], [110.51735888500008, -6.911336568999957], [110.51738101500007, -6.911373451999964], [110.51740314500006, -6.911417711999945], [110.51745478100008, -6.911476724999943], [110.51746452000003, -6.911492955999961], [110.51700849600007, -6.91197280199998], [110.51680726300009, -6.912120696999978], [110.51639992500009, -6.911417711999945], [110.51651795100008, -6.911248049999926], [110.51619746800009, -6.910895516999972]]]]}}, {"type": "Feature", "properties": {"idsubsls": "3321040015001200", "idsls": "33210400150012", "nmsls": "RT 002 RW 04", "nmdesa": "BEDONO", "nmkec": "SAYUNG", "kdkec": "040", "kd_kec_bps": "3321040", "kdsubsls": "00", "subsls": null}, "geometry": {"type": "MultiPolygon", "coordinates": [[[[110.48861411500008, -6.922628938999935], [110.48982222200004, -6.924180891999981], [110.49032702700003, -6.924511271999961], [110.49011761000008, -6.924863634999952], [110.49003030600005, -6.924996645999954], [110.49000703900003, -6.924976517999937], [110.48964140400005, -6.92466021499996], [110.48924235800007, -6.924395223999966], [110.48862508300004, -6.923762360999945], [110.48815094100007, -6.923169307999956], [110.48861411500008, -6.922628938999935]]]]}}, {"type": "Feature", "properties": {"idsubsls": "3321040016002700", "idsls": "33210400160027", "nmsls": "RT 05 RW 07", "nmdesa": "TIMBULSLOKO", "nmkec": "SAYUNG", "kdkec": "040", "kd_kec_bps": "3321040", "kdsubsls": "00", "subsls": null}, "geometry": {"type": "MultiPolygon", "coordinates": [[[[110.51997683000008, -6.914312419999931], [110.51972254000009, -6.91476020999994], [110.51956813600009, -6.915313492999928], [110.51950271400005, -6.915287668999952], [110.51908224700009, -6.915051616999961], [110.51868391000005, -6.91474917599993], [110.51838515700007, -6.914679097999965], [110.51819336500006, -6.91464590399994], [110.51811959900004, -6.914623773999949], [110.51804214500004, -6.914612708999925], [110.51796100200005, -6.914557383999977], [110.51792411900004, -6.914527877999944], [110.51783191100009, -6.914450422999948], [110.51775445700008, -6.914402474999974], [110.51771388500003, -6.914339773999927], [110.51767700200008, -6.914291825999953], [110.51765856000009, -6.914254942999946], [110.51763643100008, -6.914173799999958], [110.51757221700007, -6.913911106999933], [110.51788446900008, -6.913691553999968], [110.51802093700007, -6.913571683999976], [110.51816846900005, -6.913545865999936], [110.51830493600005, -6.913392800999929], [110.51840805500007, -6.913222369999971], [110.51848105300007, -6.913307047999979], [110.51850318300006, -6.913336553999955], [110.51854744300005, -6.91339187899996], [110.51859170200004, -6.913447203999965], [110.51862858500004, -6.913484086999972], [110.51868022200006, -6.913528345999964], [110.51873923500006, -6.913572605999946], [110.51882406600004, -6.913620553999976], [110.51890152000004, -6.913690631999941], [110.51891258500007, -6.913701696999965], [110.51895684500005, -6.913731202999941], [110.51899741600005, -6.913760709999963], [110.51904167600009, -6.91379759299997], [110.51911544200004, -6.913816033999979], [110.51915232500005, -6.913849228999936], [110.51919658500009, -6.913867670999934], [110.51924711200007, -6.913887520999936], [110.51997683000008, -6.914312419999931]]]]}}, {"type": "Feature", "properties": {"idsubsls": "3321040015001100", "idsls": "33210400150011", "nmsls": "RT 001 RW 04", "nmdesa": "BEDONO", "nmkec": "SAYUNG", "kdkec": "040", "kd_kec_bps": "3321040", "kdsubsls": "00", "subsls": null}, "geometry": {"type": "MultiPolygon", "coordinates": [[[[110.48780060500007, -6.92367640599997], [110.48729431000004, -6.924170645999936], [110.48696303800006, -6.923790656999927], [110.48707326900006, -6.923619798999937], [110.48705383900005, -6.923607262999951], [110.48639291800004, -6.922347772999956], [110.48639291800004, -6.922193250999953], [110.48639291800004, -6.921923786999969], [110.48352477300006, -6.91839472099997], [110.48200340900007, -6.916212436999956], [110.48140484000004, -6.914977886999964], [110.48152954200003, -6.914859419999971], [110.48113049500006, -6.914429198999926], [110.48109932000006, -6.914379317999931], [110.48119284600006, -6.914329436999935], [110.48161683300009, -6.914335671999936], [110.48272668100009, -6.915146234999952], [110.48313819700007, -6.915838330999975], [110.48328783900007, -6.91643066499995], [110.48389887900004, -6.91727240299997], [110.48434780600007, -6.917877207999936], [110.48480920300005, -6.918463306999968], [110.48510631200008, -6.918829740999968], [110.48519260800003, -6.918735924999964], [110.48558859100007, -6.919361160999927], [110.48579527600003, -6.919894410999973], [110.48576940800007, -6.919900496999958], [110.48566341200006, -6.919969082999955], [110.48614974900005, -6.921110105999958], [110.48727830200005, -6.922219953999956], [110.48792469100005, -6.92177738099997], [110.48820109700006, -6.922098368999968], [110.48861411500008, -6.922628938999935], [110.48815094100007, -6.923169307999956], [110.48814965700006, -6.923170805999973], [110.48814914900004, -6.92317230499998], [110.48779737400008, -6.923670392999952], [110.48780060500007, -6.92367640599997]]]]}}, {"type": "Feature", "properties": {"idsubsls": "3321040015001500", "idsls": "33210400150015", "nmsls": "RT 005 RW 04", "nmdesa": "BEDONO", "nmkec": "SAYUNG", "kdkec": "040", "kd_kec_bps": "3321040", "kdsubsls": "00", "subsls": null}, "geometry": {"type": "MultiPolygon", "coordinates": [[[[110.48965128300006, -6.925421213999925], [110.48796455600007, -6.923903160999942], [110.48790960600007, -6.92387926899994], [110.48790894600006, -6.923878040999966], [110.48780060500007, -6.92367640599997], [110.48779737400008, -6.923670392999952], [110.48814914900004, -6.92317230499998], [110.48814965700006, -6.923170805999973], [110.48815094100007, -6.923169307999956], [110.48862508300004, -6.923762360999945], [110.48924235800007, -6.924395223999966], [110.48964140400005, -6.92466021499996], [110.49000703900003, -6.924976517999937], [110.48965128300006, -6.925421213999925]]]]}}, {"type": "Feature", "properties": {"idsubsls": "3321040015001400", "idsls": "33210400150014", "nmsls": "RT 004 RW 04", "nmdesa": "BEDONO", "nmkec": "SAYUNG", "kdkec": "040", "kd_kec_bps": "3321040", "kdsubsls": "00", "subsls": null}, "geometry": {"type": "MultiPolygon", "coordinates": [[[[110.49254091200004, -6.926474274999975], [110.49254072500008, -6.926474628999927], [110.49268236600005, -6.926569055999948], [110.49251578500008, -6.926874453999972], [110.49222897000004, -6.927098917999956], [110.48967258000005, -6.925440381999977], [110.48965128300006, -6.925421213999925], [110.49000703900003, -6.924976517999937], [110.49003030600005, -6.924996645999954], [110.49003421600008, -6.925000027999943], [110.49042079200007, -6.925268136999932], [110.49185174700006, -6.926078699999948], [110.49254091200004, -6.926474274999975]]]]}}, {"type": "Feature", "properties": {"idsubsls": "3321040015001300", "idsls": "33210400150013", "nmsls": "RT 003 RW 04", "nmdesa": "BEDONO", "nmkec": "SAYUNG", "kdkec": "040", "kd_kec_bps": "3321040", "kdsubsls": "00", "subsls": null}, "geometry": {"type": "MultiPolygon", "coordinates": [[[[110.49032702700003, -6.924511271999961], [110.49268725000007, -6.926055970999926], [110.49268725000007, -6.926197166999941], [110.49254091200004, -6.926474274999975], [110.49185174700006, -6.926078699999948], [110.49042079200007, -6.925268136999932], [110.49003421600008, -6.925000027999943], [110.49003030600005, -6.924996645999954], [110.49011761000008, -6.924863634999952], [110.49032702700003, -6.924511271999961]]]]}}, {"type": "Feature", "properties": {"idsubsls": "3321040016002600", "idsls": "33210400160026", "nmsls": "RT 04 RW 07", "nmdesa": "TIMBULSLOKO", "nmkec": "SAYUNG", "kdkec": "040", "kd_kec_bps": "3321040", "kdsubsls": "00", "subsls": null}, "geometry": {"type": "MultiPolygon", "coordinates": [[[[110.51757221700007, -6.913911106999933], [110.51755528800004, -6.913841851999962], [110.51746308000008, -6.913716449999981], [110.51740775600007, -6.913594735999936], [110.51734505400009, -6.913487774999965], [110.51731186000006, -6.913432449999959], [110.51724915800008, -6.913340242999936], [110.51718276900004, -6.913244346999932], [110.51715542200009, -6.913193299999932], [110.51723108900006, -6.913106598999946], [110.51731378600005, -6.913018733999934], [110.51738821400005, -6.912922597999966], [110.51747091100009, -6.912950507999938], [110.51749778700008, -6.912906058999965], [110.51743783200004, -6.91285333899998], [110.51751329300004, -6.912808888999962], [110.51765594600005, -6.912762371999975], [110.51768592400003, -6.912730326999963], [110.51778412700008, -6.912783045999959], [110.51779032900004, -6.912768573999927], [110.51782030700008, -6.912733427999967], [110.51771486800004, -6.912679674999936], [110.51776758700004, -6.912611449999929], [110.51780583500005, -6.91252151599997], [110.51786579000009, -6.91244398799995], [110.51794815400007, -6.912310500999979], [110.51823393700005, -6.912488242999927], [110.51813066400007, -6.912746424999966], [110.51814901700004, -6.912759883999968], [110.51817123500007, -6.91282019099998], [110.51818230000003, -6.912849697999945], [110.51821180700006, -6.912893956999937], [110.51823393700005, -6.912934528999926], [110.51824869000006, -6.912960346999967], [110.51826344300008, -6.912997229999974], [110.51828188500008, -6.913045177999948], [110.51830032600009, -6.913078372999962], [110.51832245600008, -6.913122631999954], [110.51834827400006, -6.913155826999969], [110.51838884500006, -6.91320008699995], [110.51840805500007, -6.913222369999971], [110.51830493600005, -6.913392800999929], [110.51816846900005, -6.913545865999936], [110.51802093700007, -6.913571683999976], [110.51788446900008, -6.913691553999968], [110.51757221700007, -6.913911106999933]]]]}}, {"type": "Feature", "properties": {"idsubsls": "3321040016002500", "idsls": "33210400160025", "nmsls": "RT 03 RW 07", "nmdesa": "TIMBULSLOKO", "nmkec": "SAYUNG", "kdkec": "040", "kd_kec_bps": "3321040", "kdsubsls": "00", "subsls": null}, "geometry": {"type": "MultiPolygon", "coordinates": [[[[110.51680726300009, -6.912120696999978], [110.51700849600007, -6.91197280199998], [110.51746452000003, -6.911492955999961], [110.51747691100007, -6.91151360799995], [110.51758756100008, -6.911587373999964], [110.51758756100008, -6.911616880999929], [110.51764657300004, -6.911690646999944], [110.51769083300007, -6.911727529999951], [110.51772034000004, -6.911771789999932], [110.51778672900008, -6.911860308999962], [110.51781623600004, -6.911904568999944], [110.51781623600004, -6.911926698999935], [110.51775722300005, -6.912015217999965], [110.51772771600008, -6.912074230999963], [110.51767345600007, -6.912164664999978], [110.51771388500003, -6.912171048999937], [110.51787248200009, -6.912211619999937], [110.51793149500008, -6.912300139999957], [110.51794815400007, -6.912310500999979], [110.51786579000009, -6.91244398799995], [110.51780583500005, -6.91252151599997], [110.51776758700004, -6.912611449999929], [110.51771486800004, -6.912679674999936], [110.51782030700008, -6.912733427999967], [110.51779032900004, -6.912768573999927], [110.51778412700008, -6.912783045999959], [110.51768592400003, -6.912730326999963], [110.51765594600005, -6.912762371999975], [110.51751329300004, -6.912808888999962], [110.51743783200004, -6.91285333899998], [110.51749778700008, -6.912906058999965], [110.51747091100009, -6.912950507999938], [110.51738821400005, -6.912922597999966], [110.51731378600005, -6.913018733999934], [110.51723108900006, -6.913106598999946], [110.51715542200009, -6.913193299999932], [110.51712744400004, -6.913141073999952], [110.51707949600006, -6.913059930999964], [110.51702417200005, -6.912978787999975], [110.51696884700004, -6.912919774999978], [110.51697184200009, -6.912916405999965], [110.51695317200006, -6.912907787999927], [110.51665073000004, -6.912443061999966], [110.51685727600005, -6.912207009999975], [110.51680726300009, -6.912120696999978]]]]}}, {"type": "Feature", "properties": {"idsubsls": "3321040007001700", "idsls": "33210400070017", "nmsls": "RT 001 RW 005", "nmdesa": "SAYUNG", "nmkec": "SAYUNG", "kdkec": "040", "kd_kec_bps": "3321040", "kdsubsls": "00", "subsls": null}, "geometry": {"type": "MultiPolygon", "coordinates": [[[[110.51874030000005, -6.938423120999971], [110.51876647900008, -6.938415025999973], [110.51887459100004, -6.938383789999932], [110.52006552300008, -6.938039699999933], [110.52036251200008, -6.938254287999939], [110.52112942900004, -6.93835404899994], [110.52182784000007, -6.938648736999937], [110.52184334800006, -6.938664244999927], [110.52155965100008, -6.939240991999952], [110.52136324500009, -6.939272166999956], [110.52099849200005, -6.939521570999943], [110.52099079500005, -6.939534351999953], [110.52096684900005, -6.93968511199995], [110.52095484600005, -6.939735123999981], [110.52095775200007, -6.939742386999967], [110.52097043400005, -6.939774092999926], [110.52110696200003, -6.939780298999949], [110.52111095500004, -6.939778321999938], [110.52111163200004, -6.939780510999981], [110.52121801100009, -6.940124419999961], [110.52121672000004, -6.940123257999971], [110.52117931000004, -6.940216784999961], [110.52076701900006, -6.939905930999942], [110.52039368800007, -6.939624450999929], [110.51986993900005, -6.939244109999947], [110.51874138700003, -6.938427311999931], [110.51874030000005, -6.938423120999971]]]]}}, {"type": "Feature", "properties": {"idsubsls": "3321040017002200", "idsls": "33210400170022", "nmsls": "RT 001 RW 005", "nmdesa": "TUGU", "nmkec": "SAYUNG", "kdkec": "040", "kd_kec_bps": "3321040", "kdsubsls": "00", "subsls": null}, "geometry": {"type": "MultiPolygon", "coordinates": [[[[110.53158768800006, -6.900000483999975], [110.53152417700005, -6.900122211999928], [110.53143565800008, -6.900257756999963], [110.53131117800007, -6.900407133999977], [110.53132224300003, -6.900484587999927], [110.53133884000005, -6.900553743999978], [110.53134990500007, -6.90059800399996], [110.53134437200004, -6.900656093999942], [110.53125308700004, -6.900766743999952], [110.53122265800005, -6.900805470999956], [110.53117010000005, -6.900858028999949], [110.53108987900004, -6.900941015999933], [110.53105668400008, -6.90099080799996], [110.53102902200004, -6.901029535999953], [110.53098752900007, -6.901071028999979], [110.53094880100008, -6.901101457999971], [110.53091560700005, -6.90114295099994], [110.53085398200005, -6.901207334999981], [110.53075234200008, -6.901313525999967], [110.53072865600006, -6.901272732999928], [110.53072576700004, -6.901276039999971], [110.53016918900005, -6.900511395999956], [110.53067771100007, -6.900041990999966], [110.53038172400005, -6.89917892699998], [110.53028767200004, -6.899040615999979], [110.53029208800007, -6.899038212999926], [110.53110647700004, -6.898882939999964], [110.53119223000004, -6.899024017999977], [110.53125861900008, -6.899320004999936], [110.53125032100007, -6.899397458999943], [110.53124914700004, -6.89940009999998], [110.53123835900004, -6.899513369999966], [110.53123648900004, -6.899533004999967], [110.53131394400003, -6.899593861999961], [110.53134713900005, -6.899726640999972], [110.53144119000007, -6.899834523999971], [110.53151034600006, -6.899925808999967], [110.53158768800006, -6.900000483999975]]]]}}, {"type": "Feature", "properties": {"idsubsls": "3321040017002400", "idsls": "33210400170024", "nmsls": "RT 003 RW 005", "nmdesa": "TUGU", "nmkec": "SAYUNG", "kdkec": "040", "kd_kec_bps": "3321040", "kdsubsls": "00", "subsls": null}, "geometry": {"type": "MultiPolygon", "coordinates": [[[[110.53328825000006, -6.899937275999946], [110.53316178600005, -6.899823458999947], [110.53288516300006, -6.899640887999965], [110.53268046200009, -6.899535770999933], [110.53223786500007, -6.899485978999962], [110.53206475900004, -6.899462897999967], [110.53206359200004, -6.899463156999957], [110.53201034200004, -6.899474913999939], [110.53200860400005, -6.899475600999949], [110.53186995600004, -6.89958556299996], [110.53165419000004, -6.899895380999965], [110.53159056700008, -6.900003263999963], [110.53158768800006, -6.900000483999975], [110.53151034600006, -6.899925808999967], [110.53144119000007, -6.899834523999971], [110.53134713900005, -6.899726640999972], [110.53131394400003, -6.899593861999961], [110.53123648900004, -6.899533004999967], [110.53123835900004, -6.899513369999966], [110.53124914700004, -6.89940009999998], [110.53125032100007, -6.899397458999943], [110.53125861900008, -6.899320004999936], [110.53119223000004, -6.899024017999977], [110.53110647700004, -6.898882939999964], [110.53104711300006, -6.898773655999946], [110.53086304800007, -6.898434810999959], [110.53066564300008, -6.898035001999972], [110.53108278500008, -6.89761643099996], [110.53124478800004, -6.89785943499993], [110.53163759300008, -6.898523329999932], [110.53188655400004, -6.898993589999975], [110.53215764400005, -6.898633979999943], [110.53268876100009, -6.898927199999946], [110.53256874100003, -6.899104829999942], [110.53357395400008, -6.899596627999927], [110.53328825000006, -6.899937275999946]]]]}}, {"type": "Feature", "properties": {"idsubsls": "3321040017002600", "idsls": "33210400170026", "nmsls": "RT 001 RW 006", "nmdesa": "TUGU", "nmkec": "SAYUNG", "kdkec": "040", "kd_kec_bps": "3321040", "kdsubsls": "00", "subsls": null}, "geometry": {"type": "MultiPolygon", "coordinates": [[[[110.52521015700006, -6.899181580999937], [110.52520080400006, -6.899173163999933], [110.52471651400003, -6.898346641999979], [110.52409431200005, -6.897284750999972], [110.52392220400009, -6.897051897999972], [110.52412459200008, -6.896967758999949], [110.52416669700006, -6.897062495999933], [110.52437722200006, -6.896999337999944], [110.52442722100005, -6.897083547999955], [110.52460353600009, -6.897001969999963], [110.52459301000005, -6.896962495999958], [110.52470353500007, -6.896880917999965], [110.52482985000006, -6.896791444999963], [110.52498731100007, -6.89670573799998], [110.52554713100005, -6.89778774399997], [110.52555024300005, -6.897785207999959], [110.52561205100005, -6.897858051999947], [110.52567844000004, -6.897977], [110.52581675200008, -6.898203830999933], [110.52582818500008, -6.89819469899993], [110.52590319600006, -6.898296498999969], [110.52594192400005, -6.898385018999932], [110.52596958600009, -6.898517797999943], [110.52601369500007, -6.89859398599998], [110.52579231800007, -6.89869884899997], [110.52573187900003, -6.898732425999981], [110.52560092800007, -6.898819726999932], [110.52541289500004, -6.898990970999932], [110.52527522800005, -6.899118564999981], [110.52521015700006, -6.899181580999937]]]]}}, {"type": "Feature", "properties": {"idsubsls": "3321040017002700", "idsls": "33210400170027", "nmsls": "RT 002 RW 006", "nmdesa": "TUGU", "nmkec": "SAYUNG", "kdkec": "040", "kd_kec_bps": "3321040", "kdsubsls": "00", "subsls": null}, "geometry": {"type": "MultiPolygon", "coordinates": [[[[110.52392220400009, -6.897051897999972], [110.52384350700004, -6.896945425999945], [110.52384350700004, -6.896944003999977], [110.52384350700004, -6.89644381599993], [110.52385826000005, -6.895883193999964], [110.52378788100003, -6.895732380999959], [110.52410583800008, -6.895626394999965], [110.52447552200005, -6.895489933999954], [110.52450289700005, -6.895586833999971], [110.52453322000008, -6.895694167999977], [110.52471302500004, -6.896133997999925], [110.52486451500005, -6.896457174999966], [110.52492049300008, -6.896576594999942], [110.52497416100005, -6.896680322999941], [110.52498731100007, -6.89670573799998], [110.52482985000006, -6.896791444999963], [110.52470353500007, -6.896880917999965], [110.52459301000005, -6.896962495999958], [110.52460353600009, -6.897001969999963], [110.52442722100005, -6.897083547999955], [110.52437722200006, -6.896999337999944], [110.52416669700006, -6.897062495999933], [110.52412459200008, -6.896967758999949], [110.52392220400009, -6.897051897999972]]]]}}, {"type": "Feature", "properties": {"idsubsls": "3321040017002300", "idsls": "33210400170023", "nmsls": "RT 002 RW 005", "nmdesa": "TUGU", "nmkec": "SAYUNG", "kdkec": "040", "kd_kec_bps": "3321040", "kdsubsls": "00", "subsls": null}, "geometry": {"type": "MultiPolygon", "coordinates": [[[[110.53110647700004, -6.898882939999964], [110.53029208800007, -6.899038212999926], [110.53020064600008, -6.898925855999948], [110.52926969900005, -6.89778198099998], [110.52935821900007, -6.897665798999981], [110.52993912700003, -6.896891253999968], [110.53048684100008, -6.897123617999966], [110.53097923000007, -6.897461097999951], [110.53106191400008, -6.897585123999932], [110.53108278500008, -6.89761643099996], [110.53066564300008, -6.898035001999972], [110.53086304800007, -6.898434810999959], [110.53104711300006, -6.898773655999946], [110.53110647700004, -6.898882939999964]]]]}}, {"type": "Feature", "properties": {"idsubsls": "3321040019001400", "idsls": "33210400190014", "nmsls": "RT 001 RW 005", "nmdesa": "BANJARSARI", "nmkec": "SAYUNG", "kdkec": "040", "kd_kec_bps": "3321040", "kdsubsls": "00", "subsls": null}, "geometry": {"type": "MultiPolygon", "coordinates": [[[[110.54209823800005, -6.868140669999946], [110.54229859600008, -6.868042875999947], [110.54249740800009, -6.867946676999964], [110.54260964100007, -6.867876130999946], [110.54289182600007, -6.867712591999975], [110.54295916600006, -6.867622804999939], [110.54316566800009, -6.867413585999941], [110.54316746600006, -6.867416025999944], [110.54318042500006, -6.867411166999943], [110.54322531800005, -6.867391926999971], [110.54330227700007, -6.86740475299996], [110.54334717000006, -6.867417579999938], [110.54346261000006, -6.86744323299996], [110.54353315600008, -6.867468885999926], [110.54362935600005, -6.867488125999955], [110.54379610100005, -6.867513778999978], [110.54391154100006, -6.867571498999951], [110.54398208700007, -6.867597151999973], [110.54406546000007, -6.867642044999968], [110.54409013100008, -6.867678103999936], [110.54427389200004, -6.867831237999951], [110.54432840500004, -6.867892163999954], [110.54432431900005, -6.867899201999933], [110.54436047200005, -6.867924229999971], [110.54437329800004, -6.867988362999938], [110.54441819100003, -6.868110215999934], [110.54444384400006, -6.868167935999963], [110.54448873800004, -6.868334681999954], [110.54449515100004, -6.868539906999956], [110.54453363100004, -6.868681], [110.54453363100004, -6.868710809999925], [110.54456569700005, -6.868754752999962], [110.54492484200006, -6.869069003999925], [110.54510441400004, -6.869152376999978], [110.54527757300008, -6.869267815999933], [110.54530322700003, -6.869460214999947], [110.54514018200007, -6.870030870999926], [110.54496973500005, -6.87062743599995], [110.54489657400006, -6.870694599999979], [110.54488883400006, -6.870701705999977], [110.54482797500009, -6.870516230999954], [110.54454826700004, -6.870240962999958], [110.54420196300003, -6.870263161999958], [110.54390449600004, -6.870338638999954], [110.54385282200008, -6.87039826299997], [110.54383137400004, -6.870303563999926], [110.54381900700008, -6.870303563999926], [110.54381308700005, -6.870226604999971], [110.54374254000004, -6.870168884999941], [110.54363992800006, -6.870053445999929], [110.54351166200007, -6.86996365899995], [110.54342828900008, -6.869777673999977], [110.54326154300009, -6.869623754999964], [110.54312045000006, -6.869469834999961], [110.54292163800005, -6.869315915999948], [110.54288754400005, -6.869303517999981], [110.54269075900004, -6.869014490999973], [110.54254325300008, -6.868796438999937], [110.54226748200006, -6.868334681999954], [110.54209852200006, -6.868140995999966], [110.54209823800005, -6.868140669999946]]]]}}, {"type": "Feature", "properties": {"idsubsls": "3321040019000900", "idsls": "33210400190009", "nmsls": "RT 002 RW 003", "nmdesa": "BANJARSARI", "nmkec": "SAYUNG", "kdkec": "040", "kd_kec_bps": "3321040", "kdsubsls": "00", "subsls": null}, "geometry": {"type": "MultiPolygon", "coordinates": [[[[110.55273901000004, -6.88341362999995], [110.55234721700003, -6.882530949999932], [110.55215393400005, -6.882549260999951], [110.55168411100004, -6.882526453999958], [110.55131007700004, -6.882458032999978], [110.55125006100008, -6.882443871999953], [110.55144476200007, -6.881093137999926], [110.55138224500007, -6.878773784999964], [110.55138601000004, -6.878777339999942], [110.55139466000008, -6.878856759999962], [110.55163507000009, -6.879302799999948], [110.55167004000003, -6.879492889999938], [110.55170144000004, -6.879580089999934], [110.55172536400005, -6.879574181999942], [110.55182619300007, -6.879549279999935], [110.55182858000006, -6.879548689999979], [110.55227059000003, -6.879439489999925], [110.55252743000005, -6.879391389999967], [110.55283903000009, -6.879287189999957], [110.55312953000004, -6.879168919999927], [110.55341196000006, -6.879076779999934], [110.55360411000004, -6.87897468999995], [110.55367357000006, -6.878912549999939], [110.55377471000008, -6.878893369999957], [110.55391719000005, -6.878783749999968], [110.55393281000005, -6.878783469999973], [110.55393789000004, -6.878783379999959], [110.55412292300008, -6.878780063999955], [110.55429002000005, -6.878777069999956], [110.55436120000007, -6.878782409999928], [110.55442048000003, -6.878786849999926], [110.55447993000007, -6.87879130999994], [110.55448922000005, -6.878798669999981], [110.55451197000008, -6.878816699999959], [110.55453633500008, -6.878836013999944], [110.55458992000007, -6.878878489999977], [110.55464863000009, -6.878925039999956], [110.55485247000007, -6.879093949999969], [110.55486554000004, -6.879080909999971], [110.55496963000007, -6.879218049999963], [110.55510689000005, -6.879355479999958], [110.55519263000008, -6.879492869999979], [110.55531264000007, -6.879716099999939], [110.55529524000008, -6.879956369999945], [110.55524350000007, -6.880196609999928], [110.55507147000009, -6.880505389999939], [110.55491667000007, -6.880762699999934], [110.55467624000005, -6.880762469999979], [110.55441866000007, -6.880727909999962], [110.55417833000007, -6.880624699999942], [110.55369756000005, -6.880521269999974], [110.55325120000003, -6.880349219999971], [110.55301077000007, -6.880349], [110.552547, -6.88043437999994], [110.55244367000006, -6.88074322999995], [110.55240908000007, -6.881000639999968], [110.55244307000004, -6.881378269999971], [110.55261473000007, -6.881464249999965], [110.55263173000009, -6.881653059999962], [110.55278613000007, -6.881824839999979], [110.55278589000005, -6.882082289999971], [110.55280265000005, -6.882528549999961], [110.55306019000005, -6.882597439999927], [110.55300846000006, -6.882820519999939], [110.55300822000004, -6.883077969999931], [110.55273901000004, -6.88341362999995]]]]}}, {"type": "Feature", "properties": {"idsubsls": "3321040019001100", "idsls": "33210400190011", "nmsls": "RT 002 RW 004", "nmdesa": "BANJARSARI", "nmkec": "SAYUNG", "kdkec": "040", "kd_kec_bps": "3321040", "kdsubsls": "00", "subsls": null}, "geometry": {"type": "MultiPolygon", "coordinates": [[[[110.54489990800005, -6.873692129999938], [110.54494957300005, -6.873521062999941], [110.54509761900005, -6.873466398999938], [110.54520239000004, -6.873452733999954], [110.54523883200005, -6.873245468999926], [110.54554858900008, -6.873302409999951], [110.54576951900009, -6.873320630999956], [110.54603600200005, -6.873304687999962], [110.54621593500008, -6.87341173599998], [110.54642547700007, -6.873575725999956], [110.54663957400004, -6.873671385999955], [110.54680811800006, -6.873710105999976], [110.54699488400007, -6.873776156999952], [110.54694933200005, -6.873867261999976], [110.54685687600005, -6.874062223999942], [110.54687769100008, -6.874068170999976], [110.54695785800004, -6.87407137699995], [110.54712460300004, -6.874093823999942], [110.54715025700006, -6.874093823999942], [110.54715659300007, -6.87408748699994], [110.54716148000006, -6.874089013999935], [110.54719259800004, -6.874067469999943], [110.54711338000004, -6.874266982999927], [110.54698511400005, -6.874465794999935], [110.54685684800006, -6.874520307999944], [110.54681195500007, -6.874520307999944], [110.54675583900007, -6.874520307999944], [110.54670934200004, -6.874539547999973], [110.54669923100005, -6.874539863999928], [110.54660672900008, -6.874542754999936], [110.54651053000003, -6.874536340999953], [110.54638547100006, -6.874501067999972], [110.54638275400004, -6.874496540999928], [110.54594295300006, -6.874398454999948], [110.54584034000004, -6.874353561999953], [110.54576338100009, -6.874334321999982], [110.54554532900005, -6.874225295999963], [110.54537858300006, -6.874173989999974], [110.54519259700004, -6.87412909699998], [110.54496344500006, -6.874100452999926], [110.54496250800008, -6.87410033599997], [110.54501129900007, -6.873710000999949], [110.54501142100008, -6.873709025999972], [110.54489990800005, -6.873692129999938]]]]}}, {"type": "Feature", "properties": {"idsubsls": "3321040019001200", "idsls": "33210400190012", "nmsls": "RT 003 RW 004", "nmdesa": "BANJARSARI", "nmkec": "SAYUNG", "kdkec": "040", "kd_kec_bps": "3321040", "kdsubsls": "00", "subsls": null}, "geometry": {"type": "MultiPolygon", "coordinates": [[[[110.54821575600005, -6.874961368999948], [110.54864134800005, -6.875501542999928], [110.54908491100008, -6.876166885999965], [110.54849704900005, -6.875892753999949], [110.54822247000004, -6.875771304999944], [110.54822255300007, -6.875770984999974], [110.54805537400006, -6.875664702999927], [110.54792140700005, -6.875973857999952], [110.54769941700005, -6.87642227799995], [110.54723151700006, -6.876243159999945], [110.54718441700004, -6.876306600999953], [110.54718413800003, -6.876306976999956], [110.54666605200003, -6.876017812999976], [110.54625560100004, -6.875851067999974], [110.54608885600004, -6.875735627999973], [110.54596059000005, -6.875722801999927], [110.54583232400006, -6.875645841999926], [110.54558861800007, -6.875530402999971], [110.54540904600009, -6.875427789999947], [110.54522947400005, -6.875312350999934], [110.54503707500004, -6.875184084999944], [110.54470358300006, -6.875119951999977], [110.54434443800005, -6.875094297999965], [110.54439574500009, -6.875004511999975], [110.54443422500009, -6.874812112999962], [110.54451118400004, -6.874504274999936], [110.54457531700007, -6.874299048999944], [110.54462662400005, -6.874119476999965], [110.54462757600004, -6.874119476999965], [110.54496011500004, -6.874119476999965], [110.54496250800008, -6.87410033599997], [110.54496344500006, -6.874100452999926], [110.54519259700004, -6.87412909699998], [110.54537858300006, -6.874173989999974], [110.54554532900005, -6.874225295999963], [110.54576338100009, -6.874334321999982], [110.54584034000004, -6.874353561999953], [110.54594295300006, -6.874398454999948], [110.54638275400004, -6.874496540999928], [110.54638547100006, -6.874501067999972], [110.54651053000003, -6.874536340999953], [110.54660672900008, -6.874542754999936], [110.54669923100005, -6.874539863999928], [110.54669124900005, -6.874560617999975], [110.54676572200009, -6.874549159999958], [110.54693068600005, -6.874561188999962], [110.54709221400009, -6.874602429999925], [110.54726233400004, -6.874653981999927], [110.54739121300008, -6.874712406999947], [110.54751493600008, -6.874808635999955], [110.54758023500005, -6.874770831999967], [110.54767646400006, -6.874751928999956], [110.54776582000005, -6.874765676999971], [110.54781565300004, -6.874751928999956], [110.54790500900003, -6.874779423999939], [110.54803388800008, -6.874844721999978], [110.54821575600005, -6.874961368999948]]]]}}, {"type": "Feature", "properties": {"idsubsls": "3321040007000903", "idsls": "33210400070009", "nmsls": "RT 004 RW 002", "nmdesa": "SAYUNG", "nmkec": "SAYUNG", "kdkec": "040", "kd_kec_bps": "3321040", "kdsubsls": "03", "subsls": null}, "geometry": {"type": "MultiPolygon", "coordinates": [[[[110.50867247500008, -6.942518471999961], [110.50891682600007, -6.942132654999966], [110.50936489800006, -6.942359820999968], [110.50913848100004, -6.94274636199998], [110.50903480400007, -6.942695660999959], [110.50889972600004, -6.942629603999933], [110.50877397000005, -6.942568105999953], [110.50867247500008, -6.942518471999961]]]]}}, {"type": "Feature", "properties": {"idsubsls": "3321050015000100", "idsls": "33210500150001", "nmsls": "RT 001 RW 001 DUSUN BILUTAN", "nmdesa": "REJOSARI", "nmkec": "KARANG TENGAH", "kdkec": "050", "kd_kec_bps": "3321050", "kdsubsls": "00", "subsls": null}, "geometry": {"type": "MultiPolygon", "coordinates": [[[[110.58795683300008, -6.91289962899998], [110.58669027300004, -6.912237619999928], [110.58679151400008, -6.912033028999929], [110.58752398200005, -6.910474738999937], [110.58775604500005, -6.910593796999933], [110.58808, -6.91076], [110.58820663000006, -6.910821569999939], [110.58852436900008, -6.910976069999947], [110.58869459000005, -6.911058839999953], [110.58891848400003, -6.911167704999968], [110.58795683300008, -6.91289962899998]]]]}}, {"type": "Feature", "properties": {"idsubsls": "3321050009100200", "idsls": "33210500091002", "nmsls": "SAWAH", "nmdesa": "KARANGTOWO", "nmkec": "KARANG TENGAH", "kdkec": "050", "kd_kec_bps": "3321050", "kdsubsls": "00", "subsls": null}, "geometry": {"type": "MultiPolygon", "coordinates": [[[[110.57813887100008, -6.921898068999951], [110.57790003400004, -6.921848903999944], [110.57697005100005, -6.92183470599997], [110.57695890000008, -6.921824069999957], [110.57678689000005, -6.921660059999965], [110.57678025800004, -6.921662265999942], [110.57639162700008, -6.921529151999948], [110.57639481500007, -6.921679939999933], [110.57502982400007, -6.921473122999942], [110.57470128500006, -6.922940087999962], [110.57368166600008, -6.922426065999957], [110.57368166600008, -6.922006541999963], [110.57365268500007, -6.921354460999964], [110.57349562900004, -6.921386906999942], [110.57333449000004, -6.921129085999951], [110.57324784400004, -6.921105016999945], [110.57325747100003, -6.920994300999951], [110.57327191200005, -6.920883585999945], [110.57239581500005, -6.91828899199993], [110.57232842300004, -6.918231226999978], [110.57217438400005, -6.916373131999933], [110.57164487500006, -6.91604579899996], [110.57153236200008, -6.916023295999935], [110.57154860100007, -6.915968778999968], [110.57159054300007, -6.91597110899994], [110.57163524800006, -6.915973592999933], [110.57190963000005, -6.916079494999963], [110.57217919800007, -6.916195023999933], [110.57241507000003, -6.916324994999968], [110.57247283500004, -6.916469405999976], [110.57265094200005, -6.91653198399996], [110.57276436700005, -6.916595785999959], [110.57305958100005, -6.91666360499994], [110.57330748500004, -6.916720555999973], [110.57334138600004, -6.916728343999978], [110.57445141000005, -6.917148493999946], [110.57463547300006, -6.917300345999934], [110.57494460800007, -6.917555381999932], [110.57660522300006, -6.917502940999952], [110.57744542600005, -6.916996435999977], [110.57785933900004, -6.916854308999973], [110.57812805700007, -6.91639573599997], [110.57938266500008, -6.913153490999946], [110.57930974900006, -6.913091670999961], [110.57929009400004, -6.913084012999946], [110.57927423000007, -6.913061556999935], [110.57796882900004, -6.911954802999958], [110.57798554500005, -6.911923227999978], [110.57777870800004, -6.911490749999928], [110.57891458600005, -6.909853747999932], [110.57890642400008, -6.909809441999926], [110.57915835500006, -6.909439943999928], [110.57931791100009, -6.909171217999926], [110.58402901000005, -6.91125384299994], [110.58367630800007, -6.912303552999958], [110.58533984700006, -6.912978238999926], [110.58522562100006, -6.913223007999932], [110.58380058200004, -6.916263529999981], [110.58354504000005, -6.916170038999951], [110.58236966500004, -6.915960395999946], [110.58184383900004, -6.916647749999981], [110.58148297800005, -6.916658060999964], [110.58149490400007, -6.916676066999969], [110.58183352800006, -6.917187322999951], [110.58174073600009, -6.91733510499995], [110.58217376900006, -6.917726895999976], [110.58245558400006, -6.917878113999961], [110.58195381500008, -6.918544847999954], [110.58223657800005, -6.91872157399996], [110.58213768300004, -6.918828380999969], [110.58180087900007, -6.919337023999958], [110.58151906400008, -6.919804423999949], [110.58136784600003, -6.920154974999946], [110.58098292800008, -6.920409295999946], [110.58060543700009, -6.920686515999932], [110.58051724500007, -6.920622375999926], [110.57985051200006, -6.920319939999956], [110.57902568700007, -6.91992814799994], [110.57882815000005, -6.920330193999973], [110.57844143600005, -6.921117270999957], [110.57835482300004, -6.921325141999944], [110.57835154400004, -6.921333010999945], [110.57835305000003, -6.921333416999971], [110.57813887100008, -6.921898068999951]]]]}}, {"type": "Feature", "properties": {"idsubsls": "3321050015000600", "idsls": "33210500150006", "nmsls": "RT 001 RW 003 DUSUN DAL ASEM", "nmdesa": "REJOSARI", "nmkec": "KARANG TENGAH", "kdkec": "050", "kd_kec_bps": "3321050", "kdsubsls": "00", "subsls": null}, "geometry": {"type": "MultiPolygon", "coordinates": [[[[110.57933932400005, -6.906336849999946], [110.57787703700006, -6.905628013999944], [110.57773208600008, -6.905948975999934], [110.57567016800004, -6.90484691599994], [110.57579336900005, -6.904551235999975], [110.57648607300007, -6.903080457999977], [110.57678, -6.90323], [110.57758, -6.90369], [110.57776617000007, -6.903806089999932], [110.57779426800005, -6.903823608999971], [110.57843, -6.90422], [110.57887875000006, -6.904514179999978], [110.57893348500005, -6.904550061999942], [110.57920319000004, -6.904726869999934], [110.57933, -6.90481], [110.57968604000007, -6.905102589999956], [110.57986187400007, -6.905247085999974], [110.57933932400005, -6.906336849999946]]]]}}, {"type": "Feature", "properties": {"idsubsls": "3321050009000800", "idsls": "33210500090008", "nmsls": "RT 001 RW 002 DUSUN KARANGPANAS", "nmdesa": "KARANGTOWO", "nmkec": "KARANG TENGAH", "kdkec": "050", "kd_kec_bps": "3321050", "kdsubsls": "00", "subsls": null}, "geometry": {"type": "MultiPolygon", "coordinates": [[[[110.58274095900003, -6.922384815999976], [110.58235573200005, -6.922445963999962], [110.58235501000007, -6.922438389999968], [110.58235485000006, -6.922436739999966], [110.58050427000006, -6.922710599999959], [110.58046220600005, -6.922716824999952], [110.58041886800004, -6.922428398999955], [110.58041127800004, -6.922420808999959], [110.58021609800005, -6.921983336999972], [110.58010784000004, -6.921730733999937], [110.58010660400004, -6.921731056999931], [110.58012373500009, -6.921701521999978], [110.58008421200009, -6.921483286999944], [110.58020996600004, -6.92140528799996], [110.58127677200008, -6.921749636999948], [110.58256556100008, -6.921612165999932], [110.58269423700006, -6.921612165999932], [110.58269615800003, -6.921677464999959], [110.58272021500005, -6.922055508999961], [110.58274095900003, -6.922384815999976]]]]}}, {"type": "Feature", "properties": {"idsubsls": "3321050009001700", "idsls": "33210500090017", "nmsls": "RT 004 RW 003 DUSUN GAWING", "nmdesa": "KARANGTOWO", "nmkec": "KARANG TENGAH", "kdkec": "050", "kd_kec_bps": "3321050", "kdsubsls": "00", "subsls": null}, "geometry": {"type": "MultiPolygon", "coordinates": [[[[110.58349332300008, -6.918403266999974], [110.58290655800005, -6.918085660999964], [110.58290408300007, -6.918084320999981], [110.58304155300004, -6.917850619999967], [110.58339897800005, -6.917610045999936], [110.58342647200004, -6.91758942599995], [110.58356619400007, -6.917149882999979], [110.58367892800004, -6.916795240999932], [110.58375640200006, -6.916551520999974], [110.58376685200005, -6.916555596999956], [110.58458466300004, -6.91687457699993], [110.58472557100004, -6.917001737999954], [110.58488391200007, -6.917242224999939], [110.58440423300004, -6.917627229999937], [110.58392652200007, -6.917840309999974], [110.58383029200007, -6.917909044999931], [110.58349332300008, -6.918403266999974]]]]}}, {"type": "Feature", "properties": {"idsubsls": "3321050009001600", "idsls": "33210500090016", "nmsls": "RT 003 RW 003 DUSUN GAWING", "nmdesa": "KARANGTOWO", "nmkec": "KARANG TENGAH", "kdkec": "050", "kd_kec_bps": "3321050", "kdsubsls": "00", "subsls": null}, "geometry": {"type": "MultiPolygon", "coordinates": [[[[110.58367892800004, -6.916795240999932], [110.58356619400007, -6.917149882999979], [110.58211190700007, -6.917003455999975], [110.58202607500004, -6.916957912999976], [110.58218566000005, -6.916703091999977], [110.58231767500007, -6.916466064999952], [110.58256970400004, -6.916580077999981], [110.58286373800007, -6.91666708799994], [110.58311576600005, -6.916721093999968], [110.58338579700006, -6.916772099999946], [110.58367892800004, -6.916795240999932]]]]}}, {"type": "Feature", "properties": {"idsubsls": "3321050009001500", "idsls": "33210500090015", "nmsls": "RT 002 RW 003 DUSUN GAWING", "nmdesa": "KARANGTOWO", "nmkec": "KARANG TENGAH", "kdkec": "050", "kd_kec_bps": "3321050", "kdsubsls": "00", "subsls": null}, "geometry": {"type": "MultiPolygon", "coordinates": [[[[110.58223657800005, -6.91872157399996], [110.58195381500008, -6.918544847999954], [110.58245558400006, -6.917878113999961], [110.58217376900006, -6.917726895999976], [110.58174073600009, -6.91733510499995], [110.58183352800006, -6.917187322999951], [110.58149490400007, -6.916676066999969], [110.58202607500004, -6.916957912999976], [110.58211190700007, -6.917003455999975], [110.58356619400007, -6.917149882999979], [110.58342647200004, -6.91758942599995], [110.58339897800005, -6.917610045999936], [110.58304155300004, -6.917850619999967], [110.58290408300007, -6.918084320999981], [110.58290655800005, -6.918085660999964], [110.58290236400006, -6.918087756999967], [110.58237653800006, -6.91868231899997], [110.58228374500004, -6.918751053999927], [110.58223657800005, -6.91872157399996]]]]}}, {"type": "Feature", "properties": {"idsubsls": "3321050009001000", "idsls": "33210500090010", "nmsls": "RT 003 RW 002 DUSUN KARANGPANAS", "nmdesa": "KARANGTOWO", "nmkec": "KARANG TENGAH", "kdkec": "050", "kd_kec_bps": "3321050", "kdsubsls": "00", "subsls": null}, "geometry": {"type": "MultiPolygon", "coordinates": [[[[110.57835305000003, -6.921333416999971], [110.57835154400004, -6.921333010999945], [110.57835482300004, -6.921325141999944], [110.57844143600005, -6.921117270999957], [110.57882815000005, -6.920330193999973], [110.57909957700008, -6.92052786499994], [110.57985910400004, -6.921170540999981], [110.57999623500007, -6.921453301999975], [110.57990084400006, -6.921529079999971], [110.57969868800006, -6.921837791999963], [110.57969769700009, -6.921838050999952], [110.57882514700009, -6.921476226999971], [110.57878812000007, -6.921450637999953], [110.57835305000003, -6.921333416999971]]]]}}, {"type": "Feature", "properties": {"idsubsls": "3321050009001200", "idsls": "33210500090012", "nmsls": "RT 005 RW 002 DUSUN KARANGPANAS", "nmdesa": "KARANGTOWO", "nmkec": "KARANG TENGAH", "kdkec": "050", "kd_kec_bps": "3321050", "kdsubsls": "00", "subsls": null}, "geometry": {"type": "MultiPolygon", "coordinates": [[[[110.57856067700004, -6.922973605999971], [110.57846243400007, -6.92279115499997], [110.57863659100008, -6.922080011999981], [110.57861708400009, -6.922072348999961], [110.57873301900008, -6.921976339999958], [110.57896743500004, -6.922008818999927], [110.57943914200007, -6.921900558999937], [110.57944454300008, -6.921904290999976], [110.57969769700009, -6.921838050999952], [110.57969868800006, -6.921837791999963], [110.57988455400005, -6.921789158999957], [110.58007303200009, -6.921739841999965], [110.58009485100007, -6.921734132999973], [110.58010660400004, -6.921731056999931], [110.58010784000004, -6.921730733999937], [110.58021609800005, -6.921983336999972], [110.58041127800004, -6.922420808999959], [110.58041886800004, -6.922428398999955], [110.58046220600005, -6.922716824999952], [110.58024771000004, -6.922748569999953], [110.57856999800003, -6.922990916999936], [110.57856067700004, -6.922973605999971]]]]}}, {"type": "Feature", "properties": {"idsubsls": "3321050009001800", "idsls": "33210500090018", "nmsls": "RT 005 RW 003 DUSUN GAWING", "nmdesa": "KARANGTOWO", "nmkec": "KARANG TENGAH", "kdkec": "050", "kd_kec_bps": "3321050", "kdsubsls": "00", "subsls": null}, "geometry": {"type": "MultiPolygon", "coordinates": [[[[110.58149490400007, -6.916676066999969], [110.58148297800005, -6.916658060999964], [110.58184383900004, -6.916647749999981], [110.58236966500004, -6.915960395999946], [110.58354504000005, -6.916170038999951], [110.58380058200004, -6.916263529999981], [110.58382685600009, -6.916273141999966], [110.58376685200005, -6.916555596999956], [110.58375640200006, -6.916551520999974], [110.58367892800004, -6.916795240999932], [110.58338579700006, -6.916772099999946], [110.58311576600005, -6.916721093999968], [110.58286373800007, -6.91666708799994], [110.58256970400004, -6.916580077999981], [110.58231767500007, -6.916466064999952], [110.58218566000005, -6.916703091999977], [110.58202607500004, -6.916957912999976], [110.58149490400007, -6.916676066999969]]]]}}, {"type": "Feature", "properties": {"idsubsls": "3321050011000600", "idsls": "33210500110006", "nmsls": "RT 003 RW 002", "nmdesa": "KEDUNGUTER", "nmkec": "KARANG TENGAH", "kdkec": "050", "kd_kec_bps": "3321050", "kdsubsls": "00", "subsls": null}, "geometry": {"type": "MultiPolygon", "coordinates": [[[[110.56940070000007, -6.939053801999933], [110.56799745500007, -6.938515269999925], [110.56802047800005, -6.938377129999935], [110.56807952400004, -6.938176374999955], [110.56815628300006, -6.937987428999975], [110.56820155100007, -6.937851623999961], [110.56829644700008, -6.93743472899996], [110.56855631200006, -6.937389205999978], [110.56861683900007, -6.93745798599997], [110.56881748700005, -6.937577379999937], [110.56902975300005, -6.937703686999953], [110.56915612300008, -6.937857527999938], [110.56944012400004, -6.938360983999928], [110.56937459200009, -6.939034504999938], [110.56940070000007, -6.939053801999933]]]]}}, {"type": "Feature", "properties": {"idsubsls": "3321050009000700", "idsls": "33210500090007", "nmsls": "RT 007 RW 001 DUSUN BANYUTOWO", "nmdesa": "KARANGTOWO", "nmkec": "KARANG TENGAH", "kdkec": "050", "kd_kec_bps": "3321050", "kdsubsls": "00", "subsls": null}, "geometry": {"type": "MultiPolygon", "coordinates": [[[[110.58980796200007, -6.921477359999926], [110.58980643000007, -6.921485429999962], [110.58980629800004, -6.921486123999955], [110.58997408600004, -6.921530068999971], [110.58993472300006, -6.922258297999974], [110.58993171300006, -6.922313976999931], [110.58966720000006, -6.92230921099997], [110.58966675200008, -6.922309202999941], [110.58966666300006, -6.922311931999957], [110.58904809200004, -6.922458330999973], [110.58905229100009, -6.92246672899995], [110.58905404800004, -6.92247498699993], [110.58906628700004, -6.922532510999929], [110.58921604500006, -6.922932799999955], [110.58924828400006, -6.92305803499994], [110.58925243500005, -6.923074160999931], [110.58925673200008, -6.923073380999938], [110.58925247100007, -6.923095251999939], [110.58921042300005, -6.923102507999943], [110.58917521400008, -6.923119766999946], [110.58910827300008, -6.923120136999955], [110.58746047000005, -6.923404509999955], [110.58746332000004, -6.923404529999971], [110.58703452800006, -6.923585187999947], [110.58628444200008, -6.923591078999948], [110.58551487500006, -6.923597122999979], [110.58544986300006, -6.923612376999927], [110.58566896500008, -6.923320240999942], [110.58584080300005, -6.922928448999926], [110.58609512400005, -6.922316703999968], [110.58611351900004, -6.921930411999938], [110.58625132300006, -6.921909084999925], [110.58683746700007, -6.921818371999962], [110.58722440400004, -6.921771564999972], [110.58768897400006, -6.921715366999933], [110.58779141700006, -6.92170297499996], [110.58854210500004, -6.921612165999932], [110.58980796200007, -6.921477359999926]]]]}}, {"type": "Feature", "properties": {"idsubsls": "3321050017000100", "idsls": "33210500170001", "nmsls": "RT 001 RW 001 DUSUN TAMBAK BULUSAN", "nmdesa": "TAMBAKBULUSAN", "nmkec": "KARANG TENGAH", "kdkec": "050", "kd_kec_bps": "3321050", "kdsubsls": "00", "subsls": null}, "geometry": {"type": "MultiPolygon", "coordinates": [[[[110.53466030200008, -6.860377636999942], [110.53467447400004, -6.86062859499998], [110.53467521400006, -6.860628701999929], [110.53468438900006, -6.861019541999951], [110.53468815600007, -6.861180032999926], [110.53467780200003, -6.861405224999942], [110.53466830600007, -6.861452705999966], [110.53398669700005, -6.86101696399993], [110.53334477200008, -6.860701177999943], [110.53330651000005, -6.86067174599998], [110.53342501200007, -6.860442336999938], [110.53373565000004, -6.860507140999971], [110.53376322100007, -6.860448168999937], [110.53396924200007, -6.860519394999926], [110.53395622200009, -6.86055922099996], [110.53418521900005, -6.860641169999951], [110.53436460500006, -6.860747768999943], [110.53439307700006, -6.860390568999946], [110.53418082800005, -6.860375037999972], [110.53418859300007, -6.86026891399996], [110.53441786500008, -6.860287502999938], [110.53447590600007, -6.860292208999965], [110.53466001500004, -6.860301359999937], [110.53466030200008, -6.860377636999942]]]]}}, {"type": "Feature", "properties": {"idsubsls": "3321050017000300", "idsls": "33210500170003", "nmsls": "RT 003 RW 001 DUSUN TAMBAK BULUSAN", "nmdesa": "TAMBAKBULUSAN", "nmkec": "KARANG TENGAH", "kdkec": "050", "kd_kec_bps": "3321050", "kdsubsls": "00", "subsls": null}, "geometry": {"type": "MultiPolygon", "coordinates": [[[[110.53459230300007, -6.861638557999981], [110.53454137600005, -6.86187235899996], [110.53447978900005, -6.861859489999972], [110.53310520700006, -6.861023338999928], [110.53322577800009, -6.860855808999929], [110.53323088200005, -6.860848716999953], [110.53350784200006, -6.861024728999951], [110.53359843600003, -6.861050612999975], [110.53381845000007, -6.861198151999929], [110.53391939800008, -6.861252508999939], [110.53401258100007, -6.861296511999967], [110.53420930000004, -6.861444050999978], [110.53441119600006, -6.861565705999965], [110.53459238400006, -6.861638180999933], [110.53459230300007, -6.861638557999981]]]]}}, {"type": "Feature", "properties": {"idsubsls": "3321050013000400", "idsls": "33210500130004", "nmsls": "RT 001 RW 002", "nmdesa": "WONOKERTO", "nmkec": "KARANG TENGAH", "kdkec": "050", "kd_kec_bps": "3321050", "kdsubsls": "00", "subsls": null}, "geometry": {"type": "MultiPolygon", "coordinates": [[[[110.57028992600004, -6.92300230799998], [110.57087828500005, -6.923050707999948], [110.57089139500005, -6.922976417999962], [110.57101659900007, -6.922970156999952], [110.57102031100004, -6.923007280999968], [110.57263722600004, -6.923112161999939], [110.57304801000004, -6.923278223999944], [110.57320189100005, -6.923725212999955], [110.57099409100005, -6.923959949999926], [110.57057013600007, -6.924019243999965], [110.57028104800008, -6.924059675999956], [110.57027740400008, -6.923738989999947], [110.57028992600004, -6.92300230799998]]]]}}, {"type": "Feature", "properties": {"idsubsls": "3321050013000900", "idsls": "33210500130009", "nmsls": "RT 002 RW 003", "nmdesa": "WONOKERTO", "nmkec": "KARANG TENGAH", "kdkec": "050", "kd_kec_bps": "3321050", "kdsubsls": "00", "subsls": null}, "geometry": {"type": "MultiPolygon", "coordinates": [[[[110.56662692100008, -6.92432768499998], [110.56662, -6.9243], [110.56660898000007, -6.924301708999963], [110.56658328600008, -6.924312696999948], [110.56653451500006, -6.924313253999969], [110.56543253900008, -6.924484102999941], [110.56534016700004, -6.924515028999963], [110.56532097400009, -6.924514354999928], [110.56531396200006, -6.923595671999976], [110.56651131600006, -6.923443099999929], [110.56666775000008, -6.924278689999937], [110.56662692100008, -6.92432768499998]]]]}}, {"type": "Feature", "properties": {"idsubsls": "3321050017000600", "idsls": "33210500170006", "nmsls": "RT 003 RW 002 DUSUN TAMBAK BULUSAN", "nmdesa": "TAMBAKBULUSAN", "nmkec": "KARANG TENGAH", "kdkec": "050", "kd_kec_bps": "3321050", "kdsubsls": "00", "subsls": null}, "geometry": {"type": "MultiPolygon", "coordinates": [[[[110.53447640800005, -6.862330184999962], [110.53465191800007, -6.862444470999947], [110.53503500200009, -6.862770609999927], [110.53512788500007, -6.862813685999981], [110.53574940300007, -6.863101925999956], [110.53716785000006, -6.863723143999948], [110.53709537500004, -6.863992338999935], [110.53678994300009, -6.863878448999969], [110.53580117100006, -6.863598899999943], [110.53493664300004, -6.863184754999963], [110.53456391200007, -6.862993212999982], [110.53354925600007, -6.862356464999948], [110.53312327800006, -6.863086712999973], [110.53307298900006, -6.86303462799998], [110.53185357500007, -6.861800033999941], [110.53266672700005, -6.861201125999969], [110.53281981600009, -6.861301863999927], [110.53437754700008, -6.862378465999939], [110.53447640800005, -6.862330184999962]]]]}}, {"type": "Feature", "properties": {"idsubsls": "3321050017000200", "idsls": "33210500170002", "nmsls": "RT 002 RW 001 DUSUN TAMBAK BULUSAN", "nmdesa": "TAMBAKBULUSAN", "nmkec": "KARANG TENGAH", "kdkec": "050", "kd_kec_bps": "3321050", "kdsubsls": "00", "subsls": null}, "geometry": {"type": "MultiPolygon", "coordinates": [[[[110.53460683400004, -6.861617728999931], [110.53459230300007, -6.861638557999981], [110.53459238400006, -6.861638180999933], [110.53441119600006, -6.861565705999965], [110.53420930000004, -6.861444050999978], [110.53401258100007, -6.861296511999967], [110.53391939800008, -6.861252508999939], [110.53381845000007, -6.861198151999929], [110.53359843600003, -6.861050612999975], [110.53350784200006, -6.861024728999951], [110.53323088200005, -6.860848716999953], [110.53322577800009, -6.860855808999929], [110.53322311700003, -6.860833186999969], [110.53330651000005, -6.86067174599998], [110.53334477200008, -6.860701177999943], [110.53398669700005, -6.86101696399993], [110.53466830600007, -6.861452705999966], [110.53464674100007, -6.861560528999973], [110.53460683400004, -6.861617728999931]]]]}}, {"type": "Feature", "properties": {"idsubsls": "3321050017000400", "idsls": "33210500170004", "nmsls": "RT 001 RW 002 DUSUN TAMBAK BULUSAN", "nmdesa": "TAMBAKBULUSAN", "nmkec": "KARANG TENGAH", "kdkec": "050", "kd_kec_bps": "3321050", "kdsubsls": "00", "subsls": null}, "geometry": {"type": "MultiPolygon", "coordinates": [[[[110.53454137600005, -6.86187235899996], [110.53453544000007, -6.861899610999956], [110.53445531900007, -6.862144027999932], [110.53301012900005, -6.861155446999931], [110.53310520700006, -6.861023338999928], [110.53447978900005, -6.861859489999972], [110.53454137600005, -6.86187235899996]]]]}}, {"type": "Feature", "properties": {"idsubsls": "3321050017000500", "idsls": "33210500170005", "nmsls": "RT 002 RW 002 DUSUN TAMBAK BULUSAN", "nmdesa": "TAMBAKBULUSAN", "nmkec": "KARANG TENGAH", "kdkec": "050", "kd_kec_bps": "3321050", "kdsubsls": "00", "subsls": null}, "geometry": {"type": "MultiPolygon", "coordinates": [[[[110.53445531900007, -6.862144027999932], [110.53447072900008, -6.862154568999927], [110.53442931500007, -6.862299519999965], [110.53447640800005, -6.862330184999962], [110.53437754700008, -6.862378465999939], [110.53281981600009, -6.861301863999927], [110.53296364000005, -6.861123645999953], [110.53301012900005, -6.861155446999931], [110.53445531900007, -6.862144027999932]]]]}}, {"type": "Feature", "properties": {"idsubsls": "3321050008500303", "idsls": "33210500085003", "nmsls": "PASAR", "nmdesa": "KARANGSARI", "nmkec": "KARANG TENGAH", "kdkec": "050", "kd_kec_bps": "3321050", "kdsubsls": "03", "subsls": null}, "geometry": {"type": "MultiPolygon", "coordinates": [[[[110.60029424200007, -6.917519380999977], [110.60027844300004, -6.917176160999929], [110.60123920600006, -6.917110020999928], [110.60127179900007, -6.917243569999926], [110.60074600200005, -6.917391919999943], [110.60029424200007, -6.917519380999977]]]]}}, {"type": "Feature", "properties": {"idsubsls": "3321060001001100", "idsls": "33210600010011", "nmsls": "RT 007 RW 002 DUSUN KRAJAN 2", "nmdesa": "MORODEMAK", "nmkec": "BONANG", "kdkec": "060", "kd_kec_bps": "3321060", "kdsubsls": "00", "subsls": null}, "geometry": {"type": "MultiPolygon", "coordinates": [[[[110.55300850300006, -6.830010915999935], [110.55315391400006, -6.830044796999971], [110.55321131000005, -6.830058169999973], [110.55322055400006, -6.83006032399993], [110.55322111100008, -6.830060453999977], [110.55334109000006, -6.830088409999973], [110.55332922900004, -6.830146753999941], [110.55329797300004, -6.830321129999959], [110.55327329700003, -6.830571176999968], [110.55324697600008, -6.830763647999959], [110.55326836200004, -6.830913347999967], [110.55326178200005, -6.830979149999962], [110.55326178200005, -6.831099237999979], [110.55325026600008, -6.831209456999943], [110.55322230000007, -6.83139863699995], [110.55320483300005, -6.831496454999979], [110.55320386200009, -6.831495802999939], [110.55300640400009, -6.831363243999931], [110.55285581300006, -6.831262147999951], [110.55275107400007, -6.831286034999948], [110.55276853400005, -6.831146353999941], [110.55277211400005, -6.831046125999933], [110.55277927300006, -6.830963795999935], [110.55280433000007, -6.830845669999974], [110.55284012600004, -6.830530667999938], [110.55285086500004, -6.830373166999948], [110.55287592200006, -6.83017628999994], [110.55291813300005, -6.829989854999951], [110.55291837000004, -6.829989909999938], [110.55299341600005, -6.830007400999932], [110.55299809000007, -6.830008489999955], [110.55300850300006, -6.830010915999935]]]]}}, {"type": "Feature", "properties": {"idsubsls": "3321060001000600", "idsls": "33210600010006", "nmsls": "RT 002 RW 002 DUSUN KRAJAN 2", "nmdesa": "MORODEMAK", "nmkec": "BONANG", "kdkec": "060", "kd_kec_bps": "3321060", "kdsubsls": "00", "subsls": null}, "geometry": {"type": "MultiPolygon", "coordinates": [[[[110.55214357300008, -6.829746891999946], [110.55179131600005, -6.830805596999937], [110.55161501800006, -6.830766918999927], [110.55161739200008, -6.830754919999947], [110.55165433300004, -6.83056819199993], [110.55167229100005, -6.830477421999944], [110.55171703500008, -6.830309181999951], [110.55175283100004, -6.830169577999925], [110.55185305900005, -6.829833545999975], [110.55190317300008, -6.829681414999925], [110.55190243500004, -6.82966739799997], [110.55190842000007, -6.829669369999976], [110.55199472000004, -6.829697819999978], [110.55203798000008, -6.829712079999979], [110.55214357300008, -6.829746891999946]]]]}}, {"type": "Feature", "properties": {"idsubsls": "3321060001000500", "idsls": "33210600010005", "nmsls": "RT 001 RW 002 DUSUN KRAJAN 2", "nmdesa": "MORODEMAK", "nmkec": "BONANG", "kdkec": "060", "kd_kec_bps": "3321060", "kdsubsls": "00", "subsls": null}, "geometry": {"type": "MultiPolygon", "coordinates": [[[[110.55161501800006, -6.830766918999927], [110.55179131600005, -6.830805596999937], [110.55170011400008, -6.831244227999946], [110.55156177200007, -6.831234500999926], [110.55134871900009, -6.831237322999925], [110.55131793600009, -6.831222649999972], [110.55150584100005, -6.830787501999964], [110.55151436800008, -6.830769381999971], [110.55160964800007, -6.83079913499995], [110.55161501800006, -6.830766918999927]]]]}}, {"type": "Feature", "properties": {"idsubsls": "3321060001002500", "idsls": "33210600010025", "nmsls": "RT 008 RW 004 DUSUN GENDERO", "nmdesa": "MORODEMAK", "nmkec": "BONANG", "kdkec": "060", "kd_kec_bps": "3321060", "kdsubsls": "00", "subsls": null}, "geometry": {"type": "MultiPolygon", "coordinates": [[[[110.55091936200006, -6.829260061999946], [110.55081319400006, -6.829447847999973], [110.55080017300008, -6.829494505999946], [110.55060339300007, -6.829430042999945], [110.55047810800005, -6.829387087999976], [110.55022037900005, -6.829236745999935], [110.55000918400009, -6.82912577999997], [110.54977651200005, -6.82905418799993], [110.54962259100006, -6.828986176999933], [110.54959234600005, -6.828982230999941], [110.54959216400005, -6.828979016999938], [110.54961014400004, -6.828822656999932], [110.54961722100006, -6.828761110999949], [110.54964399400006, -6.828533152999967], [110.54964788000007, -6.828535429999931], [110.55039, -6.82897], [110.55045685000005, -6.829006629999981], [110.55069663000006, -6.829138019999959], [110.55091936200006, -6.829260061999946]]]]}}, {"type": "Feature", "properties": {"idsubsls": "3321060001000800", "idsls": "33210600010008", "nmsls": "RT 004 RW 002 DUSUN KRAJAN 2", "nmdesa": "MORODEMAK", "nmkec": "BONANG", "kdkec": "060", "kd_kec_bps": "3321060", "kdsubsls": "00", "subsls": null}, "geometry": {"type": "MultiPolygon", "coordinates": [[[[110.55223348800007, -6.831357969999942], [110.55225441900006, -6.831338307999943], [110.55225083900007, -6.83131862099998], [110.55216492900007, -6.831275665999954], [110.55210468200005, -6.831267168999943], [110.55207540500004, -6.831262971999934], [110.55209986700004, -6.831059122999932], [110.55211559200006, -6.830905363999932], [110.55211792200004, -6.830859351999948], [110.55210685600008, -6.830725976999929], [110.55210161400004, -6.830665987999964], [110.55212811400008, -6.830582700999969], [110.55214325700007, -6.830526205999945], [110.55216116700007, -6.830476845999954], [110.55218228000007, -6.830405644999928], [110.55220790600004, -6.83032439699997], [110.55224751100008, -6.83019276899995], [110.55227139000004, -6.830107734999956], [110.55229730800005, -6.830024739999942], [110.55232351700005, -6.829949315999954], [110.55236166600008, -6.829818852999949], [110.55247833200008, -6.829857250999964], [110.55259371500006, -6.829895290999957], [110.55256531200007, -6.829961843999968], [110.55254888000007, -6.829994150999937], [110.55253244800008, -6.830030634999957], [110.55251768800008, -6.830072966999978], [110.55251323200008, -6.83010220999995], [110.55251963700005, -6.830152618999932], [110.55252561500004, -6.830167682999956], [110.55234079000007, -6.830778640999938], [110.55232536700004, -6.831170370999928], [110.55236360000004, -6.831349459999956], [110.55233540600005, -6.831543685999975], [110.55233318300009, -6.831547205999925], [110.55232265500007, -6.831561783999973], [110.55229306900009, -6.83137082099995], [110.55223348800007, -6.831357969999942]]]]}}, {"type": "Feature", "properties": {"idsubsls": "3321060001000700", "idsls": "33210600010007", "nmsls": "RT 003 RW 002 DUSUN KRAJAN 2", "nmdesa": "MORODEMAK", "nmkec": "BONANG", "kdkec": "060", "kd_kec_bps": "3321060", "kdsubsls": "00", "subsls": null}, "geometry": {"type": "MultiPolygon", "coordinates": [[[[110.55179131600005, -6.830805596999937], [110.55214357300008, -6.829746891999946], [110.55221168300005, -6.829769346999967], [110.55236166600008, -6.829818852999949], [110.55232351700005, -6.829949315999954], [110.55229730800005, -6.830024739999942], [110.55227139000004, -6.830107734999956], [110.55224751100008, -6.83019276899995], [110.55220790600004, -6.83032439699997], [110.55218228000007, -6.830405644999928], [110.55216116700007, -6.830476845999954], [110.55214325700007, -6.830526205999945], [110.55212811400008, -6.830582700999969], [110.55210161400004, -6.830665987999964], [110.55210685600008, -6.830725976999929], [110.55211792200004, -6.830859351999948], [110.55211559200006, -6.830905363999932], [110.55209986700004, -6.831059122999932], [110.55207540500004, -6.831262971999934], [110.55192896200003, -6.831253770999979], [110.55179086400005, -6.831250608999937], [110.55170011400008, -6.831244227999946], [110.55179131600005, -6.830805596999937]]]]}}, {"type": "Feature", "properties": {"idsubsls": "3321060001001900", "idsls": "33210600010019", "nmsls": "RT 002 RW 004 DUSUN GENDERO", "nmdesa": "MORODEMAK", "nmkec": "BONANG", "kdkec": "060", "kd_kec_bps": "3321060", "kdsubsls": "00", "subsls": null}, "geometry": {"type": "MultiPolygon", "coordinates": [[[[110.55052010200006, -6.830384076999962], [110.55052504500009, -6.830386923999981], [110.55043736200008, -6.830552141999931], [110.55032841000008, -6.830496709999977], [110.54983892600006, -6.830247673999963], [110.54975411300006, -6.830178634999925], [110.54976259000006, -6.830100223999978], [110.54975544500007, -6.83006807299995], [110.54987647500008, -6.830112204999978], [110.55034427000004, -6.830282781999927], [110.55052010200006, -6.830384076999962]]]]}}, {"type": "Feature", "properties": {"idsubsls": "3321060001000900", "idsls": "33210600010009", "nmsls": "RT 005 RW 002 DUSUN KRAJAN 2", "nmdesa": "MORODEMAK", "nmkec": "BONANG", "kdkec": "060", "kd_kec_bps": "3321060", "kdsubsls": "00", "subsls": null}, "geometry": {"type": "MultiPolygon", "coordinates": [[[[110.55233540600005, -6.831543685999975], [110.55236360000004, -6.831349459999956], [110.55232536700004, -6.831170370999928], [110.55234079000007, -6.830778640999938], [110.55252561500004, -6.830167682999956], [110.55251963700005, -6.830152618999932], [110.55251323200008, -6.83010220999995], [110.55251768800008, -6.830072966999978], [110.55253244800008, -6.830030634999957], [110.55254888000007, -6.829994150999937], [110.55256531200007, -6.829961843999968], [110.55259371500006, -6.829895290999957], [110.55272086600007, -6.82993670299993], [110.55257313100009, -6.830879427999946], [110.55263552300005, -6.831197648999932], [110.55262084800006, -6.831332024999938], [110.55249188300007, -6.831410414999937], [110.55236383300007, -6.831504767999945], [110.55233540600005, -6.831543685999975]]]]}}, {"type": "Feature", "properties": {"idsubsls": "3321060001002700", "idsls": "33210600010027", "nmsls": "RT 010 RW 004 DUSUN GENDERO", "nmdesa": "MORODEMAK", "nmkec": "BONANG", "kdkec": "060", "kd_kec_bps": "3321060", "kdsubsls": "00", "subsls": null}, "geometry": {"type": "MultiPolygon", "coordinates": [[[[110.54941078000007, -6.830123456999956], [110.54975411300006, -6.830178634999925], [110.54983892600006, -6.830247673999963], [110.55032841000008, -6.830496709999977], [110.55043736200008, -6.830552141999931], [110.55048601500005, -6.830576894999979], [110.55036317600008, -6.830783263999933], [110.55017726500006, -6.830705645999956], [110.54995448100004, -6.83061263299993], [110.54952315600008, -6.830464364999955], [110.54941078000007, -6.830123456999956]]]]}}, {"type": "Feature", "properties": {"idsubsls": "3321060001002400", "idsls": "33210600010024", "nmsls": "RT 007 RW 004 DUSUN GENDERO", "nmdesa": "MORODEMAK", "nmkec": "BONANG", "kdkec": "060", "kd_kec_bps": "3321060", "kdsubsls": "00", "subsls": null}, "geometry": {"type": "MultiPolygon", "coordinates": [[[[110.55080017300008, -6.829494505999946], [110.55077023900009, -6.829601768999964], [110.55074130300005, -6.829677002999972], [110.55053538100009, -6.829611482999951], [110.55036714200008, -6.829557788999978], [110.55005571900006, -6.829423554999948], [110.54982125700008, -6.829330485999947], [110.54971029000006, -6.829317957999933], [110.54960040800006, -6.829309095999974], [110.54958769000007, -6.829258223999943], [110.54959753400004, -6.829216163999945], [110.54959932400004, -6.829106091999961], [110.54959234600005, -6.828982230999941], [110.54962259100006, -6.828986176999933], [110.54977651200005, -6.82905418799993], [110.55000918400009, -6.82912577999997], [110.55022037900005, -6.829236745999935], [110.55047810800005, -6.829387087999976], [110.55060339300007, -6.829430042999945], [110.55080017300008, -6.829494505999946]]]]}}, {"type": "Feature", "properties": {"idsubsls": "3321060013001500", "idsls": "33210600130015", "nmsls": "RT 003 RW 003 DUSUN DERO", "nmdesa": "JATIROGO", "nmkec": "BONANG", "kdkec": "060", "kd_kec_bps": "3321060", "kdsubsls": "00", "subsls": null}, "geometry": {"type": "MultiPolygon", "coordinates": [[[[110.59991981500008, -6.833460779999939], [110.59992056700008, -6.833461608999926], [110.60186530100009, -6.835378316999936], [110.60122722300008, -6.835908794999966], [110.60087681500005, -6.835543307999956], [110.59990695700009, -6.835021787999949], [110.59985638800003, -6.835033396999961], [110.59965601200008, -6.834896323999942], [110.59955686600006, -6.834798837999926], [110.59955401200006, -6.834796031999929], [110.59956611700005, -6.834748958999967], [110.59953126700009, -6.834675385999958], [110.59953409000008, -6.83467256199998], [110.59942626800006, -6.834516102999942], [110.59927023500006, -6.834310422999977], [110.599022, -6.834157934999951], [110.59875684200006, -6.833995663999929], [110.59868156300007, -6.833949594999979], [110.59852552900009, -6.833869804999949], [110.59828438600005, -6.833781149999936], [110.59797586500008, -6.833752779999941], [110.59781452400006, -6.833708998999953], [110.59799372200007, -6.833005730999957], [110.59841133500004, -6.833095896999964], [110.59870989500007, -6.833220748999963], [110.59871114400005, -6.833219475999954], [110.59964178500007, -6.833779875999937], [110.59972781200008, -6.833651506999956], [110.59991981500008, -6.833460779999939]]]]}}, {"type": "Feature", "properties": {"idsubsls": "3321060002001300", "idsls": "33210600020013", "nmsls": "RT 002 RW 004", "nmdesa": "MARGOLINDUK", "nmkec": "BONANG", "kdkec": "060", "kd_kec_bps": "3321060", "kdsubsls": "00", "subsls": null}, "geometry": {"type": "MultiPolygon", "coordinates": [[[[110.55628125900006, -6.831422565999958], [110.55613304700006, -6.831283589999941], [110.55613552000005, -6.831277928999953], [110.55620105900005, -6.831127877999961], [110.55625654200009, -6.830954716999941], [110.55627444000004, -6.830729650999956], [110.55629412800005, -6.830486239999971], [110.55639256600006, -6.830285783999955], [110.55641275800008, -6.830203573999938], [110.55650066000004, -6.830219349999936], [110.55651153000008, -6.830221299999948], [110.55655081000003, -6.83022834999997], [110.55656, -6.83023], [110.55658014000005, -6.83023389799996], [110.55665918900007, -6.830249196999944], [110.55665294400006, -6.830483822999952], [110.55662228500006, -6.830658342999925], [110.55655153400005, -6.831007383999975], [110.55670454800008, -6.831090963999941], [110.55679561100004, -6.83114452999996], [110.55648209300006, -6.831548382999927], [110.55643449500008, -6.83160969599993], [110.55639245400005, -6.831576890999941], [110.55628506700003, -6.831426548999957], [110.55628254700008, -6.831419409999967], [110.55628253700007, -6.831419381999979], [110.55628215800004, -6.83142073199997], [110.55628125900006, -6.831422565999958]]]]}}, {"type": "Feature", "properties": {"idsubsls": "3321060005002600", "idsls": "33210600050026", "nmsls": "RT 003 RW 007 DUSUN GAYANG WETAN", "nmdesa": "KARANGREJO", "nmkec": "BONANG", "kdkec": "060", "kd_kec_bps": "3321060", "kdsubsls": "00", "subsls": null}, "geometry": {"type": "MultiPolygon", "coordinates": [[[[110.58133483700004, -6.866882977999978], [110.58135877200004, -6.867098386999942], [110.58149837500008, -6.86727736499995], [110.58164513700007, -6.867545832999951], [110.58165675200007, -6.867574454999954], [110.58176718700008, -6.867691968999964], [110.58169525100004, -6.867766199999949], [110.58169527400008, -6.867766333999953], [110.58146615900006, -6.868028179999953], [110.58139318400004, -6.868094204999977], [110.58128718000006, -6.868032654999979], [110.58111536100006, -6.867918107999969], [110.58080035800003, -6.867624583999941], [110.58068223300006, -6.867388331999962], [110.58052115200007, -6.867033953999965], [110.58045891100005, -6.866938], [110.58057618800007, -6.866879361999963], [110.58072653000005, -6.86667532599995], [110.58080220900007, -6.866568484999959], [110.58125764900007, -6.866842446999954], [110.58130885400004, -6.866864243999942], [110.58131357900004, -6.866886520999969], [110.58133483700004, -6.866882977999978]]]]}}, {"type": "Feature", "properties": {"idsubsls": "3321060005002700", "idsls": "33210600050027", "nmsls": "RT 004 RW 007 DUSUN GAYANG WETAN", "nmdesa": "KARANGREJO", "nmkec": "BONANG", "kdkec": "060", "kd_kec_bps": "3321060", "kdsubsls": "00", "subsls": null}, "geometry": {"type": "MultiPolygon", "coordinates": [[[[110.58139318400004, -6.868094204999977], [110.58146615900006, -6.868028179999953], [110.58169527400008, -6.867766333999953], [110.58169525100004, -6.867766199999949], [110.58176718700008, -6.867691968999964], [110.58176829200005, -6.867690828999969], [110.58176863200003, -6.867691923999928], [110.58180979700006, -6.867741142999932], [110.58185633200009, -6.867783202999931], [110.58189342900005, -6.867805303999944], [110.58189519300004, -6.867807251999977], [110.58206291100004, -6.867868747999978], [110.58208989900004, -6.86789573599998], [110.58226887700005, -6.868090822999932], [110.58234046900009, -6.868169572999932], [110.58271274400005, -6.86842014299998], [110.58276838100005, -6.868457553999974], [110.58243085300006, -6.868881012999964], [110.58211817700004, -6.869312692999927], [110.58231200800009, -6.870119115999955], [110.58233134700004, -6.870111380999958], [110.58232883500006, -6.870119543999976], [110.58177042200003, -6.870284204999962], [110.58161650100004, -6.868958868999925], [110.58189928700006, -6.868572274999963], [110.58186707100003, -6.868515001999981], [110.58139098800007, -6.868096191999939], [110.58139318400004, -6.868094204999977]]]]}}, {"type": "Feature", "properties": {"idsubsls": "3321060006002400", "idsls": "33210600060024", "nmsls": "RT 006 RW 004 DUSUN BOYOLANGU", "nmdesa": "TLOGOBOYO", "nmkec": "BONANG", "kdkec": "060", "kd_kec_bps": "3321060", "kdsubsls": "00", "subsls": null}, "geometry": {"type": "MultiPolygon", "coordinates": [[[[110.59738571400004, -6.856517346999965], [110.59758854500006, -6.85611782999996], [110.59782294800004, -6.855863290999935], [110.59788236900005, -6.855850372999953], [110.59809810300004, -6.855754202999947], [110.59824365900005, -6.855616444999953], [110.59831161800008, -6.855368804999955], [110.59846765700007, -6.855280937999964], [110.5986, -6.85547], [110.59861479800009, -6.855512748999956], [110.59863920600009, -6.855534715999966], [110.59877995100004, -6.855628546999981], [110.59879436500006, -6.855647764999958], [110.59885032400007, -6.85572237699995], [110.59890896800005, -6.855827935999969], [110.59895001900009, -6.855951088999973], [110.59892656200009, -6.856138749999957], [110.59892656200009, -6.856250172999978], [110.59890896800005, -6.85635573199994], [110.59885032400007, -6.85643196999996], [110.59883097200009, -6.856464223999978], [110.59883089800007, -6.856464223999978], [110.59879864400006, -6.85648914799998], [110.59877811900009, -6.856511138999963], [110.59874879700004, -6.856537528999979], [110.59873120400005, -6.856581511999934], [110.59871654300008, -6.856606435999936], [110.59869894900004, -6.85663722399994], [110.59867989000008, -6.856657748999964], [110.59864470400004, -6.85669146999993], [110.59861978000004, -6.856723723999949], [110.59861342800008, -6.85672931299996], [110.59860988400004, -6.856742782999959], [110.59861281600007, -6.856848341999978], [110.59862454500006, -6.856918714999949], [110.59865386700005, -6.857012545999964], [110.59867439200008, -6.857082917999946], [110.59868318900004, -6.857103443999961], [110.59872130700006, -6.857159155999966], [110.59877115500007, -6.857191409999928], [110.59877753600006, -6.857195913999931], [110.59738571400004, -6.856517346999965]]]]}}, {"type": "Feature", "properties": {"idsubsls": "3321060008000700", "idsls": "33210600080007", "nmsls": "RT 007 RW 002 DUSUN NGASINAN", "nmdesa": "KEMBANGAN", "nmkec": "BONANG", "kdkec": "060", "kd_kec_bps": "3321060", "kdsubsls": "00", "subsls": null}, "geometry": {"type": "MultiPolygon", "coordinates": [[[[110.58250230800007, -6.880323768999972], [110.58118567700006, -6.879664357999957], [110.58076722300007, -6.879678542999955], [110.58085706100007, -6.880068626999957], [110.58085362300005, -6.880076935999966], [110.58082869100008, -6.880137186999946], [110.58077195100009, -6.880179741999939], [110.58070850800004, -6.880215269999951], [110.58027075300004, -6.880114136999964], [110.58020219200006, -6.879981744999952], [110.58013363200007, -6.879903727999931], [110.57990431000007, -6.879722279999953], [110.57991613100006, -6.879625349999969], [110.58004615900006, -6.879393663999963], [110.58029912200004, -6.879029584999955], [110.58033528400006, -6.879000178999945], [110.58040031800004, -6.878947293999943], [110.58040669100006, -6.878942111999947], [110.58082233700009, -6.879126317999976], [110.58082041600005, -6.879126514999939], [110.58114430400008, -6.879344016999937], [110.58167623700007, -6.879528419999929], [110.58208050600007, -6.879672632999927], [110.58256316900008, -6.879735683999968], [110.58256752000005, -6.879803842999934], [110.58259825300007, -6.879865310999946], [110.58268809100008, -6.87996224099993], [110.58278029300004, -6.879976425999928], [110.58282284700005, -6.879974060999928], [110.58292214100004, -6.88000243099998], [110.58288431500006, -6.880188607999969], [110.58275665100007, -6.880146052999976], [110.58271173200006, -6.88037064699995], [110.58253678600005, -6.880273716999966], [110.58251078000006, -6.88030622399998], [110.58250230800007, -6.880323768999972]]]]}}, {"type": "Feature", "properties": {"idsubsls": "3321060008000200", "idsls": "33210600080002", "nmsls": "RT 002 RW 001 DUSUN NGLONDOT", "nmdesa": "KEMBANGAN", "nmkec": "BONANG", "kdkec": "060", "kd_kec_bps": "3321060", "kdsubsls": "00", "subsls": null}, "geometry": {"type": "MultiPolygon", "coordinates": [[[[110.58040031800004, -6.878947293999943], [110.58033528400006, -6.879000178999945], [110.58016318400007, -6.878901034999956], [110.58002842800005, -6.878974323999955], [110.57918206400007, -6.878527499999961], [110.57917626700004, -6.878529080999954], [110.57903430500005, -6.878444754999975], [110.57901539100004, -6.878388015999974], [110.57900120700003, -6.878307634999942], [110.57899012000007, -6.878298026999971], [110.57904494300004, -6.878226071999961], [110.57945157600005, -6.878098407999971], [110.57996223200007, -6.878077129999951], [110.58040905500008, -6.878159875999927], [110.58069593000005, -6.878287865999937], [110.58069887300007, -6.878289178999978], [110.58040078100004, -6.878936201999977], [110.58040031800004, -6.878947293999943]]]]}}, {"type": "Feature", "properties": {"idsubsls": "3321060008000100", "idsls": "33210600080001", "nmsls": "RT 001 RW 001 DUSUN NGLONDOT", "nmdesa": "KEMBANGAN", "nmkec": "BONANG", "kdkec": "060", "kd_kec_bps": "3321060", "kdsubsls": "00", "subsls": null}, "geometry": {"type": "MultiPolygon", "coordinates": [[[[110.57816002500005, -6.877680043999931], [110.57816825000003, -6.877686019999942], [110.57821279000007, -6.877583909999942], [110.57826537000005, -6.87745160999998], [110.57832208000008, -6.877353659999926], [110.57834038000004, -6.877322049999975], [110.57834072000009, -6.877321829999971], [110.57844131000007, -6.877257389999954], [110.57848340000004, -6.877230499999939], [110.57848348000005, -6.87723036999995], [110.57848362000004, -6.877230279999935], [110.57856408000004, -6.877114759999927], [110.57856417000005, -6.877114629999937], [110.57875530000007, -6.877178449999974], [110.57876267000006, -6.877181399999927], [110.57920468000009, -6.877358029999925], [110.57932033000009, -6.877416349999976], [110.57935708000008, -6.877435869999942], [110.57952020000005, -6.877421929999969], [110.57965442000005, -6.877271429999951], [110.58030316000008, -6.877413339999976], [110.58078571000004, -6.877382949999969], [110.58079318000006, -6.877380409999944], [110.5808, -6.87738], [110.58134051000008, -6.877194199999963], [110.58144, -6.87716], [110.58168, -6.87709], [110.58174094500004, -6.877080622999927], [110.58071051600007, -6.878275541999926], [110.58070575500005, -6.878274240999929], [110.58070035100008, -6.878285971999958], [110.58069887300007, -6.878289178999978], [110.58069593000005, -6.878287865999937], [110.58040905500008, -6.878159875999927], [110.57996223200007, -6.878077129999951], [110.57945157600005, -6.878098407999971], [110.57904494300004, -6.878226071999961], [110.57899012000007, -6.878298026999971], [110.57893028200004, -6.878246166999929], [110.57869386800007, -6.878090132999944], [110.57840544200008, -6.877938827999969], [110.57824940800003, -6.877853718999972], [110.57818321200006, -6.877744967999945], [110.57816002500005, -6.877680043999931]]]]}}, {"type": "Feature", "properties": {"idsubsls": "3321060008000400", "idsls": "33210600080004", "nmsls": "RT 004 RW 002 DUSUN NGASINAN", "nmdesa": "KEMBANGAN", "nmkec": "BONANG", "kdkec": "060", "kd_kec_bps": "3321060", "kdsubsls": "00", "subsls": null}, "geometry": {"type": "MultiPolygon", "coordinates": [[[[110.58174094500004, -6.877080622999927], [110.58175715000004, -6.877078129999973], [110.58181, -6.87707], [110.58191, -6.87706], [110.58191315000005, -6.877056059999973], [110.58198937100008, -6.876960785999927], [110.58205922800005, -6.877065571999935], [110.58213960900008, -6.877122310999937], [110.58228855000004, -6.877254702999949], [110.58241148600007, -6.877495845999931], [110.58244458400009, -6.877590411999961], [110.58253442200004, -6.877628237999943], [110.58266208500004, -6.877732260999949], [110.58285121700004, -6.877845739999941], [110.58304507700007, -6.877987587999939], [110.58331458900005, -6.878119980999941], [110.58355573200004, -6.878233459999933], [110.58394345200009, -6.878433229999928], [110.58392453900007, -6.878451551999945], [110.58331931800006, -6.879932097999927], [110.58327439900006, -6.879927369999962], [110.58323184400007, -6.87992027699994], [110.58319874600005, -6.879889542999933], [110.58308526700006, -6.879811525999969], [110.58296469600003, -6.879716960999929], [110.58293396200008, -6.87964603599994], [110.58287249400007, -6.879570383999976], [110.58282284700005, -6.879468724999981], [110.58270700400004, -6.879312691999928], [110.58270592700006, -6.879315482999971], [110.58270582200004, -6.879314464999936], [110.58287722300008, -6.878867640999943], [110.58071051600007, -6.878275541999926], [110.58174094500004, -6.877080622999927]]]]}}, {"type": "Feature", "properties": {"idsubsls": "3321060008000300", "idsls": "33210600080003", "nmsls": "RT 003 RW 001 DUSUN NGLONDOT", "nmdesa": "KEMBANGAN", "nmkec": "BONANG", "kdkec": "060", "kd_kec_bps": "3321060", "kdsubsls": "00", "subsls": null}, "geometry": {"type": "MultiPolygon", "coordinates": [[[[110.58033528400006, -6.879000178999945], [110.58029912200004, -6.879029584999955], [110.58004615900006, -6.879393663999963], [110.57991613100006, -6.879625349999969], [110.57990431000007, -6.879722279999953], [110.58013363200007, -6.879903727999931], [110.58020219200006, -6.879981744999952], [110.58027075300004, -6.880114136999964], [110.58070850800004, -6.880215269999951], [110.58065374400007, -6.880245937999973], [110.58045633800003, -6.880328682999959], [110.58031921800006, -6.880392514999926], [110.58023410800007, -6.880472895999958], [110.58016554800008, -6.880555640999944], [110.58013228700008, -6.880589575999977], [110.58007807500007, -6.880644887999949], [110.58004734100007, -6.880784371999937], [110.58002842800005, -6.880838746999927], [110.57998114500003, -6.881029651999938], [110.57996223200007, -6.881119489999946], [110.57995277500004, -6.88118332199997], [110.57994568300006, -6.881407323999952], [110.57981801900007, -6.88163132699998], [110.57978329900004, -6.881724521999956], [110.57899766000008, -6.881387819999929], [110.57925298800006, -6.88078496299994], [110.57947758200004, -6.879987654999979], [110.57940902200005, -6.879852898999957], [110.57939956500007, -6.879619439999942], [110.57939956500007, -6.879555607999976], [110.57941375000007, -6.879468133999978], [110.57950595200003, -6.879185027999938], [110.57953668600004, -6.879102282999952], [110.57957214800007, -6.878976982999973], [110.57957214800007, -6.878901330999952], [110.57949649500006, -6.878830405999963], [110.57939247300004, -6.878771302999951], [110.57932154800005, -6.878690921999976], [110.57918206400007, -6.878532523999979], [110.57917626700004, -6.878529080999954], [110.57918206400007, -6.878527499999961], [110.58002842800005, -6.878974323999955], [110.58016318400007, -6.878901034999956], [110.58033528400006, -6.879000178999945]]]]}}, {"type": "Feature", "properties": {"idsubsls": "3321060008000600", "idsls": "33210600080006", "nmsls": "RT 006 RW 002 DUSUN NGASINAN", "nmdesa": "KEMBANGAN", "nmkec": "BONANG", "kdkec": "060", "kd_kec_bps": "3321060", "kdsubsls": "00", "subsls": null}, "geometry": {"type": "MultiPolygon", "coordinates": [[[[110.58256316900008, -6.879735683999968], [110.58208050600007, -6.879672632999927], [110.58167623700007, -6.879528419999929], [110.58114430400008, -6.879344016999937], [110.58082041600005, -6.879126514999939], [110.58082233700009, -6.879126317999976], [110.58132870800006, -6.879074503999959], [110.58190792300007, -6.879157248999945], [110.58210178300004, -6.879185618999941], [110.58270227600008, -6.879313282999931], [110.58270384700006, -6.879320876999941], [110.58256042700003, -6.879692727999952], [110.58256316900008, -6.879735683999968]]]]}}, {"type": "Feature", "properties": {"idsubsls": "3321060008000500", "idsls": "33210600080005", "nmsls": "RT 005 RW 002 DUSUN NGASINAN", "nmdesa": "KEMBANGAN", "nmkec": "BONANG", "kdkec": "060", "kd_kec_bps": "3321060", "kdsubsls": "00", "subsls": null}, "geometry": {"type": "MultiPolygon", "coordinates": [[[[110.58082233700009, -6.879126317999976], [110.58040669100006, -6.878942111999947], [110.58040031800004, -6.878947293999943], [110.58040078100004, -6.878936201999977], [110.58069887300007, -6.878289178999978], [110.58070035100008, -6.878285971999958], [110.58070575500005, -6.878274240999929], [110.58071051600007, -6.878275541999926], [110.58287722300008, -6.878867640999943], [110.58270582200004, -6.879314464999936], [110.58270592700006, -6.879315482999971], [110.58270384700006, -6.879320876999941], [110.58270227600008, -6.879313282999931], [110.58210178300004, -6.879185618999941], [110.58190792300007, -6.879157248999945], [110.58132870800006, -6.879074503999959], [110.58082233700009, -6.879126317999976]]]]}}, {"type": "Feature", "properties": {"idsubsls": "3321060013001600", "idsls": "33210600130016", "nmsls": "RT 004 RW 003 DUSUN DERO", "nmdesa": "JATIROGO", "nmkec": "BONANG", "kdkec": "060", "kd_kec_bps": "3321060", "kdsubsls": "00", "subsls": null}, "geometry": {"type": "MultiPolygon", "coordinates": [[[[110.59799372200007, -6.833005730999957], [110.59781452400006, -6.833708998999953], [110.59762301700005, -6.833657031999962], [110.59725421000007, -6.83364993999993], [110.59715137000006, -6.83364993999993], [110.59694214300004, -6.833706678999931], [110.59686767200009, -6.83371731799997], [110.59686987500004, -6.833724982999968], [110.59678300600007, -6.833788463999952], [110.59671562800008, -6.833799101999944], [110.59652058600005, -6.833760093999956], [110.59632909100009, -6.833685623999941], [110.59619078800006, -6.833487034999962], [110.59591772900006, -6.833231707999971], [110.59583151600003, -6.833107775999963], [110.59579715800004, -6.833095177999951], [110.59575888500007, -6.833065910999949], [110.59575992300006, -6.833023366999953], [110.59570672900009, -6.832991450999941], [110.59562162000009, -6.832877971999949], [110.59556488100009, -6.832778677999954], [110.59557906600008, -6.83267938399996], [110.59557159400003, -6.832664440999963], [110.59556115700008, -6.832643566999934], [110.59558438500005, -6.832573883999942], [110.59574396500005, -6.832566791999966], [110.59585389700004, -6.832534875999954], [110.59602411600008, -6.832463951999955], [110.59617660300006, -6.832407211999964], [110.59636809900007, -6.832453312999974], [110.59652767900008, -6.83254196799993], [110.59686811600005, -6.832648354999947], [110.59708885000003, -6.832708554999954], [110.59711975000005, -6.832703510999977], [110.59714274800007, -6.832713068999965], [110.59775076900007, -6.832953274999966], [110.59799372200007, -6.833005730999957]]]]}}, {"type": "Feature", "properties": {"idsubsls": "3321060013002000", "idsls": "33210600130020", "nmsls": "RT 004 RW 004 DUSUN TAGIAN", "nmdesa": "JATIROGO", "nmkec": "BONANG", "kdkec": "060", "kd_kec_bps": "3321060", "kdsubsls": "00", "subsls": null}, "geometry": {"type": "MultiPolygon", "coordinates": [[[[110.59556115700008, -6.832643566999934], [110.59557159400003, -6.832664440999963], [110.59555690200006, -6.832685811999966], [110.59551434700006, -6.83278510599996], [110.59548775000007, -6.832891491999931], [110.59548775000007, -6.832914542999958], [110.59547888500003, -6.833022701999937], [110.59545760800006, -6.833149922999951], [110.59546647300004, -6.833213754999974], [110.59536895200006, -6.833470855999963], [110.59528029700004, -6.833657918999961], [110.59516837800004, -6.833685358999958], [110.59500945400004, -6.834046229999956], [110.59493853000004, -6.833993035999981], [110.59470093300007, -6.833950481999977], [110.59451298400006, -6.833939842999939], [110.59436049700008, -6.833961119999969], [110.59409098400005, -6.834071052999946], [110.59390303400005, -6.834081691999927], [110.59375409300009, -6.834021405999977], [110.59374647500005, -6.83401719699998], [110.59393792100008, -6.833360196999934], [110.59404348400005, -6.833390234999968], [110.59417091600005, -6.833120047999955], [110.59406768000008, -6.833041813999955], [110.59408058400004, -6.832941804999962], [110.59406163800008, -6.832935626999927], [110.59421239500006, -6.832418262999965], [110.59443186400006, -6.832487887999946], [110.59463045200005, -6.832541081999977], [110.59473919300007, -6.832552527999951], [110.59476520900006, -6.832555266999975], [110.59483258700004, -6.832523350999963], [110.59489287200006, -6.832448879999959], [110.59498152800006, -6.832253837999929], [110.59509500700005, -6.832193551999978], [110.59524749400003, -6.832250291999969], [110.59538934300008, -6.832388593999951], [110.59543544400009, -6.83245951899994], [110.59554360300007, -6.83260845999996], [110.59556115700008, -6.832643566999934]]]]}}, {"type": "Feature", "properties": {"idsubsls": "3321060015005800", "idsls": "33210600150058", "nmsls": "RT 001 RW 007 DUSUN TAMBAK POLO", "nmdesa": "PURWOREJO", "nmkec": "BONANG", "kdkec": "060", "kd_kec_bps": "3321060", "kdsubsls": "00", "subsls": null}, "geometry": {"type": "MultiPolygon", "coordinates": [[[[110.56547818000007, -6.816747283999973], [110.56548763500007, -6.816747889999931], [110.56550891300009, -6.81651738599993], [110.56531387100006, -6.816297520999967], [110.56502130800004, -6.816244327999925], [110.56481208100007, -6.816201772999932], [110.56385637500006, -6.816184041999975], [110.56351948500009, -6.816187587999934], [110.56343771900004, -6.816196622999939], [110.56343171600008, -6.81594821799996], [110.56343351200007, -6.815948071999969], [110.56421543000005, -6.815884385999937], [110.56504524500008, -6.81596949599998], [110.56572789200004, -6.815059003999977], [110.56617826100006, -6.814562533999947], [110.56655770700007, -6.814941978999968], [110.56622436200007, -6.815334722999978], [110.56551157200005, -6.81599343299996], [110.56555412700004, -6.816152125999963], [110.56564987500008, -6.816254965999974], [110.56598676500005, -6.816506747999938], [110.56613570700006, -6.816627318999963], [110.56591584100005, -6.816893284999935], [110.56549384100003, -6.816762074999929], [110.56547818000007, -6.816747283999973]]]]}}, {"type": "Feature", "properties": {"idsubsls": "3321060015006200", "idsls": "33210600150062", "nmsls": "RT 005 RW 007 DUSUN TAMBAK POLO", "nmdesa": "PURWOREJO", "nmkec": "BONANG", "kdkec": "060", "kd_kec_bps": "3321060", "kdsubsls": "00", "subsls": null}, "geometry": {"type": "MultiPolygon", "coordinates": [[[[110.55703322600004, -6.81145123999994], [110.55703012800006, -6.811572074999958], [110.55703017000008, -6.811572177999949], [110.55702303500004, -6.811571187999959], [110.55691594000007, -6.811823007999976], [110.55686146100004, -6.811797370999955], [110.55650506600006, -6.811659954999925], [110.55623555300008, -6.811454273999971], [110.55605824200006, -6.811087239999949], [110.55585965400007, -6.810995038999977], [110.55564688100009, -6.810931206999953], [110.55550503300009, -6.81088865199996], [110.55527098200008, -6.810704248999969], [110.55506530200006, -6.810427643999958], [110.55493204300006, -6.810190276999947], [110.55530489300008, -6.809840633999954], [110.55571625400006, -6.810052520999932], [110.55579427100008, -6.810052520999932], [110.55611343000004, -6.810541011999931], [110.55662585900006, -6.811057872999925], [110.55676770800005, -6.811150074999944], [110.55701594300007, -6.811426679999954], [110.55703322600004, -6.81145123999994]]]]}}, {"type": "Feature", "properties": {"idsubsls": "3321060015004000", "idsls": "33210600150040", "nmsls": "RT 008 RW 004 DUSUN KONGSI", "nmdesa": "PURWOREJO", "nmkec": "BONANG", "kdkec": "060", "kd_kec_bps": "3321060", "kdsubsls": "00", "subsls": null}, "geometry": {"type": "MultiPolygon", "coordinates": [[[[110.54620439000007, -6.824369051999952], [110.54610312300008, -6.824577716999954], [110.54596759900005, -6.824501267999949], [110.54596503400006, -6.82449982199995], [110.54587493600008, -6.824470155999961], [110.54600601600004, -6.824228747999939], [110.54646958100005, -6.823338178999961], [110.54642372800004, -6.823312699999974], [110.54648143700007, -6.82319068399994], [110.54653087300005, -6.823220428999946], [110.54654935800005, -6.823231550999935], [110.54656324500007, -6.823239906999959], [110.54666964300009, -6.823046584999929], [110.54708542500003, -6.823266502999957], [110.54720599700005, -6.823372889999973], [110.54729465200006, -6.823482822999949], [110.54733366000005, -6.823553746999949], [110.54736203000004, -6.823674318999963], [110.54730529100004, -6.82384099099994], [110.54722372800006, -6.823958015999949], [110.54655703900005, -6.823642402999951], [110.54620439000007, -6.824369051999952]]]]}}, {"type": "Feature", "properties": {"idsubsls": "3321060018000400", "idsls": "33210600180004", "nmsls": "RT 004 RW 001 DUSUN KRAJAN", "nmdesa": "PONCOHARJO", "nmkec": "BONANG", "kdkec": "060", "kd_kec_bps": "3321060", "kdsubsls": "00", "subsls": null}, "geometry": {"type": "MultiPolygon", "coordinates": [[[[110.62169952800008, -6.852806323999971], [110.62084830500004, -6.852469162999967], [110.62092632100007, -6.85225638999998], [110.62091806900008, -6.852253111999971], [110.62119143000007, -6.851600729999973], [110.62141298900008, -6.851071973999979], [110.62141392600006, -6.851069736999932], [110.62153153200006, -6.851105549999943], [110.62303221900004, -6.851562542999943], [110.62317817000007, -6.851606988999947], [110.62316610200008, -6.85187549099993], [110.62314939200007, -6.851938813999936], [110.62339319500006, -6.852031526999951], [110.62338739700004, -6.85261810399993], [110.62331115300009, -6.852820237999936], [110.62306107200004, -6.852726846999929], [110.62245651400008, -6.852501078999978], [110.62210543900005, -6.852345044999936], [110.62177032100004, -6.852423061999957], [110.62169952800008, -6.852806323999971]]]]}}, {"type": "Feature", "properties": {"idsubsls": "3321060018001400", "idsls": "33210600180014", "nmsls": "RT 003 RW 003 DUSUN KRAJAN", "nmdesa": "PONCOHARJO", "nmkec": "BONANG", "kdkec": "060", "kd_kec_bps": "3321060", "kdsubsls": "00", "subsls": null}, "geometry": {"type": "MultiPolygon", "coordinates": [[[[110.62494104500007, -6.851335425999935], [110.62494152600004, -6.851331491999929], [110.62389610400004, -6.85091956399998], [110.62449120700006, -6.849819861999947], [110.62449293000009, -6.849819472999968], [110.62505323200008, -6.850337220999961], [110.62532991400008, -6.850457116999962], [110.62502308900008, -6.851287163999928], [110.62494104500007, -6.851335425999935]]]]}}, {"type": "Feature", "properties": {"idsubsls": "3321060018001300", "idsls": "33210600180013", "nmsls": "RT 002 RW 003 DUSUN KRAJAN", "nmdesa": "PONCOHARJO", "nmkec": "BONANG", "kdkec": "060", "kd_kec_bps": "3321060", "kdsubsls": "00", "subsls": null}, "geometry": {"type": "MultiPolygon", "coordinates": [[[[110.62318458000004, -6.849593929999969], [110.62318792200006, -6.849593844999958], [110.62448700300007, -6.849813886999925], [110.62449381600004, -6.849815040999943], [110.62449120700006, -6.849819861999947], [110.62389610400004, -6.85091956399998], [110.62375354400007, -6.850863390999962], [110.62354431700004, -6.850753457999929], [110.62326771200009, -6.85080665199996], [110.62326061900006, -6.850810197999976], [110.62321056700006, -6.850789342999974], [110.62320635900005, -6.850787494999963], [110.62248577100007, -6.85056661699997], [110.62243387500007, -6.850555608999969], [110.62244498900009, -6.850546669999972], [110.62254428300008, -6.850305526999932], [110.62235278800006, -6.850222633999977], [110.62210702600004, -6.850133885999981], [110.62216483800006, -6.849759630999927], [110.62220557000006, -6.849624708999954], [110.62220739300005, -6.849618668999938], [110.62318458000004, -6.849593929999969]]]]}}, {"type": "Feature", "properties": {"idsubsls": "3321060018002200", "idsls": "33210600180022", "nmsls": "RT 002 RW 005 DUSUN DOKO", "nmdesa": "PONCOHARJO", "nmkec": "BONANG", "kdkec": "060", "kd_kec_bps": "3321060", "kdsubsls": "00", "subsls": null}, "geometry": {"type": "MultiPolygon", "coordinates": [[[[110.60141019500008, -6.830354415999977], [110.60141203300009, -6.830349479999938], [110.60142141600005, -6.830296934999978], [110.60159594100008, -6.829961021999964], [110.60172557900006, -6.829774567999948], [110.60555268100006, -6.830909417999976], [110.60541649500004, -6.832208290999972], [110.60539876400009, -6.832300492999934], [110.60576047800004, -6.832421063999959], [110.60561863000004, -6.832853702999955], [110.60561863000004, -6.832896257999948], [110.60545898100008, -6.833155357999942], [110.60135011300008, -6.831232816999943], [110.60148584500007, -6.831028341999968], [110.60115407100005, -6.830852552999943], [110.60120044000007, -6.83078041999994], [110.60123060000006, -6.830733509999959], [110.60121824000004, -6.830718049999973], [110.60121374900007, -6.830712429999949], [110.60129568300005, -6.830661934999966], [110.60141019500008, -6.830354415999977]]]]}}, {"type": "Feature", "properties": {"idsubsls": "3321060020000400", "idsls": "33210600200004", "nmsls": "RT 004 RW 001 DUSUN KERADENAN", "nmdesa": "JALI", "nmkec": "BONANG", "kdkec": "060", "kd_kec_bps": "3321060", "kdsubsls": "00", "subsls": null}, "geometry": {"type": "MultiPolygon", "coordinates": [[[[110.64159372600005, -6.841175765999935], [110.64152776400005, -6.841130634999956], [110.64142346600005, -6.841041235999967], [110.64126701800006, -6.840918312999975], [110.64113664600006, -6.84085126399998], [110.64099137300008, -6.84073206599993], [110.64093527500006, -6.840661943999976], [110.64101621000009, -6.84051603599994], [110.64120838100007, -6.840169586999934], [110.64120988800005, -6.840169989999936], [110.64127105800009, -6.840047648999928], [110.64127159400005, -6.840046578999932], [110.64136062900008, -6.840100124999935], [110.64145154300007, -6.840154800999926], [110.64146036300008, -6.840157660999978], [110.64146266700004, -6.840159033999953], [110.64146337200009, -6.840158798999937], [110.64146330700004, -6.840159014999927], [110.64148223000007, -6.840169539999977], [110.64149785800004, -6.840170910999973], [110.64154916000007, -6.840175409999972], [110.64173604000007, -6.840191789999949], [110.64196780000009, -6.84019195999997], [110.64217751000007, -6.840143759999933], [110.64219, -6.84015], [110.64220577000009, -6.840154879999943], [110.64223078500004, -6.840153649999934], [110.64226969500004, -6.840151735999939], [110.64222900100009, -6.840259455999956], [110.64215525000009, -6.840526628999953], [110.64210793800004, -6.840731183999935], [110.64204392700009, -6.840906516999951], [110.64202722900006, -6.841015055999947], [110.64202094200004, -6.84106849099993], [110.64192978300008, -6.841035998999928], [110.64192908800004, -6.841038130999948], [110.64182442300006, -6.840979681999954], [110.64176053700004, -6.841054441999972], [110.64174132700003, -6.841026376999935], [110.64165661000004, -6.84098004699996], [110.64159470500005, -6.841172699999959], [110.64159387300003, -6.841172081999957], [110.64159372600005, -6.841175765999935]]]]}}, {"type": "Feature", "properties": {"idsubsls": "3321060003001602", "idsls": "33210600030016", "nmsls": "RT 004 RW 003 DUSUN GEBANG KULON", "nmdesa": "GEBANG", "nmkec": "BONANG", "kdkec": "060", "kd_kec_bps": "3321060", "kdsubsls": "02", "subsls": null}, "geometry": {"type": "MultiPolygon", "coordinates": [[[[110.56909853400003, -6.840854397999976], [110.56905346100007, -6.840856011999961], [110.56914634500004, -6.840602806999925], [110.56916977100008, -6.840421252999931], [110.56893047800008, -6.840429503999928], [110.56879202200008, -6.840104997999958], [110.56887987100004, -6.839976152999952], [110.56853454600008, -6.839786467999943], [110.56858231800004, -6.839710311999966], [110.56868608000008, -6.839782739999976], [110.56870655000006, -6.839796389999947], [110.56878087000007, -6.839839629999972], [110.56902015000009, -6.83997729999993], [110.56913691000005, -6.840046779999966], [110.56914889000006, -6.840053749999981], [110.56924980000008, -6.840089399999954], [110.56926647300008, -6.840108140999973], [110.56927076000005, -6.840112959999942], [110.56932047000004, -6.840168859999949], [110.56932015000007, -6.840170379999961], [110.56931750200005, -6.840182846999937], [110.56930983000007, -6.840218959999959], [110.56924470000007, -6.840528259999928], [110.56924369000006, -6.840530269999931], [110.56918223000008, -6.840653539999948], [110.56915814000007, -6.840704049999943], [110.56912089000008, -6.840776589999962], [110.56912, -6.84079], [110.56909853400003, -6.840854397999976]]]]}}, {"type": "Feature", "properties": {"idsubsls": "3321070001000800", "idsls": "33210700010008", "nmsls": "RT 001 RW 002", "nmdesa": "KALIKONDANG", "nmkec": "DEMAK", "kdkec": "070", "kd_kec_bps": "3321070", "kdsubsls": "00", "subsls": null}, "geometry": {"type": "MultiPolygon", "coordinates": [[[[110.60418854000005, -6.91595727899994], [110.60421945600007, -6.916109951999942], [110.60425370600007, -6.916515476999962], [110.60400133000007, -6.916608459999964], [110.60397, -6.91662], [110.60380677000006, -6.916642409999952], [110.60374709000007, -6.916650599999969], [110.60332878500009, -6.916827703999957], [110.60317539400006, -6.916892646999941], [110.60303430300007, -6.916029413999979], [110.60303121000004, -6.916010488999973], [110.60349907900007, -6.915879822999955], [110.60342757200004, -6.915663069999937], [110.60346779500009, -6.91565413099994], [110.60345886100004, -6.915614568999956], [110.60345103500003, -6.915607763999958], [110.60344433200004, -6.915575362999959], [110.60361066600007, -6.915534989999969], [110.60361006900007, -6.915532804999941], [110.60361304200006, -6.915532346999953], [110.60365605700008, -6.915520615999981], [110.60362344500004, -6.915412587999981], [110.60386558500005, -6.915362440999957], [110.60386472500005, -6.91535545499994], [110.60387431800007, -6.915357145999963], [110.60393909100009, -6.915368566999973], [110.60408690300005, -6.915878408999959], [110.60418364600008, -6.915933112999937], [110.60418854000005, -6.91595727899994]]]]}}, {"type": "Feature", "properties": {"idsubsls": "3321070002001600", "idsls": "33210700020016", "nmsls": "RT 007 RW 002", "nmdesa": "DONOREJO", "nmkec": "DEMAK", "kdkec": "070", "kd_kec_bps": "3321070", "kdsubsls": "00", "subsls": null}, "geometry": {"type": "MultiPolygon", "coordinates": [[[[110.60265339400007, -6.889578660999973], [110.60208063900006, -6.889493640999945], [110.60165639700006, -6.889326162999964], [110.60140863000004, -6.889208976999953], [110.60117910000008, -6.889133352999977], [110.60098384900004, -6.889098924999928], [110.60073901000004, -6.88905575299998], [110.60073847000007, -6.889058536999926], [110.60038901000007, -6.888958613999932], [110.60053519000007, -6.888349584999958], [110.60068124700007, -6.888388637999981], [110.60084505300006, -6.888438292999979], [110.60096965900004, -6.888447481999947], [110.60113355500005, -6.888487565999981], [110.60121842800004, -6.888568040999928], [110.60138469700007, -6.88863091199994], [110.60161259600005, -6.888770159999979], [110.60177450000003, -6.88881123799996], [110.60177447300003, -6.888811448999945], [110.60177549000008, -6.888811488999977], [110.60177819200004, -6.888811596999972], [110.60196169900007, -6.888818896999965], [110.60214346100008, -6.88885733799998], [110.60231847700004, -6.888897783999937], [110.60243497600004, -6.88894389099994], [110.60252248000006, -6.888936950999948], [110.60268480400003, -6.888958025999955], [110.60265687500004, -6.889564371999938], [110.60265339400007, -6.889578660999973]]]]}}, {"type": "Feature", "properties": {"idsubsls": "3321070002001700", "idsls": "33210700020017", "nmsls": "RT 008 RW 002", "nmdesa": "DONOREJO", "nmkec": "DEMAK", "kdkec": "070", "kd_kec_bps": "3321070", "kdsubsls": "00", "subsls": null}, "geometry": {"type": "MultiPolygon", "coordinates": [[[[110.60177450000003, -6.88881123799996], [110.60161259600005, -6.888770159999979], [110.60138469700007, -6.88863091199994], [110.60121842800004, -6.888568040999928], [110.60113355500005, -6.888487565999981], [110.60096965900004, -6.888447481999947], [110.60084505300006, -6.888438292999979], [110.60068124700007, -6.888388637999981], [110.60053519000007, -6.888349584999958], [110.60076833200009, -6.887378247999948], [110.60121743400003, -6.886716059999969], [110.60137859400004, -6.886744476999979], [110.60141484900004, -6.886575111999946], [110.60154866200008, -6.886595511999928], [110.60174136900008, -6.886680619999936], [110.60187737600006, -6.886742948999938], [110.60205952700005, -6.88710421299993], [110.60185783700007, -6.88792183399994], [110.60195482700004, -6.887951717999954], [110.60180798000005, -6.888548926999931], [110.60177450000003, -6.88881123799996]]]]}}, {"type": "Feature", "properties": {"idsubsls": "3321070002001500", "idsls": "33210700020015", "nmsls": "RT 006 RW 002", "nmdesa": "DONOREJO", "nmkec": "DEMAK", "kdkec": "070", "kd_kec_bps": "3321070", "kdsubsls": "00", "subsls": null}, "geometry": {"type": "MultiPolygon", "coordinates": [[[[110.60265432200003, -6.889589230999945], [110.60265363000008, -6.889578696999934], [110.60265339400007, -6.889578660999973], [110.60265687500004, -6.889564371999938], [110.60268480400003, -6.888958025999955], [110.60272358800006, -6.88896306099997], [110.60272455700004, -6.888948427999935], [110.60310885400008, -6.888961864999942], [110.60336517600007, -6.888994279999963], [110.60355185600008, -6.889004826999951], [110.60368822200007, -6.889028871999926], [110.60376422200005, -6.889067874999967], [110.60393887200007, -6.889092278999954], [110.60398715700006, -6.888909057999967], [110.60482108200006, -6.889417202999937], [110.60479521700006, -6.889527645999976], [110.60457190800008, -6.889616093999962], [110.60437375900005, -6.889724956999942], [110.60410963600009, -6.889972378999971], [110.60398441700005, -6.890138838999974], [110.60388741800006, -6.890299345999949], [110.60394799600004, -6.89032876999994], [110.60394792700004, -6.890329131999977], [110.60394297500005, -6.890354598999977], [110.60346982800007, -6.890218764999929], [110.60347839300005, -6.890192810999963], [110.60353246900007, -6.890001627999936], [110.60352848500008, -6.889974671999937], [110.60354205200008, -6.889886485999966], [110.60355788000004, -6.889668427999936], [110.60334001500007, -6.889627054999949], [110.60324910200006, -6.889618681999934], [110.60323594300007, -6.889646194999955], [110.60311751700004, -6.889630643999965], [110.60310115500005, -6.889546889999963], [110.60309989000007, -6.88953708799994], [110.60297692800009, -6.88954576499998], [110.60296408200008, -6.889591433999954], [110.60291960000006, -6.889589980999972], [110.60265432200003, -6.889589230999945]]]]}}, {"type": "Feature", "properties": {"idsubsls": "3321070003000400", "idsls": "33210700030004", "nmsls": "RT 004 RW 001", "nmdesa": "KATONSARI", "nmkec": "DEMAK", "kdkec": "070", "kd_kec_bps": "3321070", "kdsubsls": "00", "subsls": null}, "geometry": {"type": "MultiPolygon", "coordinates": [[[[110.61770509300004, -6.908752725999932], [110.61765227800004, -6.90870752099994], [110.61724585400009, -6.908588602999941], [110.61698371800009, -6.908569383999975], [110.61636823600008, -6.908832114999939], [110.61614537800006, -6.908781567999938], [110.61614661600004, -6.908778591999976], [110.61634068400008, -6.908312012999943], [110.61647529800007, -6.907982465999964], [110.61650857800004, -6.907883994999963], [110.61651892500004, -6.907875424999929], [110.61662390000004, -6.907675690999952], [110.61662752200004, -6.907620361999932], [110.61684898700008, -6.907719695999958], [110.61691007700006, -6.907615706999934], [110.61702597400006, -6.907456125999943], [110.61792268800008, -6.907062727999971], [110.61811168000008, -6.907244830999957], [110.61830267400006, -6.907478925999953], [110.61807125300004, -6.908175985999947], [110.61770509300004, -6.908752725999932]]]]}}, {"type": "Feature", "properties": {"idsubsls": "3321070003001600", "idsls": "33210700030016", "nmsls": "RT 002 RW 003", "nmdesa": "KATONSARI", "nmkec": "DEMAK", "kdkec": "070", "kd_kec_bps": "3321070", "kdsubsls": "00", "subsls": null}, "geometry": {"type": "MultiPolygon", "coordinates": [[[[110.62358315300008, -6.902054563999968], [110.62325198800005, -6.901961847999928], [110.62284067200005, -6.901844317999974], [110.62287223700008, -6.901741873999981], [110.62269379000008, -6.901656403999937], [110.62268620300006, -6.901647647999937], [110.62295179100005, -6.90104415899998], [110.62295796900008, -6.901030120999962], [110.62337968000008, -6.901126982999926], [110.62345362700006, -6.90116702399996], [110.62379702500004, -6.901247790999946], [110.62379716200007, -6.901247823999938], [110.62379598200005, -6.901251769999931], [110.62379508700008, -6.901254759999972], [110.62375879700005, -6.901376070999959], [110.62376339900004, -6.901377504999971], [110.62360295700006, -6.901987729999973], [110.62358315300008, -6.902054563999968]]]]}}, {"type": "Feature", "properties": {"idsubsls": "3321070003001700", "idsls": "33210700030017", "nmsls": "RT 003 RW 003", "nmdesa": "KATONSARI", "nmkec": "DEMAK", "kdkec": "070", "kd_kec_bps": "3321070", "kdsubsls": "00", "subsls": null}, "geometry": {"type": "MultiPolygon", "coordinates": [[[[110.62358315300008, -6.902054563999968], [110.62360295700006, -6.901987729999973], [110.62376339900004, -6.901377504999971], [110.62375879700005, -6.901376070999959], [110.62379508700008, -6.901254759999972], [110.62379598200005, -6.901251769999931], [110.62379716200007, -6.901247823999938], [110.62379702500004, -6.901247790999946], [110.62382394200006, -6.901145086999975], [110.62441459500008, -6.901303030999941], [110.62438283700004, -6.901505628999928], [110.62438122000009, -6.901507403999972], [110.62438124800008, -6.901507572999947], [110.62438230100008, -6.901509712999939], [110.62438121600007, -6.901510942999948], [110.62437947200004, -6.901555329999951], [110.62431775600004, -6.901551659999939], [110.62430943000004, -6.901551164999944], [110.62429806900008, -6.901683418999937], [110.62409451800005, -6.902426404999972], [110.62392511600007, -6.902698008999948], [110.62391938500008, -6.902709568999967], [110.62391924800005, -6.902709844999947], [110.62373067800007, -6.90259851999997], [110.62346793100005, -6.902443403999939], [110.62358315300008, -6.902054563999968]]]]}}, {"type": "Feature", "properties": {"idsubsls": "3321070003001800", "idsls": "33210700030018", "nmsls": "RT 004 RW 003", "nmdesa": "KATONSARI", "nmkec": "DEMAK", "kdkec": "070", "kd_kec_bps": "3321070", "kdsubsls": "00", "subsls": null}, "geometry": {"type": "MultiPolygon", "coordinates": [[[[110.62373067800007, -6.90259851999997], [110.62391924800005, -6.902709844999947], [110.62374352700004, -6.903064249999943], [110.62354820200005, -6.903457347999961], [110.62361971200005, -6.903485682999928], [110.62345332600006, -6.903844291999974], [110.62313453700006, -6.903684229999953], [110.62318568400008, -6.903603767999925], [110.62318669600006, -6.903495936999946], [110.62324176100009, -6.903451640999947], [110.62333891200007, -6.903270752999958], [110.62351884100008, -6.902964974999975], [110.62373067800007, -6.90259851999997]]]]}}, {"type": "Feature", "properties": {"idsubsls": "3321070003001200", "idsls": "33210700030012", "nmsls": "RT 004 RW 002", "nmdesa": "KATONSARI", "nmkec": "DEMAK", "kdkec": "070", "kd_kec_bps": "3321070", "kdsubsls": "00", "subsls": null}, "geometry": {"type": "MultiPolygon", "coordinates": [[[[110.61196185900008, -6.906000158999973], [110.61194483000008, -6.905955713999958], [110.61184078500008, -6.905790092999951], [110.61177116800008, -6.905767297999944], [110.61179895700008, -6.905649469999958], [110.61197894400004, -6.905284967999933], [110.61216715400008, -6.90507269699998], [110.61208292300006, -6.904973686999938], [110.61249063500009, -6.904227314999957], [110.61289475700005, -6.904436149999981], [110.61317333900007, -6.904566278999937], [110.61348064800006, -6.904726427999947], [110.61372152100006, -6.904851955999959], [110.61354517300003, -6.905086384999947], [110.61339933400006, -6.905227664999927], [110.61331721700009, -6.905307213999947], [110.61315600800003, -6.905481306999945], [110.61296222000004, -6.905586596999967], [110.61291576900004, -6.905722419999961], [110.61287567800008, -6.905807228999947], [110.61270761300005, -6.906162759999972], [110.61254846000008, -6.906350716999953], [110.61196185900008, -6.906000158999973]]]]}}, {"type": "Feature", "properties": {"idsubsls": "3321070003000500", "idsls": "33210700030005", "nmsls": "RT 005 RW 001", "nmdesa": "KATONSARI", "nmkec": "DEMAK", "kdkec": "070", "kd_kec_bps": "3321070", "kdsubsls": "00", "subsls": null}, "geometry": {"type": "MultiPolygon", "coordinates": [[[[110.61662752200004, -6.907620361999932], [110.61662390000004, -6.907675690999952], [110.61651892500004, -6.907875424999929], [110.61650857800004, -6.907883994999963], [110.61602617200003, -6.908283557999937], [110.61575416800008, -6.908384109999929], [110.61561795600005, -6.908301586999926], [110.61548892200005, -6.908051563999948], [110.61543676700006, -6.907785843999932], [110.61528257300006, -6.907639394999933], [110.61518488700005, -6.907559472999935], [110.61547186400009, -6.907204781999951], [110.61542320400008, -6.907148946999939], [110.61569868300006, -6.906285565999951], [110.61597547700006, -6.906664888999956], [110.61597626300005, -6.906665965999935], [110.61647170900005, -6.907160560999955], [110.61663745700008, -6.907318048999969], [110.61663453200003, -6.907513300999938], [110.61662752200004, -6.907620361999932]]]]}}, {"type": "Feature", "properties": {"idsubsls": "3321070003000600", "idsls": "33210700030006", "nmsls": "RT 006 RW 001", "nmdesa": "KATONSARI", "nmkec": "DEMAK", "kdkec": "070", "kd_kec_bps": "3321070", "kdsubsls": "00", "subsls": null}, "geometry": {"type": "MultiPolygon", "coordinates": [[[[110.61830267400006, -6.907478925999953], [110.61811168000008, -6.907244830999957], [110.61792268800008, -6.907062727999971], [110.61792591600005, -6.907061311999939], [110.61778730000009, -6.906868378999945], [110.61789119700006, -6.906708631999948], [110.61793739200004, -6.906638072999954], [110.61828339000004, -6.906921852999972], [110.61825207800007, -6.906997338999929], [110.61863239600007, -6.907294474999958], [110.61858653300004, -6.907435981999981], [110.61846485900008, -6.907590042999971], [110.61855960700007, -6.907665254999927], [110.61856664400005, -6.907666011999936], [110.61892612900004, -6.908058948999951], [110.61980290900004, -6.90660700799998], [110.61999188800007, -6.906734838999967], [110.62027062600004, -6.906605598999931], [110.62112063400008, -6.907903362999946], [110.62058, -6.90827], [110.62049, -6.90834], [110.62011, -6.90858], [110.61973424000007, -6.908824679999952], [110.61953989000006, -6.908951239999965], [110.61953923800007, -6.908951664999961], [110.61902119300004, -6.908325457999979], [110.61877635900004, -6.908030290999932], [110.61851575700007, -6.907730882999942], [110.61851589900004, -6.90773063599994], [110.61840080400009, -6.907602375999943], [110.61840111800007, -6.907599584999957], [110.61830267400006, -6.907478925999953]]]]}}, {"type": "Feature", "properties": {"idsubsls": "3321070003001500", "idsls": "33210700030015", "nmsls": "RT 001 RW 003", "nmdesa": "KATONSARI", "nmkec": "DEMAK", "kdkec": "070", "kd_kec_bps": "3321070", "kdsubsls": "00", "subsls": null}, "geometry": {"type": "MultiPolygon", "coordinates": [[[[110.62391924800005, -6.902709844999947], [110.62391938500008, -6.902709568999967], [110.62408976500006, -6.902794107999966], [110.62430989200004, -6.902928318999955], [110.62442770200005, -6.902681317999964], [110.62447341200004, -6.902495770999963], [110.62447388900006, -6.902495943999952], [110.62451211800004, -6.902367707999929], [110.62451239200004, -6.902367747999961], [110.62455126400005, -6.90222386399995], [110.62462522800007, -6.901955297999962], [110.62462510500006, -6.901955039999962], [110.62462529700008, -6.901955046999944], [110.62462718500007, -6.901955117999933], [110.62473072200004, -6.901959035999937], [110.62481059100008, -6.901980933999937], [110.62489170500004, -6.902003172999969], [110.62502654300005, -6.902008156999955], [110.62503702200007, -6.902008544999944], [110.62500043700004, -6.902121106999971], [110.62508145800007, -6.90215713799995], [110.62512087700009, -6.902188814999931], [110.62489116100005, -6.902674857999955], [110.62489186600004, -6.902675248999969], [110.62500427600008, -6.902737570999932], [110.62501005000007, -6.902740771999959], [110.62516841100006, -6.902885560999948], [110.62521739500005, -6.902930346999938], [110.62521625700003, -6.902931912999975], [110.62509264300007, -6.903101866999975], [110.62499613500006, -6.903291868999929], [110.62537583600005, -6.903472660999967], [110.62420980900004, -6.904210084999931], [110.62345275200005, -6.903845528999966], [110.62345332600006, -6.903844291999974], [110.62361971200005, -6.903485682999928], [110.62354820200005, -6.903457347999961], [110.62374352700004, -6.903064249999943], [110.62391924800005, -6.902709844999947]]]]}}, {"type": "Feature", "properties": {"idsubsls": "3321070004004800", "idsls": "33210700040048", "nmsls": "RT 011 RW 001", "nmdesa": "MANGUNJIWAN", "nmkec": "DEMAK", "kdkec": "070", "kd_kec_bps": "3321070", "kdsubsls": "00", "subsls": null}, "geometry": {"type": "MultiPolygon", "coordinates": [[[[110.62710527800004, -6.894829930999947], [110.62710367200003, -6.894832912999959], [110.62802407400005, -6.895287783999947], [110.62792101800005, -6.895737323999981], [110.62791888400005, -6.895736261999957], [110.62626835800006, -6.894914510999968], [110.62640642700006, -6.894488796999951], [110.62710527800004, -6.894829930999947]]]]}}, {"type": "Feature", "properties": {"idsubsls": "3321070004003800", "idsls": "33210700040038", "nmsls": "RT 002 RW 007", "nmdesa": "MANGUNJIWAN", "nmkec": "DEMAK", "kdkec": "070", "kd_kec_bps": "3321070", "kdsubsls": "00", "subsls": null}, "geometry": {"type": "MultiPolygon", "coordinates": [[[[110.63185781900006, -6.895245504999934], [110.63277287100004, -6.895905193999965], [110.63278982300005, -6.89591536599994], [110.63279050900007, -6.895919825999954], [110.63280044100009, -6.895932917999971], [110.63284661100005, -6.895925627999929], [110.63315876100006, -6.896031536999942], [110.63339008700007, -6.896104], [110.63356845900006, -6.896137444999965], [110.63379421000008, -6.896221055999945], [110.63396700800007, -6.896257287999958], [110.63399209100004, -6.896296306999943], [110.63390966500003, -6.896335350999948], [110.63385141200007, -6.896432026999946], [110.63373720900006, -6.89659366799998], [110.63374592400004, -6.896597211999961], [110.63371273600006, -6.896646379999936], [110.63355847800005, -6.896607814999925], [110.63340605600007, -6.896571086999927], [110.63311406700007, -6.896481102999928], [110.63302386200007, -6.896459625999967], [110.63292124400004, -6.896435191999956], [110.63271740200008, -6.896385608999935], [110.63253650900003, -6.896360010999956], [110.63256358200005, -6.896282892999977], [110.63169255300005, -6.895528059999947], [110.63185602200008, -6.89524420999993], [110.63185781900006, -6.895245504999934]]]]}}, {"type": "Feature", "properties": {"idsubsls": "3321070004003700", "idsls": "33210700040037", "nmsls": "RT 001 RW 007", "nmdesa": "MANGUNJIWAN", "nmkec": "DEMAK", "kdkec": "070", "kd_kec_bps": "3321070", "kdsubsls": "00", "subsls": null}, "geometry": {"type": "MultiPolygon", "coordinates": [[[[110.63374592400004, -6.896597211999961], [110.63373720900006, -6.89659366799998], [110.63385141200007, -6.896432026999946], [110.63390966500003, -6.896335350999948], [110.63399209100004, -6.896296306999943], [110.63396700800007, -6.896257287999958], [110.63379421000008, -6.896221055999945], [110.63356845900006, -6.896137444999965], [110.63339008700007, -6.896104], [110.63315876100006, -6.896031536999942], [110.63284661100005, -6.895925627999929], [110.63280044100009, -6.895932917999971], [110.63279050900007, -6.895919825999954], [110.63278982300005, -6.89591536599994], [110.63277287100004, -6.895905193999965], [110.63185781900006, -6.895245504999934], [110.63198330300008, -6.895011648999969], [110.63198484300005, -6.895008778999966], [110.63228690500006, -6.895133156999975], [110.63249901400008, -6.895196514999952], [110.63256053800006, -6.895214891999956], [110.63323929100005, -6.895381914999973], [110.63323946100007, -6.895379662999972], [110.63326483900005, -6.895386885999926], [110.63396405100008, -6.895516352999948], [110.63422849400007, -6.895600827999942], [110.63438275300007, -6.89565224699993], [110.63454435700004, -6.895703666999964], [110.63487491000006, -6.895806505999929], [110.63511729600003, -6.895894904999977], [110.63511149700008, -6.895911608999938], [110.63510261700009, -6.895937893999928], [110.63510197100004, -6.895937906999961], [110.63506547500003, -6.896013043999972], [110.63507003000007, -6.896013522999965], [110.63505527800004, -6.896031291999975], [110.63482235200007, -6.896188006999978], [110.63462737800006, -6.896343434999949], [110.63460274000005, -6.896356079999975], [110.63455505000007, -6.896356049999952], [110.63455525100005, -6.896374282999943], [110.63456552800005, -6.897307871999942], [110.63462071900005, -6.897532878999925], [110.63462109200009, -6.897534398999937], [110.63462102400007, -6.897534341999972], [110.63447430600007, -6.897349976999976], [110.63418285500006, -6.896985663999942], [110.63408422400005, -6.896814220999943], [110.63408370000008, -6.89681330999997], [110.63402488600008, -6.896856199999945], [110.63397704100004, -6.89680627499996], [110.63379633000005, -6.896617705999972], [110.63374592400004, -6.896597211999961]]]]}}, {"type": "Feature", "properties": {"idsubsls": "3321070004004200", "idsls": "33210700040042", "nmsls": "RT 006 RW 007", "nmdesa": "MANGUNJIWAN", "nmkec": "DEMAK", "kdkec": "070", "kd_kec_bps": "3321070", "kdsubsls": "00", "subsls": null}, "geometry": {"type": "MultiPolygon", "coordinates": [[[[110.63249901400008, -6.895196514999952], [110.63228690500006, -6.895133156999975], [110.63198484300005, -6.895008778999966], [110.63198330300008, -6.895011648999969], [110.63198316900008, -6.895011412999963], [110.63183924500004, -6.894876372999931], [110.63128309400008, -6.894411729999945], [110.63155139700007, -6.894187847999945], [110.63146966200009, -6.894020824999927], [110.63170598200008, -6.893821818999925], [110.63191564900006, -6.893666345999975], [110.63192359300007, -6.893661411999972], [110.63200300600005, -6.893606901999931], [110.63200518500008, -6.893605405999949], [110.63204786800009, -6.893578496999964], [110.63208181100003, -6.893557097999974], [110.63217272900005, -6.893584357999941], [110.63217837700006, -6.893688840999971], [110.63232493000004, -6.893788118999964], [110.63236747800005, -6.893837757999961], [110.63242893600005, -6.893920489999971], [110.63253530600008, -6.894012676999978], [110.63251001300006, -6.894098670999938], [110.63278359300006, -6.894219198999963], [110.63298394900005, -6.894307467999965], [110.63249901400008, -6.895196514999952]]]]}}, {"type": "Feature", "properties": {"idsubsls": "3321070004001600", "idsls": "33210700040016", "nmsls": "RT 006 RW 002", "nmdesa": "MANGUNJIWAN", "nmkec": "DEMAK", "kdkec": "070", "kd_kec_bps": "3321070", "kdsubsls": "00", "subsls": null}, "geometry": {"type": "MultiPolygon", "coordinates": [[[[110.63278359300006, -6.894219198999963], [110.63251001300006, -6.894098670999938], [110.63253530600008, -6.894012676999978], [110.63242893600005, -6.893920489999971], [110.63236747800005, -6.893837757999961], [110.63232493000004, -6.893788118999964], [110.63217837700006, -6.893688840999971], [110.63217272900005, -6.893584357999941], [110.63220942600009, -6.893595360999939], [110.63222016700007, -6.893575469999973], [110.63242824000008, -6.893190131999972], [110.63254556600003, -6.892972850999968], [110.63282119800004, -6.892740195999977], [110.63300899200004, -6.892616923999981], [110.63301004300007, -6.892616233999945], [110.63302278000003, -6.89263847899997], [110.63302283600007, -6.892638535999936], [110.63307, -6.89272], [110.63322045000007, -6.892901449999954], [110.63323732000003, -6.892914099999928], [110.63340316300008, -6.893029730999956], [110.63315755600007, -6.893571759999929], [110.63310102500009, -6.893660643999965], [110.63301007900009, -6.893803637999952], [110.63301121800004, -6.893804280999973], [110.63301061400006, -6.893804637999949], [110.63278359300006, -6.894219198999963]]]]}}, {"type": "Feature", "properties": {"idsubsls": "3321070004001400", "idsls": "33210700040014", "nmsls": "RT 004 RW 002", "nmdesa": "MANGUNJIWAN", "nmkec": "DEMAK", "kdkec": "070", "kd_kec_bps": "3321070", "kdsubsls": "00", "subsls": null}, "geometry": {"type": "MultiPolygon", "coordinates": [[[[110.63585208000006, -6.893468334999966], [110.63580435000006, -6.893633129999955], [110.63580308000007, -6.893638759999931], [110.63579953000004, -6.89365448999996], [110.63577561000005, -6.893760569999927], [110.63577855000005, -6.893763509999928], [110.63574828000009, -6.893865689999927], [110.63574366000006, -6.89388127999996], [110.63565964100007, -6.894085424999957], [110.63565917900007, -6.894086546999972], [110.63543191000008, -6.894015525999976], [110.63530397800008, -6.89394800599996], [110.63506588100006, -6.893923129999962], [110.63481357000006, -6.893905361999941], [110.63470706600003, -6.893884060999937], [110.63475315700003, -6.89370146899995], [110.63477270300007, -6.893455376999952], [110.63478691700004, -6.893341659999976], [110.63478575000005, -6.893338805999974], [110.63479812400004, -6.893339138999977], [110.63481853000008, -6.893339689999948], [110.63483, -6.89334], [110.63503, -6.89335], [110.63547, -6.89338], [110.63563223000006, -6.893411019999974], [110.63585422000006, -6.893460939999954], [110.63585395000007, -6.893461879999961], [110.63585208000006, -6.893468334999966]]]]}}, {"type": "Feature", "properties": {"idsubsls": "3321070004001000", "idsls": "33210700040010", "nmsls": "RT 010 RW 001", "nmdesa": "MANGUNJIWAN", "nmkec": "DEMAK", "kdkec": "070", "kd_kec_bps": "3321070", "kdsubsls": "00", "subsls": null}, "geometry": {"type": "MultiPolygon", "coordinates": [[[[110.62600717400005, -6.896600158999945], [110.62598715400009, -6.89660831599997], [110.62573853300006, -6.896514010999965], [110.62578425700008, -6.896359694999944], [110.62580711800007, -6.896276821999948], [110.62583569500003, -6.896148224999934], [110.62588427600008, -6.896048204999943], [110.62597858100008, -6.895831018999957], [110.62613259600005, -6.895431076999955], [110.62699706200004, -6.89586170299998], [110.62699525700003, -6.895865466999965], [110.62687268300004, -6.896121120999965], [110.62625434300008, -6.895847487999959], [110.62599492500004, -6.896593760999963], [110.62600717400005, -6.896600158999945]]]]}}, {"type": "Feature", "properties": {"idsubsls": "3321070004001200", "idsls": "33210700040012", "nmsls": "RT 002 RW 002", "nmdesa": "MANGUNJIWAN", "nmkec": "DEMAK", "kdkec": "070", "kd_kec_bps": "3321070", "kdsubsls": "00", "subsls": null}, "geometry": {"type": "MultiPolygon", "coordinates": [[[[110.63470706600003, -6.893884060999937], [110.63481357000006, -6.893905361999941], [110.63506588100006, -6.893923129999962], [110.63530397800008, -6.89394800599996], [110.63543191000008, -6.894015525999976], [110.63565917900007, -6.894086546999972], [110.63555650000006, -6.894336029999977], [110.63552012000008, -6.894424429999958], [110.63543908000008, -6.894673119999936], [110.63537141400008, -6.894880760999968], [110.63491662700005, -6.894708492999939], [110.63467853000009, -6.894619650999971], [110.63465034700005, -6.894612877999975], [110.63468208400008, -6.894289158999925], [110.63468355500004, -6.894265210999947], [110.63469704900007, -6.894045454999969], [110.63470696000007, -6.893884039999932], [110.63470706600003, -6.893884060999937]]]]}}, {"type": "Feature", "properties": {"idsubsls": "3321070004001300", "idsls": "33210700040013", "nmsls": "RT 003 RW 002", "nmdesa": "MANGUNJIWAN", "nmkec": "DEMAK", "kdkec": "070", "kd_kec_bps": "3321070", "kdsubsls": "00", "subsls": null}, "geometry": {"type": "MultiPolygon", "coordinates": [[[[110.63310102500009, -6.893660643999965], [110.63315755600007, -6.893571759999929], [110.63340316300008, -6.893029730999956], [110.63346918000008, -6.893075759999931], [110.63359, -6.89316], [110.63409, -6.89332], [110.63438256000006, -6.893327909999925], [110.63440852800005, -6.893328611999948], [110.63441254000008, -6.893328719999943], [110.63478333000006, -6.893338839999956], [110.63478333000006, -6.893338739999933], [110.63478369000006, -6.893338749999941], [110.63478575000005, -6.893338805999974], [110.63478691700004, -6.893341659999976], [110.63477270300007, -6.893455376999952], [110.63475315700003, -6.89370146899995], [110.63470706600003, -6.893884060999937], [110.63470696000007, -6.893884039999932], [110.63469704900007, -6.894045454999969], [110.63463181600008, -6.894033222999951], [110.63442430100008, -6.893985476999944], [110.63434166300004, -6.893967112999974], [110.63429758900008, -6.893952420999938], [110.63424617000004, -6.893923038999958], [110.63418189500004, -6.893904674999931], [110.63406069200005, -6.893913856999973], [110.63402029100007, -6.893910183999935], [110.63396152600006, -6.893902837999974], [110.63390643400004, -6.89388631099996], [110.63382746800005, -6.893866109999976], [110.63375401200005, -6.893842236999944], [110.63366035500007, -6.893838563999964], [110.63357955300006, -6.893844072999968], [110.63354833400007, -6.893844072999968], [110.63350058800006, -6.893827544999965], [110.63346569600009, -6.893796326999961], [110.63340325800004, -6.893763270999955], [110.63333898400003, -6.89373939799998], [110.63328756400006, -6.893719196999939], [110.63321961700007, -6.893702669999925], [110.63314065100008, -6.893671450999932], [110.63310102500009, -6.893660643999965]]]]}}, {"type": "Feature", "properties": {"idsubsls": "3321070004002300", "idsls": "33210700040023", "nmsls": "RT 007 RW 003", "nmdesa": "MANGUNJIWAN", "nmkec": "DEMAK", "kdkec": "070", "kd_kec_bps": "3321070", "kdsubsls": "00", "subsls": null}, "geometry": {"type": "MultiPolygon", "coordinates": [[[[110.63014878900009, -6.888401643999941], [110.63049933100007, -6.888633194999954], [110.63049975800004, -6.888633477999974], [110.63073430100007, -6.888782731999981], [110.63081961300009, -6.888844206999977], [110.63097595100004, -6.88895686199993], [110.63123181600008, -6.88918074399993], [110.63135619500008, -6.889344212999958], [110.63141175500004, -6.889479779999931], [110.63117495700004, -6.889584974999934], [110.63092975300009, -6.889759104999939], [110.63035050400003, -6.890466286999981], [110.62997736800008, -6.891043758999956], [110.62980484300004, -6.891306081999971], [110.62870337400005, -6.89051870399993], [110.62805660500004, -6.890099369999973], [110.62842263400006, -6.889466814999935], [110.62853632000008, -6.889321154999948], [110.62853635100004, -6.889321113999927], [110.62921155000004, -6.889678258999936], [110.62923820300006, -6.889688919999969], [110.62949762100004, -6.889262478999967], [110.62969307400004, -6.888935539999977], [110.62982100600004, -6.888732980999976], [110.62991695500006, -6.888573064999946], [110.63011240700007, -6.888377612999932], [110.63014878900009, -6.888401643999941]]]]}}, {"type": "Feature", "properties": {"idsubsls": "3321070004000900", "idsls": "33210700040009", "nmsls": "RT 009 RW 001", "nmdesa": "MANGUNJIWAN", "nmkec": "DEMAK", "kdkec": "070", "kd_kec_bps": "3321070", "kdsubsls": "00", "subsls": null}, "geometry": {"type": "MultiPolygon", "coordinates": [[[[110.62678751500005, -6.897958655999958], [110.62678561800004, -6.897964591999937], [110.62664702400008, -6.89832351299998], [110.62664062600004, -6.898327330999962], [110.62665057800007, -6.898287975999949], [110.62624728400004, -6.898075715999937], [110.62629635500008, -6.89793995399998], [110.62617147900005, -6.897881188999975], [110.62611914900003, -6.898008276999974], [110.62563835100008, -6.897755224999969], [110.62588653700004, -6.897113485999967], [110.62690999700004, -6.897575463999942], [110.62690482600004, -6.897591640999963], [110.62678751500005, -6.897958655999958]]]]}}, {"type": "Feature", "properties": {"idsubsls": "3321070004004100", "idsls": "33210700040041", "nmsls": "RT 005 RW 007", "nmdesa": "MANGUNJIWAN", "nmkec": "DEMAK", "kdkec": "070", "kd_kec_bps": "3321070", "kdsubsls": "00", "subsls": null}, "geometry": {"type": "MultiPolygon", "coordinates": [[[[110.63302386200007, -6.896459625999967], [110.63311406700007, -6.896481102999928], [110.63340605600007, -6.896571086999927], [110.63355847800005, -6.896607814999925], [110.63371273600006, -6.896646379999936], [110.63374592400004, -6.896597211999961], [110.63379633000005, -6.896617705999972], [110.63397704100004, -6.89680627499996], [110.63402488600008, -6.896856199999945], [110.63359057000008, -6.897172919999946], [110.63359054000006, -6.897172939999962], [110.63358316700004, -6.897179912999945], [110.63337452200005, -6.897377218999964], [110.63296972400008, -6.896924964999926], [110.63288347200006, -6.896828601999971], [110.63277820100006, -6.896710989999974], [110.63279241600009, -6.896695886999964], [110.63297898400003, -6.896519979999937], [110.63302386200007, -6.896459625999967]]]]}}, {"type": "Feature", "properties": {"idsubsls": "3321070004003900", "idsls": "33210700040039", "nmsls": "RT 003 RW 007", "nmdesa": "MANGUNJIWAN", "nmkec": "DEMAK", "kdkec": "070", "kd_kec_bps": "3321070", "kdsubsls": "00", "subsls": null}, "geometry": {"type": "MultiPolygon", "coordinates": [[[[110.63253650900003, -6.896360010999956], [110.63271740200008, -6.896385608999935], [110.63292124400004, -6.896435191999956], [110.63302386200007, -6.896459625999967], [110.63297898400003, -6.896519979999937], [110.63279241600009, -6.896695886999964], [110.63277820100006, -6.896710989999974], [110.63288347200006, -6.896828601999971], [110.63266185100008, -6.897025597999971], [110.63229824200005, -6.897343296999964], [110.63239306700007, -6.897454996999954], [110.63238818500008, -6.897459483999967], [110.63278032400007, -6.897939124999937], [110.63220411600008, -6.898484018999966], [110.63220453400004, -6.89848445299998], [110.63211385000005, -6.89857428199997], [110.63211188700006, -6.898574005999933], [110.63177016200007, -6.89835057099998], [110.63209500700009, -6.897869932999981], [110.63181426600005, -6.897756215999948], [110.63177517600008, -6.897734893999939], [110.63192087600004, -6.897436384999935], [110.63209856000009, -6.897184073999938], [110.63228690500006, -6.896903332999955], [110.63244682100009, -6.896615484999927], [110.63253650900003, -6.896360010999956]]]]}}, {"type": "Feature", "properties": {"idsubsls": "3321070004001500", "idsls": "33210700040015", "nmsls": "RT 005 RW 002", "nmdesa": "MANGUNJIWAN", "nmkec": "DEMAK", "kdkec": "070", "kd_kec_bps": "3321070", "kdsubsls": "00", "subsls": null}, "geometry": {"type": "MultiPolygon", "coordinates": [[[[110.63323946100007, -6.895379662999972], [110.63323929100005, -6.895381914999973], [110.63256053800006, -6.895214891999956], [110.63249901400008, -6.895196514999952], [110.63298394900005, -6.894307467999965], [110.63278359300006, -6.894219198999963], [110.63301061400006, -6.893804637999949], [110.63301121800004, -6.893804280999973], [110.63301007900009, -6.893803637999952], [110.63310102500009, -6.893660643999965], [110.63314065100008, -6.893671450999932], [110.63321961700007, -6.893702669999925], [110.63328756400006, -6.893719196999939], [110.63333898400003, -6.89373939799998], [110.63340325800004, -6.893763270999955], [110.63346569600009, -6.893796326999961], [110.63350058800006, -6.893827544999965], [110.63354833400007, -6.893844072999968], [110.63357955300006, -6.893844072999968], [110.63366035500007, -6.893838563999964], [110.63375401200005, -6.893842236999944], [110.63382746800005, -6.893866109999976], [110.63390643400004, -6.89388631099996], [110.63396152600006, -6.893902837999974], [110.63402029100007, -6.893910183999935], [110.63406069200005, -6.893913856999973], [110.63418189500004, -6.893904674999931], [110.63424617000004, -6.893923038999958], [110.63429758900008, -6.893952420999938], [110.63434166300004, -6.893967112999974], [110.63442430100008, -6.893985476999944], [110.63463181600008, -6.894033222999951], [110.63469704900007, -6.894045454999969], [110.63468355500004, -6.894265210999947], [110.63468208400008, -6.894289158999925], [110.63465034700005, -6.894612877999975], [110.63422010600004, -6.894509486999937], [110.63402820700009, -6.894434859999933], [110.63377589600009, -6.89468717099993], [110.63330681100007, -6.894488164999927], [110.63323946100007, -6.895379662999972]]]]}}, {"type": "Feature", "properties": {"idsubsls": "3321070004001800", "idsls": "33210700040018", "nmsls": "RT 002 RW 003", "nmdesa": "MANGUNJIWAN", "nmkec": "DEMAK", "kdkec": "070", "kd_kec_bps": "3321070", "kdsubsls": "00", "subsls": null}, "geometry": {"type": "MultiPolygon", "coordinates": [[[[110.62932631700005, -6.89429247299995], [110.62892547900009, -6.894142565999971], [110.62847771600008, -6.893996865999952], [110.62868027500008, -6.893353649999938], [110.62880466000007, -6.893111789999978], [110.62903027700008, -6.892673090999949], [110.62903208900008, -6.892669566999928], [110.62926663200005, -6.892198704999942], [110.62954381900005, -6.891702966999958], [110.62980484300004, -6.891306081999971], [110.62997736800008, -6.891043758999956], [110.63035050400003, -6.890466286999981], [110.63092975300009, -6.889759104999939], [110.63117495700004, -6.889584974999934], [110.63141175500004, -6.889479779999931], [110.63213089600004, -6.889160309999966], [110.63256150600006, -6.889022514999965], [110.6326, -6.88916], [110.63267, -6.88944], [110.63273, -6.8899], [110.63270821200007, -6.890082489999941], [110.63257866000004, -6.890082489999941], [110.63246849600006, -6.890071828999965], [110.63236188500008, -6.890064720999931], [110.63233760100007, -6.89007079199996], [110.63233905900006, -6.890143708999972], [110.63233171300004, -6.890206146999958], [110.63231702200005, -6.890226346999953], [110.63221785600007, -6.890246547999936], [110.63211685300007, -6.890252056999941], [110.63199565000008, -6.890252056999941], [110.63188730200005, -6.89024838399996], [110.63171651600004, -6.890264911999964], [110.63160265900007, -6.890279602999954], [110.63147043700008, -6.890286948999972], [110.631408, -6.890286948999972], [110.63127945100007, -6.890316330999951], [110.63118401400004, -6.890337697999939], [110.63117495700004, -6.890434303999939], [110.63117495700004, -6.890519591999976], [110.63115008100004, -6.890594218999979], [110.63110033000004, -6.890725704999966], [110.63109397300008, -6.890747708999925], [110.63100626200008, -6.890813093999952], [110.63081463400005, -6.890992743999959], [110.63067330900009, -6.891129278999927], [110.63079778300005, -6.891247753999949], [110.63077613100006, -6.891261722999957], [110.63087254300007, -6.891434345999926], [110.63088749000008, -6.891456366999932], [110.63088746400007, -6.891456382999934], [110.63097377500009, -6.891597785999977], [110.63106192300006, -6.891759389999947], [110.63110048700008, -6.891819991999967], [110.63128160900004, -6.891694599999937], [110.63131355100006, -6.891742056999931], [110.63136685600006, -6.891852220999965], [110.63138700800005, -6.891942904999951], [110.63119428000005, -6.891993257999957], [110.63136308000009, -6.892259783999975], [110.63083713600008, -6.89250409899995], [110.63078738400009, -6.892680005999978], [110.63073763300008, -6.89310644699998], [110.63132398900007, -6.894135236999944], [110.63115341300005, -6.894312031999959], [110.63012107000009, -6.893468921999954], [110.62983411000005, -6.893348985999978], [110.62953204800004, -6.893917573999943], [110.62933659500004, -6.894262280999953], [110.62932631700005, -6.89429247299995]]]]}}, {"type": "Feature", "properties": {"idsubsls": "3321070004004000", "idsls": "33210700040040", "nmsls": "RT 004 RW 007", "nmdesa": "MANGUNJIWAN", "nmkec": "DEMAK", "kdkec": "070", "kd_kec_bps": "3321070", "kdsubsls": "00", "subsls": null}, "geometry": {"type": "MultiPolygon", "coordinates": [[[[110.63288347200006, -6.896828601999971], [110.63296972400008, -6.896924964999926], [110.63337452200005, -6.897377218999964], [110.63278032400007, -6.897939124999937], [110.63238818500008, -6.897459483999967], [110.63239306700007, -6.897454996999954], [110.63229824200005, -6.897343296999964], [110.63266185100008, -6.897025597999971], [110.63288347200006, -6.896828601999971]]]]}}, {"type": "Feature", "properties": {"idsubsls": "3321070004002400", "idsls": "33210700040024", "nmsls": "RT 001 RW 004", "nmdesa": "MANGUNJIWAN", "nmkec": "DEMAK", "kdkec": "070", "kd_kec_bps": "3321070", "kdsubsls": "00", "subsls": null}, "geometry": {"type": "MultiPolygon", "coordinates": [[[[110.63160475300003, -6.88760482899994], [110.63143659700006, -6.887293296999928], [110.63116296300007, -6.887483418999977], [110.63088146300004, -6.887672229999964], [110.63087156200004, -6.887678870999935], [110.63074681000006, -6.887651147999975], [110.63074896000006, -6.887648664999972], [110.63057483000006, -6.887518954999962], [110.63055937700005, -6.887528591999967], [110.63054510100005, -6.887497659999951], [110.63031196900005, -6.887345718999939], [110.63036369600007, -6.887256632999936], [110.63018128500005, -6.88710492599995], [110.63030175200004, -6.88690897999993], [110.63030477900008, -6.886910992999958], [110.63041730000003, -6.886621651999974], [110.63062297800008, -6.886331499999926], [110.63086538400006, -6.886118475999979], [110.63100495100008, -6.885956871999952], [110.63109606500007, -6.885858164999945], [110.63128277500005, -6.886012861999973], [110.63134356000006, -6.88606322399994], [110.63145467800007, -6.886155289999977], [110.63174341500007, -6.886480895999966], [110.63190066500005, -6.886749753999936], [110.63200589200005, -6.886978221999925], [110.63207, -6.88711], [110.63214280400007, -6.887435487999937], [110.63171289900004, -6.887556162999942], [110.63160475300003, -6.88760482899994]]]]}}, {"type": "Feature", "properties": {"idsubsls": "3321070004005000", "idsls": "33210700040050", "nmsls": "RT 006 RW 008", "nmdesa": "MANGUNJIWAN", "nmkec": "DEMAK", "kdkec": "070", "kd_kec_bps": "3321070", "kdsubsls": "00", "subsls": null}, "geometry": {"type": "MultiPolygon", "coordinates": [[[[110.62177578000006, -6.895169630999931], [110.62048477900004, -6.894485162999956], [110.62041678900005, -6.894583747999945], [110.62000598000009, -6.894351051999934], [110.62000202200005, -6.894359804999965], [110.61999071400004, -6.894352845999947], [110.62012190400009, -6.894067191999966], [110.62013167100008, -6.894073051999953], [110.62032113800007, -6.893655380999974], [110.62048138000006, -6.893302134999942], [110.62050228800007, -6.893256479999934], [110.62090779400006, -6.893461301999935], [110.62095051100005, -6.893424516999971], [110.62220152900005, -6.894131613999946], [110.62204745500009, -6.894566322999935], [110.62202366900004, -6.894589465999957], [110.62177578000006, -6.895169630999931]]]]}}, {"type": "Feature", "properties": {"idsubsls": "3321070004004600", "idsls": "33210700040046", "nmsls": "RT 004 RW 008", "nmdesa": "MANGUNJIWAN", "nmkec": "DEMAK", "kdkec": "070", "kd_kec_bps": "3321070", "kdsubsls": "00", "subsls": null}, "geometry": {"type": "MultiPolygon", "coordinates": [[[[110.61996495700004, -6.89444178399998], [110.61889408000008, -6.893756825999958], [110.61889221600006, -6.893760670999939], [110.61865609000006, -6.893613889999926], [110.61865438100006, -6.89360221499993], [110.61865480300008, -6.893602451999925], [110.61865759300008, -6.89359696799994], [110.61881673000005, -6.893284087999973], [110.62006727500005, -6.894034414999965], [110.62012190400009, -6.894067191999966], [110.61999071400004, -6.894352845999947], [110.62000202200005, -6.894359804999965], [110.61996495700004, -6.89444178399998]]]]}}, {"type": "Feature", "properties": {"idsubsls": "3321070004005100", "idsls": "33210700040051", "nmsls": "RT 007 RW 008", "nmdesa": "MANGUNJIWAN", "nmkec": "DEMAK", "kdkec": "070", "kd_kec_bps": "3321070", "kdsubsls": "00", "subsls": null}, "geometry": {"type": "MultiPolygon", "coordinates": [[[[110.62006727500005, -6.894034414999965], [110.61881673000005, -6.893284087999973], [110.61881769800004, -6.893282183999929], [110.61878894800009, -6.893270762999975], [110.61887733800006, -6.893120885999963], [110.61892565000005, -6.893041279999977], [110.61896462900006, -6.892973203999929], [110.61900909800005, -6.892901833999929], [110.61901004300006, -6.892904014999942], [110.61901185400006, -6.892900453999971], [110.61950583400005, -6.893173279999928], [110.61951397400009, -6.893187932999979], [110.62027928300006, -6.893655681999974], [110.62006727500005, -6.894034414999965]]]]}}, {"type": "Feature", "properties": {"idsubsls": "3321070004005200", "idsls": "33210700040052", "nmsls": "RT 008 RW 008", "nmdesa": "MANGUNJIWAN", "nmkec": "DEMAK", "kdkec": "070", "kd_kec_bps": "3321070", "kdsubsls": "00", "subsls": null}, "geometry": {"type": "MultiPolygon", "coordinates": [[[[110.62050228800007, -6.893256479999934], [110.62048138000006, -6.893302134999942], [110.62032113800007, -6.893655380999974], [110.62013167100008, -6.894073051999953], [110.62012190400009, -6.894067191999966], [110.62006727500005, -6.894034414999965], [110.62027928300006, -6.893655681999974], [110.61951397400009, -6.893187932999979], [110.61950583400005, -6.893173279999928], [110.61901185400006, -6.892900453999971], [110.61907413700004, -6.892777998999975], [110.62005619400009, -6.890606051999953], [110.62137124400004, -6.891358982999975], [110.62050228800007, -6.893256479999934]]]]}}, {"type": "Feature", "properties": {"idsubsls": "3321070004100101", "idsls": "33210700041001", "nmsls": "SAWAH", "nmdesa": "MANGUNJIWAN", "nmkec": "DEMAK", "kdkec": "070", "kd_kec_bps": "3321070", "kdsubsls": "01", "subsls": null}, "geometry": {"type": "MultiPolygon", "coordinates": [[[[110.61511975600007, -6.893471602999966], [110.61386372600003, -6.89268065999994], [110.61386403700004, -6.89267351899997], [110.61285648100005, -6.891906572999972], [110.61375522800006, -6.890189864999968], [110.61425338600009, -6.890420289999952], [110.61618085200007, -6.891311849999965], [110.61511975600007, -6.893471602999966]]]]}}, {"type": "Feature", "properties": {"idsubsls": "3321070005000800", "idsls": "33210700050008", "nmsls": "MLATEN RT 008 RW 001", "nmdesa": "KARANGMLATI", "nmkec": "DEMAK", "kdkec": "070", "kd_kec_bps": "3321070", "kdsubsls": "00", "subsls": null}, "geometry": {"type": "MultiPolygon", "coordinates": [[[[110.61890920600007, -6.879451996999933], [110.61891451000008, -6.879444059999969], [110.61913505000007, -6.879158], [110.61919853000006, -6.878885529999934], [110.61916991000004, -6.878695299999947], [110.61899357000004, -6.878500519999932], [110.61877, -6.87835], [110.61857835000006, -6.878225089999944], [110.61838, -6.87808], [110.61834861000006, -6.878048609999951], [110.61828670300008, -6.877986702999976], [110.61828621800004, -6.877987054999949], [110.61824690000009, -6.877932119999969], [110.61814669300009, -6.877820350999968], [110.61807603500006, -6.877610944999958], [110.61809402100005, -6.877174145999959], [110.61824818500008, -6.876822137999966], [110.61838693200008, -6.876490684999965], [110.61844859800004, -6.876187495999943], [110.61841905000006, -6.87590871499998], [110.61806696300005, -6.874723938999978], [110.61805, -6.87469], [110.61798, -6.87414], [110.61798, -6.87385], [110.61799711200007, -6.873627546999955], [110.61802, -6.87333], [110.61803605000006, -6.87318326999997], [110.61809, -6.87269], [110.61822, -6.87211], [110.61825, -6.87198], [110.61852, -6.87124], [110.61869, -6.87081], [110.61869148600005, -6.870807183999943], [110.61873713000006, -6.870720709999944], [110.61888, -6.87045], [110.61896, -6.87014], [110.61898, -6.86982], [110.61895612000006, -6.869724481999981], [110.61919464600004, -6.869605218999936], [110.61919205400005, -6.869611855999949], [110.61918349700005, -6.869787278999979], [110.61917208700004, -6.870203729999957], [110.61924054500008, -6.870295006999982], [110.61963417700008, -6.870869766999931], [110.61950296600008, -6.871096532999957], [110.61912074400004, -6.871735470999965], [110.61897812400008, -6.872123398999975], [110.61996505600007, -6.872863597999981], [110.61979105900008, -6.873205885999937], [110.61984525500009, -6.87321729599995], [110.62009911900009, -6.87328860599996], [110.62004207100006, -6.873607361999973], [110.62000213700009, -6.873931822999964], [110.62009341400005, -6.874274111999966], [110.62005062800006, -6.874659185999974], [110.61996220300006, -6.875056383999947], [110.61988518800007, -6.875753796999959], [110.61981958300004, -6.876163829999939], [110.61960565300006, -6.876716482999939], [110.61999643200005, -6.877266283999973], [110.62031019700004, -6.877587179999978], [110.62104611700005, -6.878156947999969], [110.62107721800004, -6.878179709999927], [110.62159103700009, -6.878817278999975], [110.62067815700004, -6.879437676999942], [110.62107178900004, -6.87995895399996], [110.62135988200004, -6.880468821999955], [110.62159254900007, -6.880794116999937], [110.62160518000007, -6.880811777999952], [110.62120187900007, -6.881137523999939], [110.62106356000004, -6.880945911999959], [110.62060684700003, -6.881324542999948], [110.62013571500006, -6.880918483999949], [110.61957427600004, -6.880434592999961], [110.61968266800005, -6.88010941899995], [110.61970548700003, -6.879858406999972], [110.61969407700008, -6.879584575999957], [110.61890920600007, -6.879451996999933]]]]}}, {"type": "Feature", "properties": {"idsubsls": "3321070009003600", "idsls": "33210700090036", "nmsls": "RT 002 RW 005", "nmdesa": "BINTORO", "nmkec": "DEMAK", "kdkec": "070", "kd_kec_bps": "3321070", "kdsubsls": "00", "subsls": null}, "geometry": {"type": "MultiPolygon", "coordinates": [[[[110.64362815500004, -6.891752545999964], [110.64340014500004, -6.891843749999964], [110.64340002400007, -6.891843232999975], [110.64338398200005, -6.891861476999964], [110.64329487900005, -6.891937165999934], [110.64329216200008, -6.891722477999963], [110.64336731200007, -6.891703997999969], [110.64336421200005, -6.891690800999982], [110.64335947600006, -6.891670641999951], [110.64326353600006, -6.89135571099996], [110.64304871600007, -6.891493362999938], [110.64304773500004, -6.891492286999949], [110.64298406100005, -6.891422450999926], [110.64296320500006, -6.891384908999953], [110.64294651900008, -6.891261856999961], [110.64293827600005, -6.891252916999974], [110.64277029900006, -6.891405084999974], [110.64261278400005, -6.89123357699998], [110.64244234500006, -6.891380408999964], [110.64244075200008, -6.89138178099995], [110.64229144300003, -6.891233454999963], [110.64228972200004, -6.89123174499997], [110.64245064800008, -6.891012045999958], [110.64249644600005, -6.890883953999946], [110.64250217900008, -6.890842212999928], [110.64265000200004, -6.890844805999961], [110.64264015100008, -6.890675691999945], [110.64255369300008, -6.890493955999943], [110.64230180400006, -6.890267827999935], [110.64229973400006, -6.890265994999936], [110.64220716300008, -6.890183994999973], [110.64209148300006, -6.890081524999971], [110.64205070600008, -6.890045404999967], [110.64206565800004, -6.890047425999967], [110.64224026300008, -6.890113259999964], [110.64268679300005, -6.890295020999929], [110.64292150800009, -6.890380891999939], [110.64312759900008, -6.89042668999997], [110.64337633100007, -6.890475292999952], [110.64337662600008, -6.890475350999964], [110.64358987300005, -6.891533355999968], [110.64358974300006, -6.891533764999963], [110.64359058800005, -6.891533176999928], [110.64362815500004, -6.891752545999964]]]]}}, {"type": "Feature", "properties": {"idsubsls": "3321070009006200", "idsls": "33210700090062", "nmsls": "RT 005 RW 008", "nmdesa": "BINTORO", "nmkec": "DEMAK", "kdkec": "070", "kd_kec_bps": "3321070", "kdsubsls": "00", "subsls": null}, "geometry": {"type": "MultiPolygon", "coordinates": [[[[110.63671532100005, -6.885166138999978], [110.63674954200008, -6.885175966999952], [110.63692472300005, -6.884346289999939], [110.63692487500003, -6.884346433999951], [110.63697086100007, -6.884389932999966], [110.63697113400008, -6.884390849999932], [110.63697408000007, -6.884393059999979], [110.63705, -6.88445], [110.63749, -6.88497], [110.63749527500005, -6.884974297999975], [110.63749583000003, -6.88498872699995], [110.63756993500004, -6.88506900699997], [110.63810719500009, -6.885575389999929], [110.63884206800009, -6.886291736999965], [110.63884203100008, -6.886291545999939], [110.63911665800003, -6.886505381999939], [110.63934382400004, -6.886679262999962], [110.63934278500005, -6.886683028999926], [110.63952071400007, -6.88684031799994], [110.63934354000008, -6.887058927999931], [110.63933209100009, -6.887382375999948], [110.63927198100004, -6.887555549999945], [110.63956966800004, -6.887701530999948], [110.63946015800008, -6.888297464999937], [110.63907217300005, -6.888217232999978], [110.63907235100004, -6.888218566999967], [110.63853506600009, -6.888133189999962], [110.63851070700008, -6.888109568999937], [110.63784922600007, -6.887941975999979], [110.63721819700004, -6.88779483199994], [110.63720953500007, -6.887846292999939], [110.63681016000004, -6.887736057999973], [110.63663555500005, -6.887675947999981], [110.63630522100004, -6.887553496999942], [110.63630460700006, -6.887553268999966], [110.63631496900007, -6.887545888999966], [110.63628062000004, -6.887471466999955], [110.63628062000004, -6.887259651999955], [110.63634931700005, -6.88692761599998], [110.63644663800005, -6.886569103999932], [110.63640136200007, -6.886565402999963], [110.63656734200003, -6.885847826999964], [110.63665035100007, -6.885478580999973], [110.63671475400008, -6.885168012999941], [110.63671532100005, -6.885166138999978]]]]}}, {"type": "Feature", "properties": {"idsubsls": "3321070009006000", "idsls": "33210700090060", "nmsls": "RT 003 RW 008", "nmdesa": "BINTORO", "nmkec": "DEMAK", "kdkec": "070", "kd_kec_bps": "3321070", "kdsubsls": "00", "subsls": null}, "geometry": {"type": "MultiPolygon", "coordinates": [[[[110.64248920900008, -6.887742974999981], [110.64212587900005, -6.887871750999977], [110.64213047400006, -6.887899650999941], [110.64205024600005, -6.887976440999978], [110.64196926900007, -6.888110471999937], [110.64187592400003, -6.888233226999944], [110.64186024000009, -6.888234097999941], [110.64183384100005, -6.888283595999951], [110.64173890200004, -6.888389704999952], [110.64167163900004, -6.88844234499993], [110.64158811600004, -6.88844136299997], [110.64148480000006, -6.88839947799994], [110.64138008800006, -6.888343630999941], [110.64131744900004, -6.888295446999962], [110.64078063700003, -6.888253043999953], [110.64084914900008, -6.888134464999951], [110.64085058000006, -6.888061473999926], [110.64077759000008, -6.88803785999994], [110.64077759000008, -6.887972024999954], [110.64078903900008, -6.887929088999954], [110.64075039700003, -6.887867547999974], [110.64072892900003, -6.887803144999964], [110.64073751600006, -6.887641420999955], [110.64051824100005, -6.887526561999948], [110.64054167600005, -6.88742063799998], [110.64072183600007, -6.887514320999969], [110.64079291200005, -6.887248358999955], [110.64082209800006, -6.887206330999959], [110.64083300900006, -6.887221512999929], [110.64104625600004, -6.887270172999933], [110.64132104400005, -6.887320264999971], [110.64208529800004, -6.887466245999974], [110.64239533000006, -6.887536252999951], [110.64239586500008, -6.887536373999978], [110.64248920900008, -6.887742974999981]]]]}}, {"type": "Feature", "properties": {"idsubsls": "3321070009006100", "idsls": "33210700090061", "nmsls": "RT 004 RW 008", "nmdesa": "BINTORO", "nmkec": "DEMAK", "kdkec": "070", "kd_kec_bps": "3321070", "kdsubsls": "00", "subsls": null}, "geometry": {"type": "MultiPolygon", "coordinates": [[[[110.63946015800008, -6.888297464999937], [110.63956966800004, -6.887701530999948], [110.63927198100004, -6.887555549999945], [110.63933209100009, -6.887382375999948], [110.63934354000008, -6.887058927999931], [110.63952071400007, -6.88684031799994], [110.63952100700004, -6.88683995599996], [110.64005913400007, -6.887232100999938], [110.64049707700008, -6.887515475999976], [110.64051824100005, -6.887526561999948], [110.64073751600006, -6.887641420999955], [110.64072892900003, -6.887803144999964], [110.64075039700003, -6.887867547999974], [110.64078903900008, -6.887929088999954], [110.64077759000008, -6.887972024999954], [110.64077759000008, -6.88803785999994], [110.64085058000006, -6.888061473999926], [110.64084914900008, -6.888134464999951], [110.64078063700003, -6.888253043999953], [110.64077497500006, -6.88826284299995], [110.64061157200007, -6.888236078999967], [110.64055189700008, -6.888538432999951], [110.64051588400008, -6.888517424999975], [110.64051570500004, -6.888517096999976], [110.64051552600006, -6.888517066999952], [110.64000525000006, -6.888425002999952], [110.64000530800007, -6.88842475499996], [110.63996809700006, -6.888413305999961], [110.63953587800006, -6.888313122999932], [110.63946015800008, -6.888297464999937]]]]}}, {"type": "Feature", "properties": {"idsubsls": "3321070009005800", "idsls": "33210700090058", "nmsls": "RT 001 RW 008", "nmdesa": "BINTORO", "nmkec": "DEMAK", "kdkec": "070", "kd_kec_bps": "3321070", "kdsubsls": "00", "subsls": null}, "geometry": {"type": "MultiPolygon", "coordinates": [[[[110.63875308100006, -6.882983080999963], [110.63875294400009, -6.882982366999954], [110.63889015900008, -6.883119491999935], [110.63910023000005, -6.883199861999969], [110.63923230200004, -6.883222626999952], [110.63923230200004, -6.883223008999948], [110.63956, -6.88328], [110.63986, -6.88327], [110.63984, -6.88344], [110.6399, -6.88366], [110.64012185000007, -6.884074759999976], [110.64013, -6.88409], [110.64016197800004, -6.884130518999939], [110.64068372000008, -6.88479160299994], [110.64068366800007, -6.88479177399995], [110.64130767900008, -6.885433683999963], [110.64130770300005, -6.885433989999967], [110.64153669300003, -6.885798942999941], [110.64193742500004, -6.88660899499996], [110.64198656100007, -6.886708494999937], [110.64201652600008, -6.886769174999927], [110.64203192400004, -6.886800355999981], [110.64188771700009, -6.886824169999954], [110.64170802300004, -6.886859436999941], [110.64149810000004, -6.886740200999952], [110.64147757300009, -6.886702131999925], [110.64145766000007, -6.886701882999944], [110.64107482600008, -6.886552484999982], [110.64104370100006, -6.886443547999932], [110.64079513400009, -6.886127721999969], [110.64080249400007, -6.88611809799994], [110.64080519900006, -6.88611809799994], [110.64073090800008, -6.885977916999934], [110.64072553800008, -6.885967783999945], [110.64079291200005, -6.88578556799996], [110.64077915500008, -6.885776396999972], [110.64057871100005, -6.885690736999948], [110.64056645000005, -6.885667600999966], [110.64053760800005, -6.885639992999927], [110.64048208800006, -6.885542016999977], [110.64038074200005, -6.885411007999949], [110.64026675400004, -6.885369557999979], [110.63988815400006, -6.884875272999977], [110.63996248900008, -6.884731604999956], [110.63976212300008, -6.884651457999951], [110.63918678600004, -6.883734066999978], [110.63918682400003, -6.883733635999931], [110.63918655500004, -6.883733713999959], [110.63900892200007, -6.883462179999981], [110.63881502100008, -6.883458961999963], [110.63879784700003, -6.883243065999977], [110.63876779300006, -6.883059873999969], [110.63875308100006, -6.882983080999963]]]]}}, {"type": "Feature", "properties": {"idsubsls": "3321070009005700", "idsls": "33210700090057", "nmsls": "RT 009 RW 007", "nmdesa": "BINTORO", "nmkec": "DEMAK", "kdkec": "070", "kd_kec_bps": "3321070", "kdsubsls": "00", "subsls": null}, "geometry": {"type": "MultiPolygon", "coordinates": [[[[110.63494374700008, -6.887487691999979], [110.63511925300008, -6.88680906899998], [110.63514323800007, -6.886725835999925], [110.63527739600005, -6.886722192999969], [110.63556659600005, -6.886844929999938], [110.63565232900004, -6.886846753999976], [110.63608884100006, -6.886818129999938], [110.63571261900006, -6.88823161199997], [110.63567737500006, -6.888214968999932], [110.63562871500005, -6.888194932999966], [110.63568310000005, -6.88802605199993], [110.63548273300006, -6.88786003499996], [110.63527091800006, -6.887662530999933], [110.63526828000005, -6.887656294999942], [110.63526739600007, -6.887657396999941], [110.63494374700008, -6.887487691999979]]]]}}, {"type": "Feature", "properties": {"idsubsls": "3321070009005900", "idsls": "33210700090059", "nmsls": "RT 002 RW 008", "nmdesa": "BINTORO", "nmkec": "DEMAK", "kdkec": "070", "kd_kec_bps": "3321070", "kdsubsls": "00", "subsls": null}, "geometry": {"type": "MultiPolygon", "coordinates": [[[[110.64239533000006, -6.887536252999951], [110.64208529800004, -6.887466245999974], [110.64132104400005, -6.887320264999971], [110.64104625600004, -6.887270172999933], [110.64083300900006, -6.887221512999929], [110.64082209800006, -6.887206330999959], [110.64081305000008, -6.887193742999955], [110.64081692700006, -6.887172649999968], [110.64060261100008, -6.88712684199993], [110.64069535500005, -6.88676268599994], [110.64069392300007, -6.886762351999948], [110.64067827300005, -6.886737069999981], [110.64042148200008, -6.886686628999939], [110.64040814900005, -6.886708294999949], [110.64020865400005, -6.886669431999962], [110.64027448800005, -6.886271561999934], [110.64031725500007, -6.886282882999978], [110.64038365100004, -6.886049236999952], [110.64062175900006, -6.886123270999974], [110.64062788900009, -6.886103785999978], [110.64064865000006, -6.886113300999966], [110.64065649200006, -6.88605840799994], [110.64073090800008, -6.885977916999934], [110.64080519900006, -6.88611809799994], [110.64080249400007, -6.88611809799994], [110.64079513400009, -6.886127721999969], [110.64104370100006, -6.886443547999932], [110.64107482600008, -6.886552484999982], [110.64145766000007, -6.886701882999944], [110.64147757300009, -6.886702131999925], [110.64149810000004, -6.886740200999952], [110.64170802300004, -6.886859436999941], [110.64188771700009, -6.886824169999954], [110.64203192400004, -6.886800355999981], [110.64239533000006, -6.887536252999951]]]]}}, {"type": "Feature", "properties": {"idsubsls": "3321070012003702", "idsls": "33210700120037", "nmsls": "RT 07 RW 05 DUSUN GESIK", "nmdesa": "BANGO", "nmkec": "DEMAK", "kdkec": "070", "kd_kec_bps": "3321070", "kdsubsls": "02", "subsls": null}, "geometry": {"type": "MultiPolygon", "coordinates": [[[[110.67211171000008, -6.882176200999936], [110.67229562200004, -6.883106579999946], [110.67195224900007, -6.883166296999946], [110.67183838400007, -6.882840003999945], [110.67170795000004, -6.882487832999971], [110.67168443400004, -6.882424339999943], [110.67171465000007, -6.88227930499994], [110.67211171000008, -6.882176200999936]]]]}}, {"type": "Feature", "properties": {"idsubsls": "3321070013001200", "idsls": "33210700130012", "nmsls": "RT 02 RW 02", "nmdesa": "CABEAN", "nmkec": "DEMAK", "kdkec": "070", "kd_kec_bps": "3321070", "kdsubsls": "00", "subsls": null}, "geometry": {"type": "MultiPolygon", "coordinates": [[[[110.65229080700004, -6.885487378999926], [110.65189708600008, -6.885287846999972], [110.65217759300003, -6.884799619999967], [110.65226248300007, -6.884656749999976], [110.65232859000008, -6.884482110999954], [110.65235823000006, -6.884359368999981], [110.65350694200004, -6.884703535999961], [110.65354964700003, -6.88492058199995], [110.65347795900004, -6.885084900999971], [110.65347535300003, -6.88508672599994], [110.65347690900006, -6.885087307999981], [110.65348875400008, -6.885091741999929], [110.65354841300007, -6.885114071999965], [110.65355172300008, -6.885115310999936], [110.65355018100007, -6.885120357999938], [110.65349816100007, -6.885290630999975], [110.65344897700004, -6.885402412999952], [110.65315840400007, -6.885304045999931], [110.65275072700007, -6.885720459999959], [110.65229080700004, -6.885487378999926]]]]}}, {"type": "Feature", "properties": {"idsubsls": "3321070013002500", "idsls": "33210700130025", "nmsls": "RT 05 RW 03", "nmdesa": "CABEAN", "nmkec": "DEMAK", "kdkec": "070", "kd_kec_bps": "3321070", "kdsubsls": "00", "subsls": null}, "geometry": {"type": "MultiPolygon", "coordinates": [[[[110.65474546800004, -6.883959640999933], [110.65468571500008, -6.883932479999942], [110.65457990600004, -6.883894318999978], [110.65450878900003, -6.883875238999963], [110.65444114000007, -6.883856158999947], [110.65438043000006, -6.883840547999966], [110.65432665900005, -6.883840547999966], [110.65427635600008, -6.88386309699996], [110.65421738100008, -6.883885645999953], [110.65417748600004, -6.883889115999978], [110.65413412200007, -6.883880442999953], [110.65404912800005, -6.88386309699996], [110.65399709100006, -6.883842281999932], [110.65396239900008, -6.883831874999942], [110.65388425200007, -6.88379280099997], [110.65392257400003, -6.883688149999955], [110.65395158100006, -6.883608934999927], [110.65395577400005, -6.88359748299996], [110.65396604000006, -6.883569446999957], [110.65400253600006, -6.883469783999942], [110.65399773700005, -6.883468276999963], [110.65403383000006, -6.883353324999973], [110.65404922900007, -6.883304281999926], [110.65404938800003, -6.883303775999934], [110.65443158100004, -6.883470357999954], [110.65443374000006, -6.88346508099994], [110.65446468100004, -6.883478568999976], [110.65453437600007, -6.883508950999953], [110.65464880900004, -6.883558835999963], [110.65488045000006, -6.883683170999973], [110.65488417800009, -6.883685171999957], [110.65486626300009, -6.88375113799998], [110.65478562100009, -6.883887734999973], [110.65474827400004, -6.883954616999972], [110.65474694500006, -6.883956995999938], [110.65474546800004, -6.883959640999933]]]]}}, {"type": "Feature", "properties": {"idsubsls": "3321070013003100", "idsls": "33210700130031", "nmsls": "RT 01 RW 04", "nmdesa": "CABEAN", "nmkec": "DEMAK", "kdkec": "070", "kd_kec_bps": "3321070", "kdsubsls": "00", "subsls": null}, "geometry": {"type": "MultiPolygon", "coordinates": [[[[110.65544843000004, -6.885047575999977], [110.65562206400006, -6.885103802999936], [110.65566701500006, -6.885122833999958], [110.65587643100008, -6.885211494999965], [110.65606803400004, -6.885122740999975], [110.65607174800004, -6.885125287999927], [110.65627298100009, -6.885263302999931], [110.65650441000008, -6.885307992999969], [110.65655136300006, -6.885614750999935], [110.65650262400004, -6.88562638999997], [110.65643532900003, -6.885642460999975], [110.65643106000005, -6.885643479999942], [110.65632, -6.88567], [110.65449585000005, -6.886078689999977], [110.65449, -6.88608], [110.65448880900004, -6.886080264999975], [110.65446282300007, -6.885932634999961], [110.65440640700007, -6.88575693599995], [110.65441236100008, -6.88569335699998], [110.65465349400006, -6.885696529999962], [110.65466887000008, -6.885413316999973], [110.65479254200005, -6.885353430999942], [110.65494668700006, -6.885298917999933], [110.65516805700008, -6.885290820999955], [110.65530151400009, -6.885227814999951], [110.65538463800004, -6.885255521999966], [110.65544843000004, -6.885047575999977]]]]}}, {"type": "Feature", "properties": {"idsubsls": "3321070013003600", "idsls": "33210700130036", "nmsls": "RT 06 RW 04", "nmdesa": "CABEAN", "nmkec": "DEMAK", "kdkec": "070", "kd_kec_bps": "3321070", "kdsubsls": "00", "subsls": null}, "geometry": {"type": "MultiPolygon", "coordinates": [[[[110.65504810300007, -6.883426589999942], [110.65520119400009, -6.883507477999956], [110.65553730000005, -6.883632724999927], [110.65590620500006, -6.883732334999934], [110.65633767500009, -6.883886965999977], [110.65639213600008, -6.883910902999958], [110.65671967400004, -6.884054866999975], [110.65714326100004, -6.884236385999941], [110.65736583300009, -6.884341097999936], [110.65742479400006, -6.884349604999954], [110.65765119800005, -6.884455507999974], [110.65767866800007, -6.88447254099998], [110.65764218000004, -6.884536759999946], [110.65761095700009, -6.884620019999943], [110.65756238900008, -6.884694605999925], [110.65749647600006, -6.884796945999938], [110.65748438600008, -6.884809898999947], [110.65730469300007, -6.884707658999957], [110.65733361300005, -6.884653275999938], [110.65721152800006, -6.884609159999968], [110.65699398900006, -6.884530550999955], [110.65651106800004, -6.884329144999981], [110.65615882800006, -6.884188483999935], [110.65591235200009, -6.884107319999941], [110.65571517700005, -6.884085120999941], [110.65572592300003, -6.884024174999979], [110.65563075100005, -6.883990896999933], [110.65563170100006, -6.883988708999937], [110.65553392600009, -6.883939273999943], [110.65550765300009, -6.883925989999966], [110.65519395200005, -6.883798408999951], [110.65488337300008, -6.88368037999993], [110.65493825000004, -6.883627986999954], [110.65504075300004, -6.883438687999956], [110.65504810300007, -6.883426589999942]]]]}}, {"type": "Feature", "properties": {"idsubsls": "3321070013002800", "idsls": "33210700130028", "nmsls": "RT 08 RW 03", "nmdesa": "CABEAN", "nmkec": "DEMAK", "kdkec": "070", "kd_kec_bps": "3321070", "kdsubsls": "00", "subsls": null}, "geometry": {"type": "MultiPolygon", "coordinates": [[[[110.65473789100008, -6.88147902399993], [110.65480953000008, -6.881213535999962], [110.65491896200007, -6.880869627999971], [110.65498037800006, -6.880645262999963], [110.65518212600006, -6.880776771999933], [110.65583051800007, -6.881205369999975], [110.65596679000004, -6.881299881999951], [110.65601294700008, -6.881315266999934], [110.65607484300006, -6.88122242399993], [110.65628786900004, -6.881353395999952], [110.65657504900008, -6.881542282999931], [110.65663528100004, -6.88157489699995], [110.65663466000007, -6.881576175999953], [110.65650627300005, -6.881840394999927], [110.65648484600007, -6.881828218999942], [110.65641077400005, -6.881994430999953], [110.65577866300004, -6.881655548999959], [110.65576902900006, -6.881671992999941], [110.65568174200007, -6.881879685999934], [110.65568317200007, -6.881880456999966], [110.65566964200008, -6.881911469999977], [110.65473789100008, -6.88147902399993]]]]}}, {"type": "Feature", "properties": {"idsubsls": "3321070013003000", "idsls": "33210700130030", "nmsls": "RT 10 RW 03", "nmdesa": "CABEAN", "nmkec": "DEMAK", "kdkec": "070", "kd_kec_bps": "3321070", "kdsubsls": "00", "subsls": null}, "geometry": {"type": "MultiPolygon", "coordinates": [[[[110.65520282200004, -6.883168233999925], [110.65520454700004, -6.883169076999934], [110.65504810300007, -6.883426589999942], [110.65504075300004, -6.883438687999956], [110.65493825000004, -6.883627986999954], [110.65488337300008, -6.88368037999993], [110.65488045000006, -6.883683170999973], [110.65464880900004, -6.883558835999963], [110.65453437600007, -6.883508950999953], [110.65446468100004, -6.883478568999976], [110.65443374000006, -6.88346508099994], [110.65443158100004, -6.883470357999954], [110.65404938800003, -6.883303775999934], [110.65405923500003, -6.883272412999929], [110.65412395700008, -6.883066283999938], [110.65411838000006, -6.883066613999972], [110.65415495900004, -6.883015193999938], [110.65417446400005, -6.882779838999966], [110.65417489700008, -6.882772535999948], [110.65417530500008, -6.882765647999975], [110.65421161800003, -6.882774646999962], [110.65423597000006, -6.882773910999958], [110.65430850500007, -6.882779457999959], [110.65434349300006, -6.882795671999929], [110.65439906800009, -6.88281871199996], [110.65440772600004, -6.882823247999966], [110.65443490800004, -6.882837485999971], [110.65450232300009, -6.882860952999977], [110.65456291200007, -6.882880153999963], [110.65460185900008, -6.882891653999934], [110.65463880600004, -6.88290279499995], [110.65464677600005, -6.882905727999969], [110.65472191600009, -6.88293337999994], [110.65474889700005, -6.882943308999927], [110.65478633400005, -6.882957085999976], [110.65499338000006, -6.883065859999931], [110.65520282200004, -6.883168233999925]]]]}}, {"type": "Feature", "properties": {"idsubsls": "3321070013002600", "idsls": "33210700130026", "nmsls": "RT 06 RW 03", "nmdesa": "CABEAN", "nmkec": "DEMAK", "kdkec": "070", "kd_kec_bps": "3321070", "kdsubsls": "00", "subsls": null}, "geometry": {"type": "MultiPolygon", "coordinates": [[[[110.65418555800005, -6.882592364999937], [110.65418716100004, -6.882565278999948], [110.65425060000007, -6.882238539999946], [110.65425960500005, -6.882243524999978], [110.65430494400005, -6.882082957999955], [110.65439626200003, -6.882088765999981], [110.65441986800005, -6.882090267999956], [110.65446296300007, -6.88209496099995], [110.65450648400008, -6.882100507999951], [110.65453592400007, -6.882110320999971], [110.65458797900004, -6.882132508999973], [110.65462339300007, -6.882149575999961], [110.65463449300006, -6.88216020699997], [110.65466881900005, -6.882189715999971], [110.65475057700007, -6.882260001999953], [110.65477689400007, -6.882281949999935], [110.65478015900004, -6.882284672999958], [110.65481095800004, -6.882310358999973], [110.65485329700005, -6.882345667999971], [110.65488889500006, -6.882396507999943], [110.65492985100008, -6.882454997999957], [110.65512201700005, -6.882550151999965], [110.65527017100004, -6.882591984999976], [110.65540844100008, -6.882653651999931], [110.65540999300003, -6.882654343999945], [110.65535543800007, -6.882807445999958], [110.65531980300005, -6.882907451999927], [110.65526282200005, -6.883043508999947], [110.65524387100004, -6.883082902999945], [110.65520282200004, -6.883168233999925], [110.65499338000006, -6.883065859999931], [110.65478633400005, -6.882957085999976], [110.65474889700005, -6.882943308999927], [110.65472191600009, -6.88293337999994], [110.65464677600005, -6.882905727999969], [110.65463880600004, -6.88290279499995], [110.65460185900008, -6.882891653999934], [110.65456291200007, -6.882880153999963], [110.65450232300009, -6.882860952999977], [110.65443490800004, -6.882837485999971], [110.65440772600004, -6.882823247999966], [110.65439906800009, -6.88281871199996], [110.65434349300006, -6.882795671999929], [110.65430850500007, -6.882779457999959], [110.65423597000006, -6.882773910999958], [110.65421161800003, -6.882774646999962], [110.65417530500008, -6.882765647999975], [110.65418555800005, -6.882592364999937]]]]}}, {"type": "Feature", "properties": {"idsubsls": "3321070015003000", "idsls": "33210700150030", "nmsls": "RT 006 RW 006", "nmdesa": "TURIREJO", "nmkec": "DEMAK", "kdkec": "070", "kd_kec_bps": "3321070", "kdsubsls": "00", "subsls": null}, "geometry": {"type": "MultiPolygon", "coordinates": [[[[110.67581462400005, -6.834754588999942], [110.67570597700006, -6.834837064999931], [110.67553395600004, -6.835051987999975], [110.67522883700008, -6.83543495899994], [110.67492413300005, -6.835772107999958], [110.67480260000008, -6.835896297999966], [110.67454840900007, -6.836100520999935], [110.67440677700006, -6.836213794999935], [110.67419370500005, -6.836038463999955], [110.67372298600009, -6.835698733999948], [110.67354798400004, -6.835561506999966], [110.67391581700008, -6.835047822999968], [110.67384617300007, -6.834997265999959], [110.67451602000006, -6.834262731999956], [110.67528116300008, -6.833378555999957], [110.67549339700008, -6.833951264999939], [110.67581462400005, -6.834754588999942]]]]}}, {"type": "Feature", "properties": {"idsubsls": "3321070015002100", "idsls": "33210700150021", "nmsls": "RT 001 RW 005", "nmdesa": "TURIREJO", "nmkec": "DEMAK", "kdkec": "070", "kd_kec_bps": "3321070", "kdsubsls": "00", "subsls": null}, "geometry": {"type": "MultiPolygon", "coordinates": [[[[110.67465944400004, -6.839785096999947], [110.67465935500007, -6.839784963999932], [110.67449417400007, -6.83966769999995], [110.67424711100006, -6.839488406999976], [110.67435416900008, -6.839335608999932], [110.67445250500003, -6.839124937999941], [110.67446840600007, -6.839089638999951], [110.67458674700003, -6.839152664999972], [110.67463417500005, -6.839166365999972], [110.67466179200005, -6.839111643999956], [110.67473605400005, -6.839157690999969], [110.67511166500009, -6.839363792999961], [110.67511224700007, -6.839364054999976], [110.67537085100008, -6.839480388999959], [110.67578219900008, -6.839760721999937], [110.67571029400006, -6.839852513999972], [110.67562237200008, -6.83996538699995], [110.67553713500007, -6.840122791999931], [110.67547228900008, -6.840231273999962], [110.67538896900004, -6.840191860999937], [110.67505490900004, -6.840033343999949], [110.67485158000005, -6.839915100999974], [110.67466016300006, -6.839783629999943], [110.67465944400004, -6.839785096999947]]]]}}, {"type": "Feature", "properties": {"idsubsls": "3321070015002800", "idsls": "33210700150028", "nmsls": "RT 004 RW 006", "nmdesa": "TURIREJO", "nmkec": "DEMAK", "kdkec": "070", "kd_kec_bps": "3321070", "kdsubsls": "00", "subsls": null}, "geometry": {"type": "MultiPolygon", "coordinates": [[[[110.67415203000007, -6.836439473999974], [110.67408740300004, -6.836498246999952], [110.67390784700007, -6.836690472999976], [110.67384863700005, -6.83665012199998], [110.67363634000009, -6.836495807999938], [110.67340371300008, -6.836358986999926], [110.67308019300003, -6.836075814999958], [110.67320572500006, -6.835936880999952], [110.67317300700006, -6.835910706999925], [110.67320585600004, -6.835869645999935], [110.67324043700006, -6.835898462999978], [110.67324438900005, -6.835894088999964], [110.67338527100009, -6.835750374999975], [110.67338645700005, -6.83575052599997], [110.67362563700004, -6.835850181999945], [110.67388331500007, -6.836127459999943], [110.67403429800004, -6.836336107999955], [110.67415203000007, -6.836439473999974]]]]}}, {"type": "Feature", "properties": {"idsubsls": "3321070015002300", "idsls": "33210700150023", "nmsls": "RT 003 RW 005", "nmdesa": "TURIREJO", "nmkec": "DEMAK", "kdkec": "070", "kd_kec_bps": "3321070", "kdsubsls": "00", "subsls": null}, "geometry": {"type": "MultiPolygon", "coordinates": [[[[110.67599164400008, -6.837825584999962], [110.67598562700005, -6.837820458999943], [110.67571273800007, -6.838205370999958], [110.67553599600006, -6.838544505999948], [110.67553049300005, -6.838540995999949], [110.67552950900006, -6.838542837999967], [110.67552947100006, -6.83854277699993], [110.67536199400007, -6.83842223299996], [110.67517095900007, -6.83828316499995], [110.67498271400007, -6.838134061999938], [110.67471592300006, -6.83792512399998], [110.67444558100004, -6.837730887999953], [110.67425293900004, -6.837581194999927], [110.67416944400009, -6.837516314999959], [110.67438266800008, -6.837242432999972], [110.67445388900006, -6.837307377999934], [110.67452880100006, -6.837205300999926], [110.67460467600006, -6.837210070999959], [110.67614124100004, -6.837306678999937], [110.67630533100004, -6.837440995999941], [110.67615134000005, -6.83763989299996], [110.67599265000007, -6.837822677999952], [110.67599164400008, -6.837825584999962]]]]}}, {"type": "Feature", "properties": {"idsubsls": "3321070015002500", "idsls": "33210700150025", "nmsls": "RT 001 RW 006", "nmdesa": "TURIREJO", "nmkec": "DEMAK", "kdkec": "070", "kd_kec_bps": "3321070", "kdsubsls": "00", "subsls": null}, "geometry": {"type": "MultiPolygon", "coordinates": [[[[110.67237187900008, -6.834628338999948], [110.67238510000004, -6.834604512999931], [110.67241691100008, -6.834543470999961], [110.67248935200007, -6.834404463999931], [110.67248916300008, -6.834404327999948], [110.67270283900007, -6.834045438999965], [110.67289283700006, -6.834195819999934], [110.67336410100006, -6.833729052999956], [110.67375873900005, -6.833315812999956], [110.67377370000008, -6.833300276999978], [110.67410572600005, -6.832955485999946], [110.67436562100005, -6.832698597999979], [110.67453963400004, -6.832490393999933], [110.67460845900007, -6.832408044999966], [110.67480693600004, -6.832216946999949], [110.67526246800008, -6.833328108999979], [110.67528116300008, -6.833378555999957], [110.67451602000006, -6.834262731999956], [110.67384617300007, -6.834997265999959], [110.67391581700008, -6.835047822999968], [110.67354798400004, -6.835561506999966], [110.67319969500005, -6.835288396999943], [110.67293995200004, -6.835098892999952], [110.67279960400003, -6.835038254999972], [110.67283630700007, -6.834979209999972], [110.67266033200008, -6.834843121999938], [110.67265096000006, -6.834856242999933], [110.67263389000004, -6.834795473999975], [110.67257990300004, -6.834763081999938], [110.67257627800007, -6.834760733999929], [110.67253410300009, -6.834830655999951], [110.67246029700004, -6.834783208999966], [110.67249761300008, -6.834709780999958], [110.67237187900008, -6.834628338999948]]]]}}, {"type": "Feature", "properties": {"idsubsls": "3321070015002200", "idsls": "33210700150022", "nmsls": "RT 002 RW 005", "nmdesa": "TURIREJO", "nmkec": "DEMAK", "kdkec": "070", "kd_kec_bps": "3321070", "kdsubsls": "00", "subsls": null}, "geometry": {"type": "MultiPolygon", "coordinates": [[[[110.67553599600006, -6.838544505999948], [110.67585429200005, -6.838747542999954], [110.67612506300009, -6.83890639599997], [110.67636444900006, -6.839004171999932], [110.67668714800004, -6.839162623999925], [110.67648348800009, -6.839502771999946], [110.67645384900004, -6.839487430999952], [110.67607934200004, -6.839462886999968], [110.67608668600008, -6.83945145399997], [110.67601546700007, -6.839312063999955], [110.67594218000005, -6.839211143999933], [110.67580401600009, -6.839127044999941], [110.67582444000004, -6.839072980999958], [110.67574634800008, -6.839032131999943], [110.67559016200005, -6.838943226999959], [110.67537866400005, -6.838826057999938], [110.67538176400006, -6.838819423999951], [110.67552950900006, -6.838542837999967], [110.67553049300005, -6.838540995999949], [110.67553599600006, -6.838544505999948]]]]}}, {"type": "Feature", "properties": {"idsubsls": "3321070015002600", "idsls": "33210700150026", "nmsls": "RT 002 RW 006", "nmdesa": "TURIREJO", "nmkec": "DEMAK", "kdkec": "070", "kd_kec_bps": "3321070", "kdsubsls": "00", "subsls": null}, "geometry": {"type": "MultiPolygon", "coordinates": [[[[110.67220822800004, -6.834929647999957], [110.67227275900007, -6.834806966999963], [110.67233950900004, -6.834686673999954], [110.67237187900008, -6.834628338999948], [110.67249761300008, -6.834709780999958], [110.67246029700004, -6.834783208999966], [110.67253410300009, -6.834830655999951], [110.67257627800007, -6.834760733999929], [110.67257990300004, -6.834763081999938], [110.67263389000004, -6.834795473999975], [110.67265096000006, -6.834856242999933], [110.67266033200008, -6.834843121999938], [110.67283630700007, -6.834979209999972], [110.67279960400003, -6.835038254999972], [110.67293995200004, -6.835098892999952], [110.67319969500005, -6.835288396999943], [110.67354798400004, -6.835561506999966], [110.67372298600009, -6.835698733999948], [110.67419370500005, -6.836038463999955], [110.67440677700006, -6.836213794999935], [110.67435211400004, -6.836257513999954], [110.67415203000007, -6.836439473999974], [110.67403429800004, -6.836336107999955], [110.67388331500007, -6.836127459999943], [110.67362563700004, -6.835850181999945], [110.67338645700005, -6.83575052599997], [110.67338527100009, -6.835750374999975], [110.67338690200006, -6.835748710999951], [110.67328578300004, -6.835681062999981], [110.67304266200006, -6.835538558999929], [110.67291465100004, -6.835460421999926], [110.67280051900008, -6.835357906999945], [110.67268857300007, -6.835253860999956], [110.67264089900004, -6.835216411999966], [110.67268610700006, -6.835139056999935], [110.67262284500003, -6.835086338999929], [110.67257067600008, -6.835161248999952], [110.67249671700006, -6.835103151999931], [110.67229065400005, -6.83497867899996], [110.67220822800004, -6.834929647999957]]]]}}, {"type": "Feature", "properties": {"idsubsls": "3321070015002700", "idsls": "33210700150027", "nmsls": "RT 003 RW 006", "nmdesa": "TURIREJO", "nmkec": "DEMAK", "kdkec": "070", "kd_kec_bps": "3321070", "kdsubsls": "00", "subsls": null}, "geometry": {"type": "MultiPolygon", "coordinates": [[[[110.67195333600006, -6.835430723999934], [110.67200110000005, -6.835326173999931], [110.67208812000007, -6.835159404999956], [110.67218052800007, -6.83498230999993], [110.67220822800004, -6.834929647999957], [110.67229065400005, -6.83497867899996], [110.67249671700006, -6.835103151999931], [110.67257067600008, -6.835161248999952], [110.67262284500003, -6.835086338999929], [110.67268610700006, -6.835139056999935], [110.67264089900004, -6.835216411999966], [110.67268857300007, -6.835253860999956], [110.67280051900008, -6.835357906999945], [110.67291465100004, -6.835460421999926], [110.67304266200006, -6.835538558999929], [110.67328578300004, -6.835681062999981], [110.67338690200006, -6.835748710999951], [110.67338527100009, -6.835750374999975], [110.67324438900005, -6.835894088999964], [110.67324043700006, -6.835898462999978], [110.67320585600004, -6.835869645999935], [110.67317300700006, -6.835910706999925], [110.67320572500006, -6.835936880999952], [110.67308019300003, -6.836075814999958], [110.67303366800007, -6.836035092999964], [110.67299183200004, -6.836011731999974], [110.67295343000006, -6.835990287999948], [110.67295223900004, -6.835991627999931], [110.67274142200006, -6.83584375199996], [110.67274032800009, -6.835844873999974], [110.67272051800006, -6.835830222999959], [110.67267278400004, -6.835796787999925], [110.67254289800007, -6.835965142999953], [110.67246147900005, -6.835883724999974], [110.67250136700005, -6.835822719999953], [110.67249093700008, -6.83581369999996], [110.67250384800008, -6.835797227999933], [110.67242960100003, -6.835725062999927], [110.67250026700009, -6.835619064999946], [110.67247121800006, -6.835611193999966], [110.67235970900003, -6.835580978999928], [110.67214098100004, -6.835523250999927], [110.67203615000005, -6.835487521999937], [110.67195333600006, -6.835430723999934]]]]}}, {"type": "Feature", "properties": {"idsubsls": "3321070016001300", "idsls": "33210700160013", "nmsls": "RT 006 RW 002", "nmdesa": "RAJI", "nmkec": "DEMAK", "kdkec": "070", "kd_kec_bps": "3321070", "kdsubsls": "00", "subsls": null}, "geometry": {"type": "MultiPolygon", "coordinates": [[[[110.68104889800009, -6.850645606999933], [110.68062848900007, -6.850593368999967], [110.68027091500005, -6.850533172999974], [110.68004669800007, -6.850493636999943], [110.67996178300007, -6.85048151899997], [110.67996139000007, -6.850481746999947], [110.67996151300008, -6.850481358999957], [110.67965866300005, -6.850409227999933], [110.67943601400009, -6.850336521999964], [110.67943598300008, -6.850336528999946], [110.67943629300004, -6.85033593299994], [110.67943014900004, -6.85033348199994], [110.67954822200005, -6.850057541999945], [110.67957647100008, -6.850000363999925], [110.67967304700005, -6.849804879999965], [110.67967254400008, -6.849804548999941], [110.67975566100006, -6.849716696999963], [110.67985391200006, -6.849560569999937], [110.67985695700008, -6.849555731999942], [110.67986073900005, -6.84954972099996], [110.67999309100009, -6.849381844999925], [110.68025006600004, -6.849146037999958], [110.68044087500004, -6.84897846399997], [110.68073363000008, -6.848792634999938], [110.68073644700007, -6.848790846999975], [110.68090763600009, -6.849212053999963], [110.68098236200007, -6.849521659999937], [110.68106591200007, -6.849867829999937], [110.68104968100005, -6.850609808999934], [110.68104889800009, -6.850645606999933]]]]}}, {"type": "Feature", "properties": {"idsubsls": "3321070016001200", "idsls": "33210700160012", "nmsls": "RT 005 RW 002", "nmdesa": "RAJI", "nmkec": "DEMAK", "kdkec": "070", "kd_kec_bps": "3321070", "kdsubsls": "00", "subsls": null}, "geometry": {"type": "MultiPolygon", "coordinates": [[[[110.67943014900004, -6.85033348199994], [110.67943629300004, -6.85033593299994], [110.67943598300008, -6.850336528999946], [110.67925805200008, -6.850679082999932], [110.67918296300007, -6.850786252999967], [110.67902321200006, -6.851043008999966], [110.67835428500007, -6.850626086999966], [110.67768608400007, -6.850227307999944], [110.67746443600004, -6.850089296999954], [110.67746443400006, -6.850089220999962], [110.67758507700006, -6.849894423999956], [110.67776684000006, -6.849592], [110.67782192700008, -6.849492037999937], [110.67831334100003, -6.849755288999972], [110.67877621000008, -6.850013506999971], [110.67918379700006, -6.850235219999945], [110.67943014900004, -6.85033348199994]]]]}}, {"type": "Feature", "properties": {"idsubsls": "3321070016001700", "idsls": "33210700160017", "nmsls": "RT 003 RW 003", "nmdesa": "RAJI", "nmkec": "DEMAK", "kdkec": "070", "kd_kec_bps": "3321070", "kdsubsls": "00", "subsls": null}, "geometry": {"type": "MultiPolygon", "coordinates": [[[[110.68276382900007, -6.851271227999973], [110.68227297900006, -6.850986745999933], [110.68241382400004, -6.850742628999967], [110.68253017900008, -6.850486357999955], [110.68267634700004, -6.850126818999968], [110.68267959800005, -6.85011581599997], [110.68280377300005, -6.849695507999968], [110.68285601400004, -6.849544918999925], [110.68306699100009, -6.849222494999935], [110.68314984800008, -6.849087163999968], [110.68364423400004, -6.848279684999966], [110.68392651400006, -6.84784424999998], [110.68410003700006, -6.847572370999956], [110.68439803000007, -6.847727665999969], [110.68479012500006, -6.847802510999941], [110.68453602000005, -6.848253907999947], [110.68452414400008, -6.848275003999959], [110.68439195800005, -6.848474320999969], [110.68372970000007, -6.849316547999933], [110.68337872600006, -6.849882579999928], [110.68325474800008, -6.850488569999925], [110.68280865100007, -6.851249862999964], [110.68279188700006, -6.851239761999977], [110.68276382900007, -6.851271227999973]]]]}}, {"type": "Feature", "properties": {"idsubsls": "3321070016001900", "idsls": "33210700160019", "nmsls": "RT 005 RW 003", "nmdesa": "RAJI", "nmkec": "DEMAK", "kdkec": "070", "kd_kec_bps": "3321070", "kdsubsls": "00", "subsls": null}, "geometry": {"type": "MultiPolygon", "coordinates": [[[[110.68154660700009, -6.849652911999954], [110.68154629200006, -6.849653642999954], [110.68142547100007, -6.849626630999978], [110.68134151800007, -6.849606741999935], [110.68131126300005, -6.849599574999957], [110.68126625500008, -6.84939452499998], [110.68114791600004, -6.849105635999933], [110.68104148700007, -6.848813204999942], [110.68099429000006, -6.848686738999959], [110.68104921200006, -6.848676919999946], [110.68117994400006, -6.848558689999948], [110.68127802200007, -6.848399041999926], [110.68139229600007, -6.848212280999974], [110.68147371500004, -6.848252324999976], [110.68158341800006, -6.848092386999951], [110.68169961300003, -6.848210815999948], [110.68177352200007, -6.848122828999976], [110.68164570900007, -6.848001569999951], [110.68164659500007, -6.848000278999962], [110.68190982100003, -6.847752779999951], [110.68211102300006, -6.847388673999944], [110.68229763600004, -6.847495786999957], [110.68262278300006, -6.846913977999975], [110.68262288100004, -6.84691380199996], [110.68263308200005, -6.846918599999981], [110.68263624200006, -6.846920018999981], [110.68263627200008, -6.846920100999967], [110.68341882600004, -6.847288190999961], [110.68325082800004, -6.847561109999958], [110.68254536100005, -6.848683859999937], [110.68243778100003, -6.848612084999957], [110.68225935200007, -6.848814664999963], [110.68172013400005, -6.849250461999929], [110.68154660700009, -6.849652911999954]]]]}}, {"type": "Feature", "properties": {"idsubsls": "3321070016001800", "idsls": "33210700160018", "nmsls": "RT 004 RW 003", "nmdesa": "RAJI", "nmkec": "DEMAK", "kdkec": "070", "kd_kec_bps": "3321070", "kdsubsls": "00", "subsls": null}, "geometry": {"type": "MultiPolygon", "coordinates": [[[[110.68314984800008, -6.849087163999968], [110.68306699100009, -6.849222494999935], [110.68285601400004, -6.849544918999925], [110.68280377300005, -6.849695507999968], [110.68267959800005, -6.85011581599997], [110.68241086100005, -6.849978766999925], [110.68210065900007, -6.849844152999935], [110.68179078500009, -6.849723867999955], [110.68154660700009, -6.849652911999954], [110.68172013400005, -6.849250461999929], [110.68225935200007, -6.848814664999963], [110.68243778100003, -6.848612084999957], [110.68254536100005, -6.848683859999937], [110.68314984800008, -6.849087163999968]]]]}}, {"type": "Feature", "properties": {"idsubsls": "3321070016001100", "idsls": "33210700160011", "nmsls": "RT 004 RW 002", "nmdesa": "RAJI", "nmkec": "DEMAK", "kdkec": "070", "kd_kec_bps": "3321070", "kdsubsls": "00", "subsls": null}, "geometry": {"type": "MultiPolygon", "coordinates": [[[[110.67957647100008, -6.850000363999925], [110.67954822200005, -6.850057541999945], [110.67943014900004, -6.85033348199994], [110.67918379700006, -6.850235219999945], [110.67877621000008, -6.850013506999971], [110.67831334100003, -6.849755288999972], [110.67782192700008, -6.849492037999937], [110.67776684000006, -6.849592], [110.67758507700006, -6.849894423999956], [110.67746443400006, -6.850089220999962], [110.67746443600004, -6.850089296999954], [110.67746426500008, -6.850089190999938], [110.67723825400009, -6.850467379999941], [110.67723361800006, -6.85046456699996], [110.67657278400009, -6.850091532999954], [110.67665008300008, -6.849539344999926], [110.67673833400005, -6.84899838399997], [110.67681232900009, -6.848591409999926], [110.67711555200009, -6.848761683999953], [110.67779051200006, -6.849101895999979], [110.67797470900007, -6.849209254999948], [110.67809521200007, -6.849294721999968], [110.67824787600006, -6.849400129999935], [110.67842944100005, -6.849503499999969], [110.67860957700009, -6.849574506999943], [110.67883449400006, -6.849674816999936], [110.67891489600004, -6.849724671999979], [110.67900161600005, -6.84973047699998], [110.67904487900006, -6.849627310999949], [110.67908105000004, -6.849647656999934], [110.67920764700006, -6.849715476999961], [110.67914836400007, -6.849837191999939], [110.67916017300007, -6.849906502999943], [110.67918051900006, -6.849969801999976], [110.67929807400009, -6.850037621999945], [110.67932294200006, -6.850044403999959], [110.67939980400007, -6.850046664999979], [110.67949701300006, -6.849992408999981], [110.67952046600004, -6.849978336999925], [110.67957647100008, -6.850000363999925]]]]}}, {"type": "Feature", "properties": {"idsubsls": "3321070016001400", "idsls": "33210700160014", "nmsls": "RT 007 RW 002", "nmdesa": "RAJI", "nmkec": "DEMAK", "kdkec": "070", "kd_kec_bps": "3321070", "kdsubsls": "00", "subsls": null}, "geometry": {"type": "MultiPolygon", "coordinates": [[[[110.67985695700008, -6.849555731999942], [110.67985391200006, -6.849560569999937], [110.67975566100006, -6.849716696999963], [110.67967254400008, -6.849804548999941], [110.67926870400004, -6.849539142999959], [110.67889021200006, -6.849288667999929], [110.67867231600007, -6.849178891999941], [110.67858367700006, -6.849175749999972], [110.67850643800006, -6.849188887999958], [110.67844048700005, -6.849138014999937], [110.67820783000008, -6.84900066299997], [110.67805843400004, -6.848977887999979], [110.67685648800006, -6.848348529999953], [110.67685497600007, -6.848356846999934], [110.67685291900005, -6.848350955999933], [110.67692076400004, -6.847966188999976], [110.67692297100007, -6.847967289999929], [110.67833709100006, -6.848672558999965], [110.67864795500009, -6.84888435299996], [110.67903581100006, -6.849046929999929], [110.67928576300005, -6.849150940999948], [110.67945722100006, -6.849261580999951], [110.67952018500006, -6.849171220999949], [110.67954335700006, -6.849146917999974], [110.67957218000004, -6.849161612999978], [110.67962474100005, -6.849178002999963], [110.67966317200006, -6.849204565999969], [110.67966599800008, -6.849227171999928], [110.67964226100008, -6.849299513999938], [110.67962813200006, -6.849357725999937], [110.67965695500004, -6.849439109999935], [110.67985695700008, -6.849555731999942]]]]}}, {"type": "Feature", "properties": {"idsubsls": "3321070009003721", "idsls": "33210700090037", "nmsls": "RT 003 RW 005", "nmdesa": "BINTORO", "nmkec": "DEMAK", "kdkec": "070", "kd_kec_bps": "3321070", "kdsubsls": "21", "subsls": null}, "geometry": {"type": "MultiPolygon", "coordinates": [[[[110.64229973400006, -6.890265994999936], [110.64230180400006, -6.890267827999935], [110.64255369300008, -6.890493955999943], [110.64264015100008, -6.890675691999945], [110.64265000200004, -6.890844805999961], [110.64250217900008, -6.890842212999928], [110.64249644600005, -6.890883953999946], [110.64245064800008, -6.891012045999958], [110.64228972200004, -6.89123174499997], [110.64215365300004, -6.89141750899995], [110.64215296100008, -6.891416892999928], [110.64192253900006, -6.891685239999958], [110.64171358600004, -6.891819771999963], [110.64166206300007, -6.89188202899993], [110.64153898100005, -6.891962890999935], [110.64143021100006, -6.892065935999938], [110.64134577100003, -6.892196173999935], [110.64133837200006, -6.892201], [110.64133758200006, -6.892200703999947], [110.64128890700005, -6.892304516999957], [110.64125255900007, -6.892281884999932], [110.64112434200007, -6.892219420999936], [110.64101420700007, -6.892153667999935], [110.64090407200007, -6.892022163999968], [110.64081859400005, -6.891928465999968], [110.64065092500005, -6.891714770999954], [110.64058188500007, -6.891640799999948], [110.64053119300007, -6.891599998999936], [110.64061927100005, -6.891464091999978], [110.64067898100006, -6.891544826999962], [110.64075005800004, -6.891640930999927], [110.64081857200006, -6.891736769999966], [110.64081515000004, -6.891740456999969], [110.64087903000006, -6.891813594999974], [110.64091428500006, -6.891781148999939], [110.64165652300005, -6.89130279799997], [110.64187301200008, -6.891226733999929], [110.64199312300008, -6.891238294999937], [110.64211066400009, -6.891337136999937], [110.64221223000004, -6.891243546999931], [110.64236578200007, -6.89110205399993], [110.64217673000007, -6.890940968999928], [110.64206559200005, -6.890865069999961], [110.64216859800007, -6.89073224599997], [110.64208456700004, -6.890646858999958], [110.64224178700005, -6.890430002999949], [110.64221061400008, -6.890377143999956], [110.64229973400006, -6.890265994999936]]]]}}, {"type": "Feature", "properties": {"idsubsls": "3321070009003705", "idsls": "33210700090037", "nmsls": "RT 003 RW 005", "nmdesa": "BINTORO", "nmkec": "DEMAK", "kdkec": "070", "kd_kec_bps": "3321070", "kdsubsls": "05", "subsls": null}, "geometry": {"type": "MultiPolygon", "coordinates": [[[[110.64103408400007, -6.890818575999958], [110.64115598400008, -6.890626191999957], [110.64124185300005, -6.890490673999977], [110.64140543200006, -6.89062542299996], [110.64116533200007, -6.890945818999967], [110.64103408400007, -6.890818575999958]]]]}}, {"type": "Feature", "properties": {"idsubsls": "3321070009003717", "idsls": "33210700090037", "nmsls": "RT 003 RW 005", "nmdesa": "BINTORO", "nmkec": "DEMAK", "kdkec": "070", "kd_kec_bps": "3321070", "kdsubsls": "17", "subsls": null}, "geometry": {"type": "MultiPolygon", "coordinates": [[[[110.64209148300006, -6.890081524999971], [110.64220716300008, -6.890183994999973], [110.64212387200007, -6.890278203999969], [110.64208321100006, -6.890331061999973], [110.64193193200003, -6.89052806899997], [110.64180226400003, -6.890427153999951], [110.64195717400008, -6.890249359999927], [110.64209148300006, -6.890081524999971]]]]}}, {"type": "Feature", "properties": {"idsubsls": "3321070009003715", "idsls": "33210700090037", "nmsls": "RT 003 RW 005", "nmdesa": "BINTORO", "nmkec": "DEMAK", "kdkec": "070", "kd_kec_bps": "3321070", "kdsubsls": "15", "subsls": null}, "geometry": {"type": "MultiPolygon", "coordinates": [[[[110.64180226400003, -6.890427153999951], [110.64193193200003, -6.89052806899997], [110.64165915400008, -6.890834427999948], [110.64151733800009, -6.890717605999953], [110.64158847400006, -6.890675923999936], [110.64158675900006, -6.890674495999974], [110.64180226400003, -6.890427153999951]]]]}}, {"type": "Feature", "properties": {"idsubsls": "3321070009003702", "idsls": "33210700090037", "nmsls": "RT 003 RW 005", "nmdesa": "BINTORO", "nmkec": "DEMAK", "kdkec": "070", "kd_kec_bps": "3321070", "kdsubsls": "02", "subsls": null}, "geometry": {"type": "MultiPolygon", "coordinates": [[[[110.64205070600008, -6.890045404999967], [110.64209148300006, -6.890081524999971], [110.64195717400008, -6.890249359999927], [110.64180226400003, -6.890427153999951], [110.64166467500007, -6.890320072999941], [110.64181349700004, -6.890156221999973], [110.64186093400008, -6.890092520999929], [110.64196524900007, -6.889969707999967], [110.64205070600008, -6.890045404999967]]]]}}, {"type": "Feature", "properties": {"idsubsls": "3321070009003706", "idsls": "33210700090037", "nmsls": "RT 003 RW 005", "nmdesa": "BINTORO", "nmkec": "DEMAK", "kdkec": "070", "kd_kec_bps": "3321070", "kdsubsls": "06", "subsls": null}, "geometry": {"type": "MultiPolygon", "coordinates": [[[[110.64116533200007, -6.890945818999967], [110.64140543200006, -6.89062542299996], [110.64151733800009, -6.890717605999953], [110.64146686300006, -6.890836207999939], [110.64146377500003, -6.890834120999955], [110.64127816100006, -6.891043945999968], [110.64127279900003, -6.891050006999933], [110.64116533200007, -6.890945818999967]]]]}}, {"type": "Feature", "properties": {"idsubsls": "3321070009003713", "idsls": "33210700090037", "nmsls": "RT 003 RW 005", "nmdesa": "BINTORO", "nmkec": "DEMAK", "kdkec": "070", "kd_kec_bps": "3321070", "kdsubsls": "13", "subsls": null}, "geometry": {"type": "MultiPolygon", "coordinates": [[[[110.64151733800009, -6.890717605999953], [110.64165915400008, -6.890834427999948], [110.64140342300004, -6.891128201999948], [110.64127816100006, -6.891043945999968], [110.64146377500003, -6.890834120999955], [110.64146686300006, -6.890836207999939], [110.64151733800009, -6.890717605999953]]]]}}, {"type": "Feature", "properties": {"idsubsls": "3321070009003709", "idsls": "33210700090037", "nmsls": "RT 003 RW 005", "nmdesa": "BINTORO", "nmkec": "DEMAK", "kdkec": "070", "kd_kec_bps": "3321070", "kdsubsls": "09", "subsls": null}, "geometry": {"type": "MultiPolygon", "coordinates": [[[[110.64127279900003, -6.891050006999933], [110.64127816100006, -6.891043945999968], [110.64140342300004, -6.891128201999948], [110.64112574700005, -6.891405825999925], [110.64103011700007, -6.891324342999951], [110.64127279900003, -6.891050006999933]]]]}}, {"type": "Feature", "properties": {"idsubsls": "3321070009003701", "idsls": "33210700090037", "nmsls": "RT 003 RW 005", "nmdesa": "BINTORO", "nmkec": "DEMAK", "kdkec": "070", "kd_kec_bps": "3321070", "kdsubsls": "01", "subsls": null}, "geometry": {"type": "MultiPolygon", "coordinates": [[[[110.64175457600004, -6.889861130999975], [110.64180114100009, -6.889821966999932], [110.64183809900004, -6.889857077999977], [110.64196524900007, -6.889969707999967], [110.64186093400008, -6.890092520999929], [110.64181349700004, -6.890156221999973], [110.64166467500007, -6.890320072999941], [110.64163725500003, -6.890298732999952], [110.64150839200005, -6.890198444999953], [110.64161497100008, -6.890071882999962], [110.64161215000007, -6.890067787999953], [110.64168611600007, -6.889960463999955], [110.64175457600004, -6.889861130999975]]]]}}, {"type": "Feature", "properties": {"idsubsls": "3321070009003703", "idsls": "33210700090037", "nmsls": "RT 003 RW 005", "nmdesa": "BINTORO", "nmkec": "DEMAK", "kdkec": "070", "kd_kec_bps": "3321070", "kdsubsls": "03", "subsls": null}, "geometry": {"type": "MultiPolygon", "coordinates": [[[[110.64123964800007, -6.890489965999961], [110.64129637700006, -6.89043272999993], [110.64139427500004, -6.890333958999975], [110.64146293200008, -6.890252428999929], [110.64150839200005, -6.890198444999953], [110.64163725500003, -6.890298732999952], [110.64166467500007, -6.890320072999941], [110.64140543200006, -6.89062542299996], [110.64124185300005, -6.890490673999977], [110.64123964800007, -6.890489965999961]]]]}}, {"type": "Feature", "properties": {"idsubsls": "3321070009003707", "idsls": "33210700090037", "nmsls": "RT 003 RW 005", "nmdesa": "BINTORO", "nmkec": "DEMAK", "kdkec": "070", "kd_kec_bps": "3321070", "kdsubsls": "07", "subsls": null}, "geometry": {"type": "MultiPolygon", "coordinates": [[[[110.64061927100005, -6.891464091999978], [110.64063240500008, -6.891443826999932], [110.64063523000004, -6.89143946799993], [110.64063901000009, -6.89144208099998], [110.64082458200005, -6.891149211999959], [110.64086344200007, -6.891087882999955], [110.64099663800005, -6.890877672999977], [110.64100689700007, -6.890861480999945], [110.64103408400007, -6.890818575999958], [110.64116533200007, -6.890945818999967], [110.64067898100006, -6.891544826999962], [110.64061927100005, -6.891464091999978]]]]}}, {"type": "Feature", "properties": {"idsubsls": "3321070009003710", "idsls": "33210700090037", "nmsls": "RT 003 RW 005", "nmdesa": "BINTORO", "nmkec": "DEMAK", "kdkec": "070", "kd_kec_bps": "3321070", "kdsubsls": "10", "subsls": null}, "geometry": {"type": "MultiPolygon", "coordinates": [[[[110.64081857200006, -6.891736769999966], [110.64075005800004, -6.891640930999927], [110.64103011700007, -6.891324342999951], [110.64112574700005, -6.891405825999925], [110.64081857200006, -6.891736769999966]]]]}}, {"type": "Feature", "properties": {"idsubsls": "3321070009003720", "idsls": "33210700090037", "nmsls": "RT 003 RW 005", "nmdesa": "BINTORO", "nmkec": "DEMAK", "kdkec": "070", "kd_kec_bps": "3321070", "kdsubsls": "20", "subsls": null}, "geometry": {"type": "MultiPolygon", "coordinates": [[[[110.64221223000004, -6.891243546999931], [110.64211066400009, -6.891337136999937], [110.64199312300008, -6.891238294999937], [110.64187301200008, -6.891226733999929], [110.64165652300005, -6.89130279799997], [110.64091428500006, -6.891781148999939], [110.64122770300008, -6.891492699999958], [110.64142847500005, -6.891307923999932], [110.64153071800007, -6.891213826999945], [110.64174030800007, -6.891020934999972], [110.64178795600009, -6.890940528999977], [110.64182705000007, -6.890874556999961], [110.64221223000004, -6.891243546999931]]]]}}, {"type": "Feature", "properties": {"idsubsls": "3321070009003711", "idsls": "33210700090037", "nmsls": "RT 003 RW 005", "nmdesa": "BINTORO", "nmkec": "DEMAK", "kdkec": "070", "kd_kec_bps": "3321070", "kdsubsls": "11", "subsls": null}, "geometry": {"type": "MultiPolygon", "coordinates": [[[[110.64091428500006, -6.891781148999939], [110.64087903000006, -6.891813594999974], [110.64081515000004, -6.891740456999969], [110.64081857200006, -6.891736769999966], [110.64112574700005, -6.891405825999925], [110.64122770300008, -6.891492699999958], [110.64091428500006, -6.891781148999939]]]]}}, {"type": "Feature", "properties": {"idsubsls": "3321070009003708", "idsls": "33210700090037", "nmsls": "RT 003 RW 005", "nmdesa": "BINTORO", "nmkec": "DEMAK", "kdkec": "070", "kd_kec_bps": "3321070", "kdsubsls": "08", "subsls": null}, "geometry": {"type": "MultiPolygon", "coordinates": [[[[110.64075005800004, -6.891640930999927], [110.64067898100006, -6.891544826999962], [110.64116533200007, -6.890945818999967], [110.64127279900003, -6.891050006999933], [110.64103011700007, -6.891324342999951], [110.64075005800004, -6.891640930999927]]]]}}, {"type": "Feature", "properties": {"idsubsls": "3321070009003718", "idsls": "33210700090037", "nmsls": "RT 003 RW 005", "nmdesa": "BINTORO", "nmkec": "DEMAK", "kdkec": "070", "kd_kec_bps": "3321070", "kdsubsls": "18", "subsls": null}, "geometry": {"type": "MultiPolygon", "coordinates": [[[[110.64220716300008, -6.890183994999973], [110.64229973400006, -6.890265994999936], [110.64221061400008, -6.890377143999956], [110.64224178700005, -6.890430002999949], [110.64208456700004, -6.890646858999958], [110.64204546700006, -6.890616428999977], [110.64193193200003, -6.89052806899997], [110.64208321100006, -6.890331061999973], [110.64212387200007, -6.890278203999969], [110.64220716300008, -6.890183994999973]]]]}}, {"type": "Feature", "properties": {"idsubsls": "3321070009003714", "idsls": "33210700090037", "nmsls": "RT 003 RW 005", "nmdesa": "BINTORO", "nmkec": "DEMAK", "kdkec": "070", "kd_kec_bps": "3321070", "kdsubsls": "14", "subsls": null}, "geometry": {"type": "MultiPolygon", "coordinates": [[[[110.64140342300004, -6.891128201999948], [110.64165915400008, -6.890834427999948], [110.64178795600009, -6.890940528999977], [110.64174030800007, -6.891020934999972], [110.64153071800007, -6.891213826999945], [110.64140342300004, -6.891128201999948]]]]}}, {"type": "Feature", "properties": {"idsubsls": "3321070009003716", "idsls": "33210700090037", "nmsls": "RT 003 RW 005", "nmdesa": "BINTORO", "nmkec": "DEMAK", "kdkec": "070", "kd_kec_bps": "3321070", "kdsubsls": "16", "subsls": null}, "geometry": {"type": "MultiPolygon", "coordinates": [[[[110.64165915400008, -6.890834427999948], [110.64193193200003, -6.89052806899997], [110.64204546700006, -6.890616428999977], [110.64182705000007, -6.890874556999961], [110.64178795600009, -6.890940528999977], [110.64165915400008, -6.890834427999948]]]]}}, {"type": "Feature", "properties": {"idsubsls": "3321070012003703", "idsls": "33210700120037", "nmsls": "RT 07 RW 05 DUSUN GESIK", "nmdesa": "BANGO", "nmkec": "DEMAK", "kdkec": "070", "kd_kec_bps": "3321070", "kdsubsls": "03", "subsls": null}, "geometry": {"type": "MultiPolygon", "coordinates": [[[[110.67273857700008, -6.883182397999974], [110.67275763900005, -6.883517887999972], [110.67213786100007, -6.883698186999936], [110.67200486300004, -6.88331706699995], [110.67273857700008, -6.883182397999974]]]]}}, {"type": "Feature", "properties": {"idsubsls": "3321070004100103", "idsls": "33210700041001", "nmsls": "SAWAH", "nmdesa": "MANGUNJIWAN", "nmkec": "DEMAK", "kdkec": "070", "kd_kec_bps": "3321070", "kdsubsls": "03", "subsls": null}, "geometry": {"type": "MultiPolygon", "coordinates": [[[[110.61667947500007, -6.890359349999926], [110.61474634100006, -6.889397407999979], [110.61508023800008, -6.888704570999948], [110.61701432600006, -6.889719699999944], [110.61667947500007, -6.890359349999926]]]]}}, {"type": "Feature", "properties": {"idsubsls": "3321070004100110", "idsls": "33210700041001", "nmsls": "SAWAH", "nmdesa": "MANGUNJIWAN", "nmkec": "DEMAK", "kdkec": "070", "kd_kec_bps": "3321070", "kdsubsls": "10", "subsls": null}, "geometry": {"type": "MultiPolygon", "coordinates": [[[[110.62710527800004, -6.894829930999947], [110.62640642700006, -6.894488796999951], [110.62626835800006, -6.894914510999968], [110.62625078900004, -6.89490576399993], [110.62604112200006, -6.895385509999926], [110.62613259600005, -6.895431076999955], [110.62597858100008, -6.895831018999957], [110.62588427600008, -6.896048204999943], [110.62583569500003, -6.896148224999934], [110.62580711800007, -6.896276821999948], [110.62578425700008, -6.896359694999944], [110.62573853300006, -6.896514010999965], [110.62442978000007, -6.895892494999941], [110.62674353600005, -6.890816305999977], [110.62782277800005, -6.891713893999963], [110.62763043800004, -6.891938290999974], [110.62723507200008, -6.891724579999959], [110.62708547400007, -6.891874177999966], [110.62749691800008, -6.892165483999975], [110.62733110700009, -6.892597649999971], [110.62733788200006, -6.89260268299995], [110.62733485500007, -6.89260515999996], [110.62729221100005, -6.892697555999973], [110.62719270800005, -6.893092013999933], [110.62691196800006, -6.892942758999936], [110.62677692800008, -6.893291019999936], [110.62839830500008, -6.894099953999955], [110.62824795600005, -6.894553949999931], [110.62818043600004, -6.894822251999926], [110.62738085900008, -6.894353166999963], [110.62722805100009, -6.894601923999971], [110.62710527800004, -6.894829930999947]]]]}}, {"type": "Feature", "properties": {"idsubsls": "3321070004100105", "idsls": "33210700041001", "nmsls": "SAWAH", "nmdesa": "MANGUNJIWAN", "nmkec": "DEMAK", "kdkec": "070", "kd_kec_bps": "3321070", "kdsubsls": "05", "subsls": null}, "geometry": {"type": "MultiPolygon", "coordinates": [[[[110.62220098600005, -6.897755943999925], [110.62160358000006, -6.89740471999994], [110.62054325000008, -6.89688633999998], [110.62034912300004, -6.896783806999963], [110.62100538600004, -6.895624811999937], [110.62142212300006, -6.895924007999952], [110.62177578000006, -6.895169630999931], [110.62420110500005, -6.896511214999975], [110.62369434800007, -6.89774598799994], [110.62369036500007, -6.897744263999925], [110.62357221900004, -6.898027812999942], [110.62356598600007, -6.898025003999976], [110.62351978800007, -6.898144051999964], [110.62287919900007, -6.897865338999964], [110.62294641800008, -6.897625270999981], [110.62259116300004, -6.89747301899996], [110.62251903500004, -6.897708636999937], [110.62250699000003, -6.89770339599994], [110.62240964500006, -6.897878617999936], [110.62220098600005, -6.897755943999925]]]]}}, {"type": "Feature", "properties": {"idsubsls": "3321070004100109", "idsls": "33210700041001", "nmsls": "SAWAH", "nmdesa": "MANGUNJIWAN", "nmkec": "DEMAK", "kdkec": "070", "kd_kec_bps": "3321070", "kdsubsls": "09", "subsls": null}, "geometry": {"type": "MultiPolygon", "coordinates": [[[[110.62429040000006, -6.896293636999928], [110.62488871300008, -6.896541800999955], [110.62592216300004, -6.897014331999969], [110.62602074800009, -6.897010931999944], [110.62618434200004, -6.896692708999979], [110.62718540700007, -6.897215653999979], [110.62722094300005, -6.897492840999973], [110.62695086400004, -6.897485733999929], [110.62690822000008, -6.897588789999929], [110.62690482600004, -6.897591640999963], [110.62690999700004, -6.897575463999942], [110.62588653700004, -6.897113485999967], [110.62563835100008, -6.897755224999969], [110.62563778000003, -6.897754924999958], [110.62541034500003, -6.898195580999925], [110.62532630300007, -6.898452461999966], [110.62369434800007, -6.89774598799994], [110.62420110500005, -6.896511214999975], [110.62429040000006, -6.896293636999928]]]]}}, {"type": "Feature", "properties": {"idsubsls": "3321070004100108", "idsls": "33210700041001", "nmsls": "SAWAH", "nmdesa": "MANGUNJIWAN", "nmkec": "DEMAK", "kdkec": "070", "kd_kec_bps": "3321070", "kdsubsls": "08", "subsls": null}, "geometry": {"type": "MultiPolygon", "coordinates": [[[[110.62442978000007, -6.895892494999941], [110.62429040000006, -6.896293636999928], [110.62420110500005, -6.896511214999975], [110.62177578000006, -6.895169630999931], [110.62202366900004, -6.894589465999957], [110.62204745500009, -6.894566322999935], [110.62220152900005, -6.894131613999946], [110.62455083000009, -6.889070185999969], [110.62674353600005, -6.890816305999977], [110.62442978000007, -6.895892494999941]]]]}}, {"type": "Feature", "properties": {"idsubsls": "3321070004100107", "idsls": "33210700041001", "nmsls": "SAWAH", "nmdesa": "MANGUNJIWAN", "nmkec": "DEMAK", "kdkec": "070", "kd_kec_bps": "3321070", "kdsubsls": "07", "subsls": null}, "geometry": {"type": "MultiPolygon", "coordinates": [[[[110.62220152900005, -6.894131613999946], [110.62095051100005, -6.893424516999971], [110.62090779400006, -6.893461301999935], [110.62050228800007, -6.893256479999934], [110.62137124400004, -6.891358982999975], [110.62310527400007, -6.887919044999933], [110.62455083000009, -6.889070185999969], [110.62220152900005, -6.894131613999946]]]]}}, {"type": "Feature", "properties": {"idsubsls": "3321070004100111", "idsls": "33210700041001", "nmsls": "SAWAH", "nmdesa": "MANGUNJIWAN", "nmkec": "DEMAK", "kdkec": "070", "kd_kec_bps": "3321070", "kdsubsls": "11", "subsls": null}, "geometry": {"type": "MultiPolygon", "coordinates": [[[[110.62880466000007, -6.893111789999978], [110.62749691800008, -6.892165483999975], [110.62708547400007, -6.891874177999966], [110.62723507200008, -6.891724579999959], [110.62763043800004, -6.891938290999974], [110.62782277800005, -6.891713893999963], [110.62674353600005, -6.890816305999977], [110.62817142100005, -6.888232797999933], [110.62832061500006, -6.888294961999975], [110.62821182800008, -6.888664837999954], [110.62838046800005, -6.888746522999952], [110.62828803800005, -6.88908523899994], [110.62843196200004, -6.889232715999981], [110.62853632000008, -6.889321154999948], [110.62842263400006, -6.889466814999935], [110.62805660500004, -6.890099369999973], [110.62870337400005, -6.89051870399993], [110.62980484300004, -6.891306081999971], [110.62954381900005, -6.891702966999958], [110.62926663200005, -6.892198704999942], [110.62903208900008, -6.892669566999928], [110.62903027700008, -6.892673090999949], [110.62880466000007, -6.893111789999978]]]]}}, {"type": "Feature", "properties": {"idsubsls": "3321070009003712", "idsls": "33210700090037", "nmsls": "RT 003 RW 005", "nmdesa": "BINTORO", "nmkec": "DEMAK", "kdkec": "070", "kd_kec_bps": "3321070", "kdsubsls": "12", "subsls": null}, "geometry": {"type": "MultiPolygon", "coordinates": [[[[110.64112574700005, -6.891405825999925], [110.64140342300004, -6.891128201999948], [110.64153071800007, -6.891213826999945], [110.64142847500005, -6.891307923999932], [110.64122770300008, -6.891492699999958], [110.64112574700005, -6.891405825999925]]]]}}, {"type": "Feature", "properties": {"idsubsls": "3321070009003719", "idsls": "33210700090037", "nmsls": "RT 003 RW 005", "nmdesa": "BINTORO", "nmkec": "DEMAK", "kdkec": "070", "kd_kec_bps": "3321070", "kdsubsls": "19", "subsls": null}, "geometry": {"type": "MultiPolygon", "coordinates": [[[[110.64208456700004, -6.890646858999958], [110.64216859800007, -6.89073224599997], [110.64206559200005, -6.890865069999961], [110.64217673000007, -6.890940968999928], [110.64236578200007, -6.89110205399993], [110.64221223000004, -6.891243546999931], [110.64182705000007, -6.890874556999961], [110.64204546700006, -6.890616428999977], [110.64208456700004, -6.890646858999958]]]]}}, {"type": "Feature", "properties": {"idsubsls": "3321080015000200", "idsls": "33210800150002", "nmsls": "RT 002 RW 001", "nmdesa": "KARANGREJO", "nmkec": "WONOSALAM", "kdkec": "080", "kd_kec_bps": "3321080", "kdsubsls": "00", "subsls": null}, "geometry": {"type": "MultiPolygon", "coordinates": [[[[110.59611034600005, -6.91480792599998], [110.59601, -6.91476], [110.59600569000008, -6.914757909999935], [110.59599814000006, -6.914771729999927], [110.59531417000005, -6.914422029999969], [110.59531, -6.91442], [110.59513061500007, -6.914328225999952], [110.59515315500005, -6.913343964999967], [110.59546541700007, -6.912778918999948], [110.59638207200004, -6.913148195999952], [110.59611034600005, -6.91480792599998]]]]}}, {"type": "Feature", "properties": {"idsubsls": "3321080014002002", "idsls": "33210800140020", "nmsls": "RT 006 RW 003", "nmdesa": "WONOSALAM", "nmkec": "WONOSALAM", "kdkec": "080", "kd_kec_bps": "3321080", "kdsubsls": "02", "subsls": null}, "geometry": {"type": "MultiPolygon", "coordinates": [[[[110.63127848400006, -6.928434839999966], [110.63132751500007, -6.928458296999963], [110.63167007500005, -6.928622183999948], [110.63154361800008, -6.928833546999954], [110.63159317400005, -6.928871839999942], [110.63154749000006, -6.928960160999964], [110.63108528700008, -6.92871557899997], [110.63127848400006, -6.928434839999966]]]]}}, {"type": "Feature", "properties": {"idsubsls": "3321090027000100", "idsls": "33210900270001", "nmsls": "RT 001 RW 001", "nmdesa": "DEMPET", "nmkec": "DEMPET", "kdkec": "090", "kd_kec_bps": "3321090", "kdsubsls": "00", "subsls": null}, "geometry": {"type": "MultiPolygon", "coordinates": [[[[110.69173270200008, -6.951352567999947], [110.69178, -6.95131], [110.69193189100008, -6.951122368999961], [110.69193329200004, -6.951120638999953], [110.69193469300006, -6.951127175999943], [110.69207189400004, -6.951116621999972], [110.69226861700008, -6.951101488999939], [110.69239851400005, -6.951006013999972], [110.69251830000007, -6.950917971999957], [110.69272492500005, -6.950804450999954], [110.69276412600004, -6.950805267999954], [110.69287928100005, -6.950811800999929], [110.69294298300008, -6.950703996999948], [110.69305242100006, -6.95068929699994], [110.69341503400005, -6.950610893999965], [110.69387238500008, -6.950441020999961], [110.69388228000008, -6.95043476099994], [110.69407993700008, -6.950309711999978], [110.69429630100007, -6.950090234999948], [110.69432973500005, -6.95004247199995], [110.69435490300003, -6.950029341999937], [110.69435553800008, -6.95003014599996], [110.69445288000009, -6.950153445999945], [110.69414293500006, -6.950924334999968], [110.69412096700006, -6.950910355999952], [110.69406975700008, -6.950877580999929], [110.69400830600006, -6.950838661999967], [110.69396529000005, -6.950904209999976], [110.69390998400007, -6.950982048999947], [110.69385262900005, -6.951080370999932], [110.69394685400005, -6.951150015999929], [110.69401035400006, -6.951190983999936], [110.69401251500005, -6.951193544999967], [110.69386498700004, -6.951420510999981], [110.69385832400008, -6.951430760999926], [110.69382214900008, -6.951462271999958], [110.69382497600009, -6.951465466999935], [110.69386696700008, -6.951502337999955], [110.69391715300009, -6.951550474999976], [110.69387925800004, -6.951594514999954], [110.69383521800006, -6.951633434999962], [110.69377683900007, -6.951681571999927], [110.69373587100006, -6.95171741799993], [110.69368056500008, -6.951671329999954], [110.69364574200006, -6.951638555999978], [110.69363103400008, -6.951628749999941], [110.69341485700005, -6.95181705899995], [110.69319090600004, -6.952006670999936], [110.69283255200008, -6.95163983599997], [110.69260142700006, -6.951870960999941], [110.69260714400008, -6.951861976999965], [110.69173270200008, -6.951352567999947]]]]}}, {"type": "Feature", "properties": {"idsubsls": "3321090027000900", "idsls": "33210900270009", "nmsls": "RT 003 RW 002", "nmdesa": "DEMPET", "nmkec": "DEMPET", "kdkec": "090", "kd_kec_bps": "3321090", "kdsubsls": "00", "subsls": null}, "geometry": {"type": "MultiPolygon", "coordinates": [[[[110.69353119500005, -6.954202817999942], [110.69355496200006, -6.954159477999951], [110.69385774200003, -6.953743843999973], [110.69410271900006, -6.953845687999944], [110.69411854400005, -6.953867314999968], [110.69413653200007, -6.953833087999953], [110.69415226500007, -6.953841558999954], [110.69421557300006, -6.953864955999961], [110.69427200100006, -6.95377412199997], [110.69420318700008, -6.953738338999926], [110.69419320800006, -6.953727975999925], [110.69450179000006, -6.95320510099998], [110.69499190000005, -6.95363257799994], [110.69498728100007, -6.953638498999965], [110.69429607400008, -6.954524410999966], [110.69440061100005, -6.954668149999975], [110.69445614700004, -6.954772686999945], [110.69445614700004, -6.954815155999938], [110.69418254300007, -6.955323276999934], [110.69418254300007, -6.955330687999947], [110.69417428500009, -6.955341697999927], [110.69396922000004, -6.955643101999954], [110.69364029100007, -6.955457304999925], [110.69361828100006, -6.955423811999935], [110.69361102600004, -6.955431224999927], [110.69327683600005, -6.955256171999963], [110.69376685400005, -6.954354537999961], [110.69376310800004, -6.954352125999947], [110.69353119500005, -6.954202817999942]]]]}}, {"type": "Feature", "properties": {"idsubsls": "3321090027000300", "idsls": "33210900270003", "nmsls": "RT 003 RW 001", "nmdesa": "DEMPET", "nmkec": "DEMPET", "kdkec": "090", "kd_kec_bps": "3321090", "kdsubsls": "00", "subsls": null}, "geometry": {"type": "MultiPolygon", "coordinates": [[[[110.69377683900007, -6.951681571999927], [110.69383521800006, -6.951633434999962], [110.69387925800004, -6.951594514999954], [110.69391715300009, -6.951550474999976], [110.69386696700008, -6.951502337999955], [110.69382497600009, -6.951465466999935], [110.69382214900008, -6.951462271999958], [110.69385832400008, -6.951430760999926], [110.69386498700004, -6.951420510999981], [110.69420753800006, -6.951654447999942], [110.69433119200005, -6.951667602999976], [110.69489144700009, -6.951750906999962], [110.69526702400009, -6.951782204999972], [110.69526712700008, -6.951803174999952], [110.69524629800009, -6.952054583999939], [110.69524426000004, -6.952056350999953], [110.69524310300005, -6.952088754999977], [110.69524278700004, -6.952097598999956], [110.69524262600004, -6.952102086999957], [110.69519675200007, -6.952253710999969], [110.69488539800005, -6.952282387999958], [110.69471743000008, -6.952274193999926], [110.69453307600008, -6.952216839999949], [110.69435691500007, -6.952167678999956], [110.69416436700004, -6.952061162999939], [110.69404146400007, -6.951983323999968], [110.69403327100008, -6.951844033999976], [110.69386530300005, -6.95172522799993], [110.69377683900007, -6.951681571999927]]]]}}, {"type": "Feature", "properties": {"idsubsls": "3321090027000200", "idsls": "33210900270002", "nmsls": "RT 002 RW 001", "nmdesa": "DEMPET", "nmkec": "DEMPET", "kdkec": "090", "kd_kec_bps": "3321090", "kdsubsls": "00", "subsls": null}, "geometry": {"type": "MultiPolygon", "coordinates": [[[[110.69435553800008, -6.95003014599996], [110.69435784300003, -6.950027807999959], [110.69448128900007, -6.949963400999934], [110.69503681900005, -6.950266150999937], [110.69567167900004, -6.950230337999926], [110.69567384300007, -6.950230215999966], [110.69573264500008, -6.950690832999953], [110.69522955900004, -6.950893373999975], [110.69520669200006, -6.951458528999979], [110.69526549400007, -6.951471595999976], [110.69526702400009, -6.951782204999972], [110.69489144700009, -6.951750906999962], [110.69433119200005, -6.951667602999976], [110.69420753800006, -6.951654447999942], [110.69386498700004, -6.951420510999981], [110.69401251500005, -6.951193544999967], [110.69401035400006, -6.951190983999936], [110.69394685400005, -6.951150015999929], [110.69385262900005, -6.951080370999932], [110.69390998400007, -6.950982048999947], [110.69396529000005, -6.950904209999976], [110.69400830600006, -6.950838661999967], [110.69406975700008, -6.950877580999929], [110.69412096700006, -6.950910355999952], [110.69414293500006, -6.950924334999968], [110.69445288000009, -6.950153445999945], [110.69435553800008, -6.95003014599996]]]]}}, {"type": "Feature", "properties": {"idsubsls": "3321090016000102", "idsls": "33210900160001", "nmsls": "RT 001 RW 001", "nmdesa": "BOTOSENGON", "nmkec": "DEMPET", "kdkec": "090", "kd_kec_bps": "3321090", "kdsubsls": "02", "subsls": null}, "geometry": {"type": "MultiPolygon", "coordinates": [[[[110.69945570300007, -6.958583383999951], [110.69936293900008, -6.958685088999971], [110.69890296200003, -6.958335056999942], [110.69900322400008, -6.95821157599994], [110.69945570300007, -6.958583383999951]]]]}}, {"type": "Feature", "properties": {"idsubsls": "3321090016000106", "idsls": "33210900160001", "nmsls": "RT 001 RW 001", "nmdesa": "BOTOSENGON", "nmkec": "DEMPET", "kdkec": "090", "kd_kec_bps": "3321090", "kdsubsls": "06", "subsls": null}, "geometry": {"type": "MultiPolygon", "coordinates": [[[[110.69976390600004, -6.95947053499998], [110.69963724200005, -6.959619066999949], [110.69907966000005, -6.959143382999969], [110.69919541100006, -6.959004685999957], [110.69976390600004, -6.95947053499998]]]]}}, {"type": "Feature", "properties": {"idsubsls": "3321090016000101", "idsls": "33210900160001", "nmsls": "RT 001 RW 001", "nmdesa": "BOTOSENGON", "nmkec": "DEMPET", "kdkec": "090", "kd_kec_bps": "3321090", "kdsubsls": "01", "subsls": null}, "geometry": {"type": "MultiPolygon", "coordinates": [[[[110.69900322400008, -6.95821157599994], [110.69911612200008, -6.958072533999939], [110.69954917400008, -6.958480903999941], [110.69945570300007, -6.958583383999951], [110.69900322400008, -6.95821157599994]]]]}}, {"type": "Feature", "properties": {"idsubsls": "3321090016000103", "idsls": "33210900160001", "nmsls": "RT 001 RW 001", "nmdesa": "BOTOSENGON", "nmkec": "DEMPET", "kdkec": "090", "kd_kec_bps": "3321090", "kdsubsls": "03", "subsls": null}, "geometry": {"type": "MultiPolygon", "coordinates": [[[[110.69946209100004, -6.958685139999943], [110.69958900100005, -6.958533071999966], [110.70013760800003, -6.959032315999934], [110.70001538100007, -6.959175644999959], [110.69946209100004, -6.958685139999943]]]]}}, {"type": "Feature", "properties": {"idsubsls": "3321090016000104", "idsls": "33210900160001", "nmsls": "RT 001 RW 001", "nmdesa": "BOTOSENGON", "nmkec": "DEMPET", "kdkec": "090", "kd_kec_bps": "3321090", "kdsubsls": "04", "subsls": null}, "geometry": {"type": "MultiPolygon", "coordinates": [[[[110.70001538100007, -6.959175644999959], [110.69988420700008, -6.959329464999939], [110.69932604700006, -6.958848152999963], [110.69946209100004, -6.958685139999943], [110.70001538100007, -6.959175644999959]]]]}}, {"type": "Feature", "properties": {"idsubsls": "3321090016000105", "idsls": "33210900160001", "nmsls": "RT 001 RW 001", "nmdesa": "BOTOSENGON", "nmkec": "DEMPET", "kdkec": "090", "kd_kec_bps": "3321090", "kdsubsls": "05", "subsls": null}, "geometry": {"type": "MultiPolygon", "coordinates": [[[[110.69988420700008, -6.959329464999939], [110.69976390600004, -6.95947053499998], [110.69919541100006, -6.959004685999957], [110.69932604700006, -6.958848152999963], [110.69988420700008, -6.959329464999939]]]]}}, {"type": "Feature", "properties": {"idsubsls": "3321100011002100", "idsls": "33211000110021", "nmsls": "RT 004 RW 004", "nmdesa": "BANJARSARI", "nmkec": "GAJAH", "kdkec": "100", "kd_kec_bps": "3321100", "kdsubsls": "00", "subsls": null}, "geometry": {"type": "MultiPolygon", "coordinates": [[[[110.74863177300006, -6.892665154999975], [110.74997081800007, -6.89325966399997], [110.74997714400007, -6.893262472999936], [110.74978751700007, -6.893543527999952], [110.74978903500005, -6.893544356999939], [110.74968254400005, -6.893734283999947], [110.74941503400004, -6.894140627999946], [110.74941463900007, -6.894141526999931], [110.74941376400005, -6.894140627999946], [110.74940812100004, -6.894140063999942], [110.74925743500006, -6.894359602999941], [110.74925190800008, -6.894352295999965], [110.74844813200008, -6.89328956199995], [110.74831634600008, -6.893151646999968], [110.74835712800007, -6.893053091999946], [110.74834867800007, -6.893046050999942], [110.74862717700006, -6.892663114999948], [110.74863177300006, -6.892665154999975]]]]}}, {"type": "Feature", "properties": {"idsubsls": "3321100012001000", "idsls": "33211000120010", "nmsls": "RT 10 RW 02", "nmdesa": "BOYOLALI", "nmkec": "GAJAH", "kdkec": "100", "kd_kec_bps": "3321100", "kdsubsls": "00", "subsls": null}, "geometry": {"type": "MultiPolygon", "coordinates": [[[[110.73483329300007, -6.883890380999958], [110.73408263100004, -6.883628357999953], [110.73412456800008, -6.883479428999976], [110.73398963000005, -6.883408408999969], [110.73392454100008, -6.883151669999961], [110.73411257500004, -6.883075733999931], [110.73435036600006, -6.882627631999981], [110.73439252800006, -6.882630835999976], [110.73476129800008, -6.882632614999977], [110.73484074400005, -6.882430442999976], [110.73484078600006, -6.882430407999948], [110.73540217100003, -6.882459553999979], [110.73537967400006, -6.882512879999979], [110.73534121900008, -6.882604031999961], [110.73492133000008, -6.883640210999943], [110.73490439900007, -6.883703419999961], [110.73483329300007, -6.883890380999958]]]]}}, {"type": "Feature", "properties": {"idsubsls": "3321100012000900", "idsls": "33211000120009", "nmsls": "RT 09 RW 02", "nmdesa": "BOYOLALI", "nmkec": "GAJAH", "kdkec": "100", "kd_kec_bps": "3321100", "kdsubsls": "00", "subsls": null}, "geometry": {"type": "MultiPolygon", "coordinates": [[[[110.73612224900006, -6.88231127499995], [110.73653370600005, -6.882485580999969], [110.73694858600004, -6.88266220099996], [110.73690987800006, -6.882798174999948], [110.73665224500007, -6.883655448999946], [110.73638134800007, -6.88440492899997], [110.73631819500008, -6.884551759999965], [110.73585100700006, -6.884471128999962], [110.73591029500005, -6.884257692999938], [110.73591060100006, -6.884254483999939], [110.73550545000006, -6.884125001999962], [110.73483329300007, -6.883890380999958], [110.73490439900007, -6.883703419999961], [110.73492133000008, -6.883640210999943], [110.73534121900008, -6.882604031999961], [110.73537967400006, -6.882512879999979], [110.73555159300008, -6.882556571999942], [110.73575614700007, -6.882623721999948], [110.73581522200004, -6.882485791999954], [110.73592390800007, -6.882239542999969], [110.73592808100005, -6.882240722999938], [110.73612224900006, -6.88231127499995]]]]}}, {"type": "Feature", "properties": {"idsubsls": "3321110014002100", "idsls": "33211100140021", "nmsls": "RT 005 RW 003", "nmdesa": "KEDUNGWARU LOR", "nmkec": "KARANGANYAR", "kdkec": "110", "kd_kec_bps": "3321110", "kdsubsls": "00", "subsls": null}, "geometry": {"type": "MultiPolygon", "coordinates": [[[[110.78152160800005, -6.818332639999937], [110.78151817800006, -6.818325994999952], [110.78188886300006, -6.818106434999947], [110.78300091700004, -6.817519041999958], [110.78309068800007, -6.817418049999958], [110.78309528300008, -6.817416736999974], [110.78310540400008, -6.817407879999962], [110.78316150900008, -6.817385698999942], [110.78320209000009, -6.817376821999972], [110.78322825700008, -6.817365656999925], [110.78323327000004, -6.817363517999979], [110.78324071800006, -6.81735938099996], [110.78325193200004, -6.817373339999961], [110.78326111000007, -6.817369342999939], [110.78367006200006, -6.817879072999972], [110.78309216300005, -6.818174868999961], [110.78306650000007, -6.818160611999929], [110.78269866700003, -6.81832314299993], [110.78187745700006, -6.818753707999974], [110.78176931900003, -6.818812579999928], [110.78152160800005, -6.818332639999937]]]]}}, {"type": "Feature", "properties": {"idsubsls": "3321110014002200", "idsls": "33211100140022", "nmsls": "RT 006 RW 003", "nmdesa": "KEDUNGWARU LOR", "nmkec": "KARANGANYAR", "kdkec": "110", "kd_kec_bps": "3321110", "kdsubsls": "00", "subsls": null}, "geometry": {"type": "MultiPolygon", "coordinates": [[[[110.78152160800005, -6.818332639999937], [110.78176931900003, -6.818812579999928], [110.78088231100008, -6.819295477999958], [110.78045383500006, -6.819530183999973], [110.78041598800007, -6.819443274999969], [110.78032058100007, -6.819224191999979], [110.78017845700003, -6.818966760999956], [110.78018941500005, -6.818961861999981], [110.78014664400007, -6.818890575999944], [110.78105909900006, -6.818511336999961], [110.78113744700005, -6.818481065999947], [110.78152160800005, -6.818332639999937]]]]}}, {"type": "Feature", "properties": {"idsubsls": "3321110014002000", "idsls": "33211100140020", "nmsls": "RT 004 RW 003", "nmdesa": "KEDUNGWARU LOR", "nmkec": "KARANGANYAR", "kdkec": "110", "kd_kec_bps": "3321110", "kdsubsls": "00", "subsls": null}, "geometry": {"type": "MultiPolygon", "coordinates": [[[[110.77824004000007, -6.818979206999927], [110.77823334000004, -6.818956158999981], [110.77823622900007, -6.818955078999977], [110.77822621200005, -6.818939049999926], [110.77921565500009, -6.818555533999927], [110.77927410900008, -6.818531296999936], [110.77950518200004, -6.818432418999976], [110.77950841400008, -6.818431035999936], [110.77952875200003, -6.818480314999931], [110.77955890600003, -6.81859622199994], [110.77955370100005, -6.818599067999969], [110.77976455400005, -6.819148629999972], [110.77976659100005, -6.819150901999933], [110.77911157800008, -6.819443751999927], [110.77870667600007, -6.819629093999936], [110.77854984800007, -6.819706082999971], [110.77855371500004, -6.819714356999953], [110.77846430500006, -6.81968612299994], [110.77844719700005, -6.819691825999939], [110.77824004000007, -6.818979206999927]]]]}}, {"type": "Feature", "properties": {"idsubsls": "3321110016002000", "idsls": "33211100160020", "nmsls": "RT 005 RW 004", "nmdesa": "TUGU LOR", "nmkec": "KARANGANYAR", "kdkec": "110", "kd_kec_bps": "3321110", "kdsubsls": "00", "subsls": null}, "geometry": {"type": "MultiPolygon", "coordinates": [[[[110.78008839900008, -6.810936812999955], [110.77978121500007, -6.811180609999951], [110.77971572900009, -6.811195257999941], [110.77922669400004, -6.811500274999958], [110.77896566900006, -6.811587282999938], [110.77892920900007, -6.811599435999938], [110.77885353400006, -6.811630749999949], [110.77871262000008, -6.811749482999971], [110.77870993800008, -6.811748693999959], [110.77827945400009, -6.811911838999947], [110.77826577500008, -6.811917022999978], [110.77824524200008, -6.811932639999952], [110.77818810800005, -6.811967376999974], [110.77817745200008, -6.811968229999934], [110.77814173800004, -6.811999713999967], [110.77812605500009, -6.812785280999947], [110.77816882700006, -6.813006265999945], [110.77816419300007, -6.813067432999958], [110.77815585600007, -6.813177484999926], [110.77784519000005, -6.813201588999959], [110.77783135700008, -6.813340686999936], [110.77648436600003, -6.813418490999936], [110.77634595900008, -6.810392166999975], [110.77661337600006, -6.810452817999931], [110.77667631300005, -6.809848078999948], [110.77757416600008, -6.809928966999962], [110.77805320500005, -6.809817760999977], [110.77900272800008, -6.80944137299997], [110.77904207200004, -6.809423557999935], [110.78008839900008, -6.810936812999955]]]]}}, {"type": "Feature", "properties": {"idsubsls": "3321110003003700", "idsls": "33211100030037", "nmsls": "RT 002 RW 008 DUSUN GAJAH LOR", "nmdesa": "WONOKETINGAL", "nmkec": "KARANGANYAR", "kdkec": "110", "kd_kec_bps": "3321110", "kdsubsls": "00", "subsls": null}, "geometry": {"type": "MultiPolygon", "coordinates": [[[[110.74289259600005, -6.866683801999955], [110.74247034100006, -6.866603915999974], [110.74196703500007, -6.866533686999958], [110.74196720800006, -6.866528323999944], [110.74254349500006, -6.865081510999971], [110.74393068300009, -6.865348708999932], [110.74390577500009, -6.865417203999925], [110.74383587300008, -6.865678930999934], [110.74367656100009, -6.866282040999977], [110.74358984300005, -6.866794321999976], [110.74358903200005, -6.866799112999956], [110.74331241900006, -6.866763227999968], [110.74289259600005, -6.866683801999955]]]]}}, {"type": "Feature", "properties": {"idsubsls": "3321110003003900", "idsls": "33211100030039", "nmsls": "RT 004 RW 008 DUSUN GAJAH LOR", "nmdesa": "WONOKETINGAL", "nmkec": "KARANGANYAR", "kdkec": "110", "kd_kec_bps": "3321110", "kdsubsls": "00", "subsls": null}, "geometry": {"type": "MultiPolygon", "coordinates": [[[[110.74270570500005, -6.868912713999975], [110.74228424100005, -6.868992799999944], [110.74225615500006, -6.868769787999952], [110.74224844300005, -6.868388047999929], [110.74192981900006, -6.867685774999927], [110.74196703500007, -6.866533686999958], [110.74247034100006, -6.866603915999974], [110.74289259600005, -6.866683801999955], [110.74280847300008, -6.867101359999936], [110.74278246300008, -6.867276927999967], [110.74281497600003, -6.867554911999946], [110.74281660100007, -6.867810135999946], [110.74282310400008, -6.86818565699997], [110.74283360800007, -6.868671841999969], [110.74275, -6.86868], [110.74270699000004, -6.868687819999934], [110.74270570500005, -6.868912713999975]]]]}}, {"type": "Feature", "properties": {"idsubsls": "3321110003003600", "idsls": "33211100030036", "nmsls": "RT 001 RW 008 DUSUN GAJAH LOR", "nmdesa": "WONOKETINGAL", "nmkec": "KARANGANYAR", "kdkec": "110", "kd_kec_bps": "3321110", "kdsubsls": "00", "subsls": null}, "geometry": {"type": "MultiPolygon", "coordinates": [[[[110.74358984300005, -6.866794321999976], [110.74367656100009, -6.866282040999977], [110.74383587300008, -6.865678930999934], [110.74390577500009, -6.865417203999925], [110.74393068300009, -6.865348708999932], [110.74395291900004, -6.865352991999941], [110.74396938100006, -6.865301134999982], [110.74480962700005, -6.865467598999942], [110.74580776600004, -6.865682181999944], [110.74580422900004, -6.865693741999962], [110.74577297000008, -6.865795903999981], [110.74569786700005, -6.865825521999966], [110.74558767700006, -6.865998969999964], [110.74553359600009, -6.866085703999943], [110.74549239300006, -6.866078836999975], [110.74533795800005, -6.86647874199997], [110.74511737700004, -6.867085710999959], [110.74438533700004, -6.86694367399997], [110.74437182600008, -6.866941136999969], [110.74358984300005, -6.866794321999976]]]]}}, {"type": "Feature", "properties": {"idsubsls": "3321110001001201", "idsls": "33211100010012", "nmsls": "RT 012 RW 002 DUSUN NGAMPEL", "nmdesa": "JATIREJO", "nmkec": "KARANGANYAR", "kdkec": "110", "kd_kec_bps": "3321110", "kdsubsls": "01", "subsls": null}, "geometry": {"type": "MultiPolygon", "coordinates": [[[[110.74259194000007, -6.837256011999955], [110.74254039900006, -6.837390610999933], [110.74267594200006, -6.837455872999953], [110.74258563200004, -6.837617245999979], [110.74247205300009, -6.83756909899995], [110.74231687100007, -6.83797435799994], [110.74288024300006, -6.838179219999972], [110.74288135700004, -6.838174969999955], [110.74289566700008, -6.838181528999939], [110.74287754400007, -6.838189523999972], [110.74279428400007, -6.838507427999957], [110.74245391100004, -6.839488968999945], [110.74243350500006, -6.839545891999933], [110.73969307800007, -6.838554673999965], [110.73742920000007, -6.83733368399993], [110.73736785400007, -6.836920090999968], [110.73736669200008, -6.836915442999953], [110.73761002400005, -6.836278427999957], [110.73773104100007, -6.836021661999951], [110.74011746200006, -6.836896230999969], [110.74005305800006, -6.837110910999968], [110.74137692000005, -6.837611831999936], [110.74164169200009, -6.83686045099995], [110.74259194000007, -6.837256011999955]]]]}}, {"type": "Feature", "properties": {"idsubsls": "3321110009001800", "idsls": "33211100090018", "nmsls": "RT 02 RW 05 DUSUN NOROWITO", "nmdesa": "KETANJUNG", "nmkec": "KARANGANYAR", "kdkec": "110", "kd_kec_bps": "3321110", "kdsubsls": "00", "subsls": null}, "geometry": {"type": "MultiPolygon", "coordinates": [[[[110.81446015100005, -6.845759093999959], [110.81446847200004, -6.845787333999965], [110.81451813100006, -6.846177158999978], [110.81451316500005, -6.846490012999936], [110.81461248300008, -6.846802865999962], [110.81475336700004, -6.847298231999957], [110.81441908900007, -6.84747189999996], [110.81413537300006, -6.847674350999966], [110.81388017100005, -6.847841158999927], [110.81388912900007, -6.847881062999932], [110.81382171700005, -6.847834030999934], [110.81358219700007, -6.84747189999996], [110.81306696800004, -6.846909830999948], [110.81315746700005, -6.846681200999967], [110.81327416600004, -6.84655705299997], [110.81336107000004, -6.846455250999952], [110.81341253100004, -6.846195494999961], [110.81353487700005, -6.846199505999948], [110.81364412800008, -6.84622681899998], [110.81390850200006, -6.845987228999945], [110.81446015100005, -6.845759093999959]]]]}}, {"type": "Feature", "properties": {"idsubsls": "3321120002000700", "idsls": "33211200020007", "nmsls": "RT 007 RW 001", "nmdesa": "MLATEN", "nmkec": "MIJEN", "kdkec": "120", "kd_kec_bps": "3321120", "kdsubsls": "00", "subsls": null}, "geometry": {"type": "MultiPolygon", "coordinates": [[[[110.70856609100008, -6.83913722799997], [110.70868280300004, -6.838869762999934], [110.70872598600005, -6.838777875999938], [110.70904679300008, -6.838957978999929], [110.70962854100009, -6.839310841999975], [110.71006723700003, -6.839571515999978], [110.71048050000007, -6.839835368999957], [110.71170110900005, -6.840510698999935], [110.71165581800005, -6.840736552999942], [110.71163038700007, -6.841212600999938], [110.71166853400007, -6.841466121999929], [110.71165899700009, -6.841536058999964], [110.71165845000007, -6.841535656999952], [110.71145706100003, -6.841387828999927], [110.71145763500004, -6.841384384999969], [110.71135828300004, -6.840974996999933], [110.71056340000007, -6.840409286999943], [110.70991504200003, -6.83994785799996], [110.70989001000004, -6.839930042999981], [110.70935912500005, -6.839593073999936], [110.70892678800004, -6.83930696799996], [110.70856609100008, -6.83913722799997]]]]}}, {"type": "Feature", "properties": {"idsubsls": "3321120009002200", "idsls": "33211200090022", "nmsls": "RT 02 RW 04", "nmdesa": "PASIR", "nmkec": "MIJEN", "kdkec": "120", "kd_kec_bps": "3321120", "kdsubsls": "00", "subsls": null}, "geometry": {"type": "MultiPolygon", "coordinates": [[[[110.67461266500004, -6.79591013199996], [110.67445530700007, -6.79585704699997], [110.67405447800007, -6.795739438999931], [110.67383126100009, -6.795684234999953], [110.67383163400007, -6.795683544999974], [110.67387596500004, -6.795601427999941], [110.67387594400009, -6.795601209999973], [110.67387671500006, -6.795601427999941], [110.67399308300008, -6.795184639999945], [110.67399357300008, -6.795184847999963], [110.67408358000006, -6.794823620999978], [110.67408709700004, -6.794794601999968], [110.67427259400006, -6.794839371999956], [110.67451381200004, -6.794878974999961], [110.67451389600006, -6.794879366999965], [110.67461126500007, -6.795335658999932], [110.67460536000004, -6.795341339999936], [110.67461175700004, -6.795355296999958], [110.67461015700007, -6.79536939999997], [110.67461015700007, -6.795428135999941], [110.67460666800008, -6.795546771999966], [110.67461248300003, -6.79561655699996], [110.67462295100006, -6.79568169099997], [110.67462527700008, -6.795727050999972], [110.67461946200007, -6.795857317999946], [110.67461466500004, -6.795894002999944], [110.67461266500004, -6.79591013199996]]]]}}, {"type": "Feature", "properties": {"idsubsls": "3321120002000600", "idsls": "33211200020006", "nmsls": "RT 006 RW 001", "nmdesa": "MLATEN", "nmkec": "MIJEN", "kdkec": "120", "kd_kec_bps": "3321120", "kdsubsls": "00", "subsls": null}, "geometry": {"type": "MultiPolygon", "coordinates": [[[[110.70856236200007, -6.839145773999974], [110.70856609100008, -6.83913722799997], [110.70892678800004, -6.83930696799996], [110.70935912500005, -6.839593073999936], [110.70989001000004, -6.839930042999981], [110.70991504200003, -6.83994785799996], [110.70975757100007, -6.840309265999963], [110.70975630200007, -6.840309857999955], [110.70975649400003, -6.84031072199997], [110.70973106200006, -6.840344895999976], [110.70973100300006, -6.840344913999957], [110.70973224400007, -6.840345990999936], [110.70959466600004, -6.84054064999998], [110.70944843400008, -6.840453625999942], [110.70896841200005, -6.840167519999966], [110.70858693800005, -6.839987908999944], [110.70831478200006, -6.839865747999966], [110.70831354800004, -6.839858962999926], [110.70837394800009, -6.839672994999944], [110.70844229600004, -6.839465170999972], [110.70857263300007, -6.839149659999975], [110.70856236200007, -6.839145773999974]]]]}}, {"type": "Feature", "properties": {"idsubsls": "3321120002000300", "idsls": "33211200020003", "nmsls": "RT 003 RW 001", "nmdesa": "MLATEN", "nmkec": "MIJEN", "kdkec": "120", "kd_kec_bps": "3321120", "kdsubsls": "00", "subsls": null}, "geometry": {"type": "MultiPolygon", "coordinates": [[[[110.70605907400005, -6.838511804999939], [110.70675069600009, -6.838822028999971], [110.70691941500007, -6.838905221999937], [110.70685791600005, -6.839184160999935], [110.70694869500005, -6.839203778999945], [110.70694977800008, -6.839203303999966], [110.70710713600005, -6.839284367999937], [110.70713097800007, -6.83941430699997], [110.70741708400004, -6.839541464999968], [110.70768729500008, -6.839671801999941], [110.70791935800008, -6.839767170999949], [110.70795592600007, -6.839778240999976], [110.70808336000005, -6.839901202999954], [110.70823549500005, -6.840003457999956], [110.70819433700007, -6.840084469999965], [110.70819453100006, -6.840085838999926], [110.70779180300008, -6.840798541999959], [110.70738489700005, -6.841391813999962], [110.70738797100006, -6.841393740999933], [110.70694938000008, -6.842128933999959], [110.70485127200004, -6.84084781599995], [110.70240983700006, -6.839393444999928], [110.70240983700006, -6.839253571999961], [110.70246070000007, -6.839050118999978], [110.70236533200006, -6.838846665999938], [110.70220002600007, -6.838617780999925], [110.70182491000008, -6.838377769999965], [110.70192663700004, -6.838174316999925], [110.70199731500009, -6.838062409999964], [110.70268958500009, -6.836966315999973], [110.70604020000007, -6.838503338999942], [110.70605907400005, -6.838511804999939]]]]}}, {"type": "Feature", "properties": {"idsubsls": "3321120002000900", "idsls": "33211200020009", "nmsls": "RT 009 RW 001", "nmdesa": "MLATEN", "nmkec": "MIJEN", "kdkec": "120", "kd_kec_bps": "3321120", "kdsubsls": "00", "subsls": null}, "geometry": {"type": "MultiPolygon", "coordinates": [[[[110.70691941500007, -6.838905221999937], [110.70691957800005, -6.838904482999965], [110.70733284100004, -6.839075351999952], [110.70738370500004, -6.838916403999974], [110.70738581900008, -6.838916775999962], [110.70747003300005, -6.838757704999978], [110.70841680900008, -6.839098423999928], [110.70845501100007, -6.839105153999981], [110.70856236200007, -6.839145773999974], [110.70857263300007, -6.839149659999975], [110.70844229600004, -6.839465170999972], [110.70837394800009, -6.839672994999944], [110.70831354800004, -6.839858962999926], [110.70831478200006, -6.839865747999966], [110.70830719000008, -6.839862340999957], [110.70829372900005, -6.839888836999933], [110.70823549500005, -6.840003457999956], [110.70808336000005, -6.839901202999954], [110.70795592600007, -6.839778240999976], [110.70791935800008, -6.839767170999949], [110.70768729500008, -6.839671801999941], [110.70741708400004, -6.839541464999968], [110.70713097800007, -6.83941430699997], [110.70710713600005, -6.839284367999937], [110.70694977800008, -6.839203303999966], [110.70694869500005, -6.839203778999945], [110.70685791600005, -6.839184160999935], [110.70691941500007, -6.838905221999937]]]]}}, {"type": "Feature", "properties": {"idsubsls": "3321120002000800", "idsls": "33211200020008", "nmsls": "RT 008 RW 001", "nmdesa": "MLATEN", "nmkec": "MIJEN", "kdkec": "120", "kd_kec_bps": "3321120", "kdsubsls": "00", "subsls": null}, "geometry": {"type": "MultiPolygon", "coordinates": [[[[110.71187176000007, -6.840063863999944], [110.71193238700005, -6.839942608999934], [110.71201186100006, -6.839751871999965], [110.71211994500004, -6.839475302999972], [110.71212948200008, -6.839357681999957], [110.71210729200004, -6.839262578999978], [110.71210723000007, -6.839262313999939], [110.71277387800006, -6.839614533999963], [110.71275256200005, -6.839663721999955], [110.71223950500007, -6.840468046999945], [110.71257704200008, -6.840700406999929], [110.71238802100004, -6.841147252999974], [110.71190835200008, -6.84182313499997], [110.71167985200009, -6.841565743999979], [110.71166068600007, -6.841544154999951], [110.71165845000007, -6.841535656999952], [110.71165899700009, -6.841536058999964], [110.71166853400007, -6.841466121999929], [110.71163038700007, -6.841212600999938], [110.71165581800005, -6.840736552999942], [110.71170110900005, -6.840510698999935], [110.71171621900004, -6.840435346999925], [110.71175436600004, -6.840298651999944], [110.71181459900004, -6.840178186999935], [110.71187176000007, -6.840063863999944]]]]}}, {"type": "Feature", "properties": {"idsubsls": "3321120009003400", "idsls": "33211200090034", "nmsls": "RT 01 RW 06", "nmdesa": "PASIR", "nmkec": "MIJEN", "kdkec": "120", "kd_kec_bps": "3321120", "kdsubsls": "00", "subsls": null}, "geometry": {"type": "MultiPolygon", "coordinates": [[[[110.67113987000005, -6.793375341999933], [110.67113845600005, -6.793380347999971], [110.67076316800006, -6.793293209999945], [110.67076393800005, -6.793289743999935], [110.67077223600006, -6.793252404999976], [110.67079863800006, -6.793176799999969], [110.67082446800003, -6.793093436999925], [110.67082504000007, -6.793091592999929], [110.67086464300007, -6.79298988599993], [110.67088204400005, -6.792946682999968], [110.67089798100005, -6.792907725999953], [110.67089944500009, -6.79290857999996], [110.67090664600005, -6.792895378999958], [110.67097865100004, -6.792685663999976], [110.67103745500009, -6.792529951999938], [110.67107585800005, -6.792430494999962], [110.67111846100005, -6.792304034999972], [110.67117759200005, -6.792152923999936], [110.67144398500005, -6.792207277999978], [110.67149528100003, -6.792218780999974], [110.67148118800009, -6.792294884999933], [110.67144758600006, -6.792434094999976], [110.67137558000007, -6.792690913999934], [110.67127237300008, -6.792995735999966], [110.67116916500004, -6.793216552999979], [110.67117246500004, -6.793249104999973], [110.67114366300007, -6.793361912999956], [110.67113987000005, -6.793375341999933]]]]}}, {"type": "Feature", "properties": {"idsubsls": "3321120002000100", "idsls": "33211200020001", "nmsls": "RT 001 RW 001", "nmdesa": "MLATEN", "nmkec": "MIJEN", "kdkec": "120", "kd_kec_bps": "3321120", "kdsubsls": "00", "subsls": null}, "geometry": {"type": "MultiPolygon", "coordinates": [[[[110.71125088100007, -6.842037431999927], [110.71120826300006, -6.842030096999963], [110.71119988900006, -6.842028655999968], [110.71117288600004, -6.84201971899995], [110.71083759800007, -6.842479968999953], [110.71056756800004, -6.842830741999933], [110.71054189400007, -6.842963664999957], [110.71037470100003, -6.843185139999946], [110.71029266000005, -6.843283231999976], [110.70883767800007, -6.842312517999972], [110.70883875600003, -6.842310998999949], [110.70977864700006, -6.840986894999958], [110.70977955700005, -6.840987544999962], [110.71002707300005, -6.84116443299996], [110.71101526000007, -6.841870643999926], [110.71125088100007, -6.842037431999927]]]]}}, {"type": "Feature", "properties": {"idsubsls": "3321120009100200", "idsls": "33211200091002", "nmsls": "PERSAWAHN KIDUL DESA", "nmdesa": "PASIR", "nmkec": "MIJEN", "kdkec": "120", "kd_kec_bps": "3321120", "kdsubsls": "00", "subsls": null}, "geometry": {"type": "MultiPolygon", "coordinates": [[[[110.68098123800007, -6.818133238999962], [110.68097742000003, -6.818154683999978], [110.68097500200008, -6.818157018999955], [110.68092669600009, -6.818335782999952], [110.68087627000006, -6.818650564999928], [110.68060878100005, -6.819904420999933], [110.68058859900009, -6.819999025999948], [110.68056630500007, -6.819995347999964], [110.68058469400006, -6.820042028999978], [110.68055999300009, -6.820733673999939], [110.67626191300008, -6.824784736999959], [110.67542230900006, -6.82450446699994], [110.67411596100004, -6.824068390999969], [110.67374543700004, -6.823883128999967], [110.67373776900007, -6.823866514999963], [110.67371357800005, -6.823897245999945], [110.67327842000009, -6.823890938999966], [110.67285879800005, -6.823871865999934], [110.67277702900009, -6.823847508999961], [110.67226115500006, -6.823693843999934], [110.67217214400006, -6.823649338999928], [110.67202469400007, -6.823875122999937], [110.67166171300005, -6.823789451999971], [110.67080219600007, -6.822670510999956], [110.669915, -6.822318799999948], [110.66781906100005, -6.822124394999946], [110.66663480400007, -6.822014550999938], [110.66663137500007, -6.822005806999925], [110.66650410700004, -6.821703545999981], [110.66643376200005, -6.821536475999949], [110.66547039900007, -6.820820129999959], [110.66546763700006, -6.820813885999939], [110.66546580700009, -6.820809748999977], [110.66545819800007, -6.820792543999971], [110.66545506600005, -6.820785462999936], [110.66544288200004, -6.820661885999925], [110.66540733500005, -6.820541913999932], [110.66531079600009, -6.820421239999973], [110.66527967000007, -6.820388916999946], [110.66527315600007, -6.820374189999939], [110.66509142100006, -6.819963310999981], [110.66503559300008, -6.819789949999972], [110.66491241700004, -6.819508403999976], [110.66478517200005, -6.81909273499997], [110.66478044300004, -6.81907728799996], [110.66480691400005, -6.818944933999944], [110.66486842600006, -6.818637373999934], [110.66485082900004, -6.817616771999951], [110.66479697600005, -6.817293651999933], [110.66479697600005, -6.817132329999936], [110.66479697600005, -6.817053013999953], [110.66480969200006, -6.816932213999962], [110.66484148200004, -6.816830486999947], [110.66487327100003, -6.816665181999952], [110.66495592400008, -6.816493518999948], [110.66496228200003, -6.816158138999981], [110.66496228200003, -6.815941969999926], [110.66487327100003, -6.815751232999958], [110.66486691300008, -6.815554137999925], [110.66488525900007, -6.815411955999934], [110.66487722400007, -6.815382005999936], [110.66491922100005, -6.814920037999968], [110.66493881200006, -6.814704537999944], [110.66038129700007, -6.811229212999933], [110.65932993400008, -6.809787570999958], [110.65932812400007, -6.809716927999943], [110.65864625700004, -6.808609573999945], [110.65841581500007, -6.808235336999928], [110.65829105400007, -6.808032724999975], [110.65828730400005, -6.808026634999976], [110.65831551600007, -6.808032451999964], [110.65885291800004, -6.808143256999927], [110.65983934300004, -6.808346642999936], [110.65984670000006, -6.808328249999931], [110.65993, -6.80812], [110.66008, -6.80774], [110.66016, -6.80745], [110.66022, -6.80716], [110.66022, -6.80685], [110.66034, -6.80604], [110.66044, -6.80532], [110.66048, -6.80495], [110.66046, -6.80414], [110.66051, -6.80359], [110.66057, -6.80333], [110.66082, -6.80277], [110.66105, -6.80222], [110.66115167000004, -6.802092099999925], [110.66136, -6.80183], [110.66146, -6.8018], [110.66162, -6.80152], [110.66195, -6.80076], [110.66221, -6.80023], [110.66244, -6.79979], [110.66265, -6.79946], [110.66325, -6.79871], [110.6634, -6.79845], [110.66374, -6.79782], [110.6638, -6.79763], [110.66381, -6.79741], [110.66422, -6.79698], [110.66479, -6.79607], [110.66529, -6.79544], [110.66547, -6.79488], [110.66561, -6.79411], [110.66565, -6.79342], [110.66575, -6.79249], [110.66575415000005, -6.792297219999966], [110.66577, -6.79156], [110.66575188000007, -6.79117948399994], [110.66573, -6.79072], [110.66570325300006, -6.790285393999966], [110.66657989000004, -6.790289979999955], [110.66658000900009, -6.790289851999944], [110.66658122700005, -6.790289986999937], [110.66682604500005, -6.790292386999965], [110.66713566800007, -6.790352391999932], [110.66766070600005, -6.790442397999925], [110.66786952200005, -6.790484400999958], [110.66839907800005, -6.790582565999955], [110.66831745500008, -6.791132448999974], [110.66815484300008, -6.791881903999979], [110.66817136200007, -6.791880159999948], [110.66815424300006, -6.791893304999974], [110.66785182100006, -6.792245530999935], [110.66780630400007, -6.792399716999967], [110.66780572800008, -6.792401668999958], [110.66780381700005, -6.792408142999932], [110.66781159000004, -6.792408937999937], [110.66829165300004, -6.793004286999974], [110.66886289500007, -6.793090692999954], [110.66886889600005, -6.793204701999969], [110.66861927700006, -6.797307803999956], [110.67007018400005, -6.797355807999963], [110.67015179000003, -6.797192595999945], [110.67022379500008, -6.796821767999973], [110.67025259800005, -6.796639354999968], [110.67023339600007, -6.796194121999974], [110.67026699900003, -6.79601170899997], [110.67023819600007, -6.795566475999976], [110.67024168300009, -6.795465354999976], [110.67060482400007, -6.795750088999966], [110.67142568400004, -6.796069312999975], [110.67173828600005, -6.796367115999942], [110.67194487000006, -6.796565903999976], [110.67224889900007, -6.796854341999961], [110.67237135400006, -6.796646555999928], [110.67244815900006, -6.79643053999996], [110.67252016500004, -6.796286528999929], [110.67255296000008, -6.796203676999937], [110.67278533700005, -6.796311095999954], [110.67278568400008, -6.796312180999962], [110.67349853700006, -6.796623003999969], [110.67349899500005, -6.796622009999965], [110.67367615000006, -6.796701609999957], [110.67375775600004, -6.796723210999971], [110.67388976600006, -6.796437589999925], [110.67461166300006, -6.796445371999937], [110.67461161900007, -6.796446290999938], [110.67462161300006, -6.796446621999962], [110.67448621000005, -6.796760413999948], [110.67442380500006, -6.796969228999956], [110.67528672900005, -6.797230222999929], [110.67520626300006, -6.797412961999953], [110.67639675000004, -6.797727384999973], [110.67639688900005, -6.797727073999965], [110.67710191500004, -6.79818131899998], [110.67758675100004, -6.798282125999947], [110.67821139700004, -6.798368531999927], [110.67872023400008, -6.798502941999971], [110.67901785600009, -6.798646952999945], [110.67973070900007, -6.79903098099993], [110.67991552200004, -6.799136588999943], [110.68038415700005, -6.79937360699995], [110.68109220900004, -6.799678428999925], [110.68176905900003, -6.799899244999949], [110.68223949400004, -6.800024054999938], [110.68294514600007, -6.800258071999963], [110.68421363900006, -6.80066610199998], [110.68476538400006, -6.800878749999981], [110.68464207200009, -6.800894721999953], [110.68456556400008, -6.801006441999959], [110.68439426900005, -6.80119123399993], [110.68437931900007, -6.801230575999966], [110.68424262400003, -6.801497607999977], [110.68412500300008, -6.801745565999965], [110.68402645600008, -6.801977629999953], [110.68393426600005, -6.802142934999949], [110.68381664500004, -6.802320161999944], [110.68371173900005, -6.802444140999967], [110.68364180300006, -6.802555403999975], [110.68348921300009, -6.802694483999971], [110.68337477100005, -6.802773956999943], [110.68301554900006, -6.803119667999965], [110.68285342200005, -6.803262720999953], [110.68273580100004, -6.803459815999929], [110.68229074800007, -6.803963679999981], [110.68218584300007, -6.804135342999928], [110.68203643200007, -6.80431654399996], [110.68179801000008, -6.804601059999925], [110.68167085200008, -6.804763185999946], [110.68158184200007, -6.80488080799995], [110.68147375700005, -6.805030217999956], [110.68139110500005, -6.805157375999954], [110.68110182000004, -6.805648524999981], [110.68085068300007, -6.806045098999959], [110.68076167200007, -6.806242193999935], [110.68062179800006, -6.806515583999953], [110.68032615600004, -6.806981299999961], [110.68015131300007, -6.807111636999934], [110.68006230300006, -6.80717203699993], [110.68001144000004, -6.807396947999962], [110.67998918700005, -6.807714842999928], [110.67998610600006, -6.807805543999962], [110.68117374400003, -6.808285166999951], [110.68132633400006, -6.810497716999976], [110.68142806000009, -6.811108075999925], [110.68142806000009, -6.811591276999934], [110.68145349200006, -6.813117173999956], [110.68140262800006, -6.814007279999942], [110.68140262800006, -6.81512627099994], [110.68114831200006, -6.816823831999955], [110.68108113100004, -6.817595578999942], [110.68102170700007, -6.817908812999974], [110.68102115400006, -6.817909045999954], [110.68098123800007, -6.818133238999962]]]]}}, {"type": "Feature", "properties": {"idsubsls": "3321120009003500", "idsls": "33211200090035", "nmsls": "RT 02 RW 06", "nmdesa": "PASIR", "nmkec": "MIJEN", "kdkec": "120", "kd_kec_bps": "3321120", "kdsubsls": "00", "subsls": null}, "geometry": {"type": "MultiPolygon", "coordinates": [[[[110.67076316800006, -6.793293209999945], [110.67113845600005, -6.793380347999971], [110.67098045100005, -6.793939755999929], [110.67096861000005, -6.793949746999942], [110.67088444400008, -6.794020761999946], [110.67082444000005, -6.794152771999961], [110.67063962600008, -6.794474394999952], [110.67048361500008, -6.794709612999952], [110.67028441100007, -6.794824837999954], [110.67028620000008, -6.794818820999978], [110.67035340500007, -6.794650807999972], [110.67042061000006, -6.794440792999978], [110.67047581400004, -6.794339984999965], [110.67057422100004, -6.794066964999956], [110.67062942500007, -6.793939755999929], [110.67067262900008, -6.793776543999968], [110.67070863100008, -6.793603730999962], [110.67074223400004, -6.793442918999972], [110.67076023500005, -6.793306408999968], [110.67076316800006, -6.793293209999945]]]]}}, {"type": "Feature", "properties": {"idsubsls": "3321120009002300", "idsls": "33211200090023", "nmsls": "RT 03 RW 04", "nmdesa": "PASIR", "nmkec": "MIJEN", "kdkec": "120", "kd_kec_bps": "3321120", "kdsubsls": "00", "subsls": null}, "geometry": {"type": "MultiPolygon", "coordinates": [[[[110.67408709700004, -6.794794601999968], [110.67408358000006, -6.794823620999978], [110.67399357300008, -6.795184847999963], [110.67399308300008, -6.795184639999945], [110.67385196300006, -6.79512484299994], [110.67353153900007, -6.79497483199998], [110.67333232500005, -6.79490762699993], [110.67316373500006, -6.794844030999968], [110.67316401200009, -6.794843422999975], [110.67277758400007, -6.794661608999945], [110.67259277000005, -6.794563201999949], [110.67250303200007, -6.794511153999963], [110.67223214300009, -6.794359186999941], [110.67204973000008, -6.794275180999932], [110.67174250700003, -6.794150971999954], [110.67150009000005, -6.794059764999929], [110.67156197000008, -6.79391205099995], [110.67161754800009, -6.793905102999929], [110.67195117300008, -6.79385469999994], [110.67212930500006, -6.79385469999994], [110.67222494300006, -6.79385469999994], [110.67238198600006, -6.793886536999935], [110.67238995500009, -6.793888151999965], [110.67241762000003, -6.793893417999925], [110.67261377200003, -6.793930754999963], [110.67280098500004, -6.794033962999947], [110.67293359500007, -6.794120368999927], [110.67314961100004, -6.794331584999952], [110.67331320500006, -6.794451081999966], [110.67332992400009, -6.794463294999957], [110.67339352900007, -6.794483395999976], [110.67361674600005, -6.794605804999946], [110.67383156100004, -6.794721913999979], [110.67399117300005, -6.794775917999971], [110.67408703900009, -6.794793892999962], [110.67408718000007, -6.794793918999972], [110.67408709700004, -6.794794601999968]]]]}}, {"type": "Feature", "properties": {"idsubsls": "3321120009003100", "idsls": "33211200090031", "nmsls": "RT 04 RW 05", "nmdesa": "PASIR", "nmkec": "MIJEN", "kdkec": "120", "kd_kec_bps": "3321120", "kdsubsls": "00", "subsls": null}, "geometry": {"type": "MultiPolygon", "coordinates": [[[[110.67165035300008, -6.792854705999957], [110.67165280100005, -6.792839124999944], [110.67166329500009, -6.792809072999944], [110.67170560500006, -6.792687913999941], [110.67180387000008, -6.792293667999957], [110.67181215200009, -6.792294971999979], [110.67255669500008, -6.792412189999936], [110.67255766700004, -6.792412342999967], [110.67255764200007, -6.792412506999938], [110.67254086600008, -6.792520350999951], [110.67248566200004, -6.792726166999955], [110.67245086000008, -6.792900178999957], [110.67242205700006, -6.792973384999925], [110.67239205500005, -6.793123395999942], [110.67238427200004, -6.793164677999926], [110.67237216300003, -6.793162755999958], [110.67232564000005, -6.793146471999933], [110.67226283300005, -6.793124954999939], [110.67221267400004, -6.793108962999952], [110.67219755400004, -6.79310401999993], [110.67218309900005, -6.79310030299996], [110.67208063200007, -6.79304658999996], [110.67206696700003, -6.793037805999973], [110.67207324800006, -6.793022311999948], [110.67208604200005, -6.792993234999926], [110.67209883600009, -6.792939732999969], [110.67206627000007, -6.792931590999956], [110.67199532100005, -6.79291879699997], [110.67188973400005, -6.792898151999964], [110.67188275600006, -6.792897170999936], [110.67188171800007, -6.79289820799994], [110.67185469600008, -6.792894407999938], [110.67180235700005, -6.792885103999936], [110.67173024500005, -6.792866493999952], [110.67167092700004, -6.792859514999975], [110.67165035300008, -6.792854705999957]]]]}}, {"type": "Feature", "properties": {"idsubsls": "3321120002000200", "idsls": "33211200020002", "nmsls": "RT 002 RW 001", "nmdesa": "MLATEN", "nmkec": "MIJEN", "kdkec": "120", "kd_kec_bps": "3321120", "kdsubsls": "00", "subsls": null}, "geometry": {"type": "MultiPolygon", "coordinates": [[[[110.70738797100006, -6.841393740999933], [110.70738489700005, -6.841391813999962], [110.70779180300008, -6.840798541999959], [110.70819453100006, -6.840085838999926], [110.70819552900008, -6.840084072999957], [110.70977944200007, -6.840987291999966], [110.70977955700005, -6.840987544999962], [110.70977864700006, -6.840986894999958], [110.70883875600003, -6.842310998999949], [110.70823049800003, -6.841921903999946], [110.70738797100006, -6.841393740999933]]]]}}, {"type": "Feature", "properties": {"idsubsls": "3321120002000500", "idsls": "33211200020005", "nmsls": "RT 005 RW 001", "nmdesa": "MLATEN", "nmkec": "MIJEN", "kdkec": "120", "kd_kec_bps": "3321120", "kdsubsls": "00", "subsls": null}, "geometry": {"type": "MultiPolygon", "coordinates": [[[[110.71167985200009, -6.841565743999979], [110.71154951100004, -6.841758748999951], [110.71136504700007, -6.842057079999961], [110.71125088100007, -6.842037431999927], [110.71101526000007, -6.841870643999926], [110.71002707300005, -6.84116443299996], [110.71003018200008, -6.841161339999928], [110.71016935700004, -6.840987188999975], [110.71023634800008, -6.840862510999955], [110.71027174800008, -6.840814067999929], [110.71034442400008, -6.840714617999936], [110.71047525300008, -6.840538282999944], [110.71056340000007, -6.840409286999943], [110.71135828300004, -6.840974996999933], [110.71145763500004, -6.841384384999969], [110.71145706100003, -6.841387828999927], [110.71165845000007, -6.841535656999952], [110.71166068600007, -6.841544154999951], [110.71167985200009, -6.841565743999979]]]]}}, {"type": "Feature", "properties": {"idsubsls": "3321120009003300", "idsls": "33211200090033", "nmsls": "RT 06 RW 05", "nmdesa": "PASIR", "nmkec": "MIJEN", "kdkec": "120", "kd_kec_bps": "3321120", "kdsubsls": "00", "subsls": null}, "geometry": {"type": "MultiPolygon", "coordinates": [[[[110.67149528100003, -6.792218780999974], [110.67144398500005, -6.792207277999978], [110.67117759200005, -6.792152923999936], [110.67117786600005, -6.792152223999949], [110.67117722700004, -6.792151393999973], [110.67118146600006, -6.792131522999966], [110.67146753000009, -6.79120467499996], [110.67154539300009, -6.791221855999936], [110.67204796700008, -6.791343480999956], [110.67204126300004, -6.791363013999955], [110.67199881000005, -6.791496478999932], [110.67197671200006, -6.791566263999925], [110.67187203300006, -6.791977417999931], [110.67179875800008, -6.792268772999932], [110.67179482100005, -6.792285953999965], [110.67149528100003, -6.792218780999974]]]]}}, {"type": "Feature", "properties": {"idsubsls": "3321120002000400", "idsls": "33211200020004", "nmsls": "RT 004 RW 001", "nmdesa": "MLATEN", "nmkec": "MIJEN", "kdkec": "120", "kd_kec_bps": "3321120", "kdsubsls": "00", "subsls": null}, "geometry": {"type": "MultiPolygon", "coordinates": [[[[110.70991504200003, -6.83994785799996], [110.71056340000007, -6.840409286999943], [110.71047525300008, -6.840538282999944], [110.71034442400008, -6.840714617999936], [110.71027174800008, -6.840814067999929], [110.71023634800008, -6.840862510999955], [110.71016935700004, -6.840987188999975], [110.71003018200008, -6.841161339999928], [110.71002707300005, -6.84116443299996], [110.70977955700005, -6.840987544999962], [110.70977944200007, -6.840987291999966], [110.70819552900008, -6.840084072999957], [110.70819453100006, -6.840085838999926], [110.70819433700007, -6.840084469999965], [110.70823549500005, -6.840003457999956], [110.70829372900005, -6.839888836999933], [110.70830719000008, -6.839862340999957], [110.70831478200006, -6.839865747999966], [110.70858693800005, -6.839987908999944], [110.70896841200005, -6.840167519999966], [110.70944843400008, -6.840453625999942], [110.70959466600004, -6.84054064999998], [110.70973224400007, -6.840345990999936], [110.70973100300006, -6.840344913999957], [110.70973106200006, -6.840344895999976], [110.70975649400003, -6.84031072199997], [110.70975630200007, -6.840309857999955], [110.70975757100007, -6.840309265999963], [110.70991504200003, -6.83994785799996]]]]}}, {"type": "Feature", "properties": {"idsubsls": "3321120009003200", "idsls": "33211200090032", "nmsls": "RT 05 RW 05", "nmdesa": "PASIR", "nmkec": "MIJEN", "kdkec": "120", "kd_kec_bps": "3321120", "kdsubsls": "00", "subsls": null}, "geometry": {"type": "MultiPolygon", "coordinates": [[[[110.67255669500008, -6.792412189999936], [110.67181215200009, -6.792294971999979], [110.67180387000008, -6.792293667999957], [110.67180521200004, -6.792288283999937], [110.67179482100005, -6.792285953999965], [110.67179875800008, -6.792268772999932], [110.67187203300006, -6.791977417999931], [110.67197671200006, -6.791566263999925], [110.67199881000005, -6.791496478999932], [110.67204126300004, -6.791363013999955], [110.67204796700008, -6.791343480999956], [110.67206014700008, -6.79134642899993], [110.67210823400006, -6.79135806599993], [110.67276108200008, -6.791569280999965], [110.67280628600008, -6.791587650999929], [110.67255669500008, -6.792412189999936]]]]}}, {"type": "Feature", "properties": {"idsubsls": "3321120009002900", "idsls": "33211200090029", "nmsls": "RT 02 RW 05", "nmdesa": "PASIR", "nmkec": "MIJEN", "kdkec": "120", "kd_kec_bps": "3321120", "kdsubsls": "00", "subsls": null}, "geometry": {"type": "MultiPolygon", "coordinates": [[[[110.67219484600008, -6.793637472999933], [110.67158739600006, -6.79347457199998], [110.67158682900003, -6.793474295999943], [110.67159399600007, -6.793283157999952], [110.67162639900005, -6.793007136999961], [110.67165035300008, -6.792854705999957], [110.67167092700004, -6.792859514999975], [110.67173024500005, -6.792866493999952], [110.67180235700005, -6.792885103999936], [110.67185469600008, -6.792894407999938], [110.67188171800007, -6.79289820799994], [110.67188275600006, -6.792897170999936], [110.67188973400005, -6.792898151999964], [110.67199532100005, -6.79291879699997], [110.67206627000007, -6.792931590999956], [110.67209883600009, -6.792939732999969], [110.67208604200005, -6.792993234999926], [110.67207324800006, -6.793022311999948], [110.67206696700003, -6.793037805999973], [110.67208063200007, -6.79304658999996], [110.67218309900005, -6.79310030299996], [110.67219755400004, -6.79310401999993], [110.67221267400004, -6.793108962999952], [110.67226283300005, -6.793124954999939], [110.67232564000005, -6.793146471999933], [110.67237216300003, -6.793162755999958], [110.67238427200004, -6.793164677999926], [110.67237825400008, -6.793196600999977], [110.67237369400004, -6.793200210999942], [110.67237825400008, -6.793202601999951], [110.67236625300006, -6.793247604999976], [110.67226544600004, -6.793582429999958], [110.67219484600008, -6.793637472999933]]]]}}, {"type": "Feature", "properties": {"idsubsls": "3321120009001600", "idsls": "33211200090016", "nmsls": "RT 03 RW 03", "nmdesa": "PASIR", "nmkec": "MIJEN", "kdkec": "120", "kd_kec_bps": "3321120", "kdsubsls": "00", "subsls": null}, "geometry": {"type": "MultiPolygon", "coordinates": [[[[110.67430654600008, -6.792195112999934], [110.67407397900007, -6.792759918999934], [110.67405117800007, -6.792825923999942], [110.67404970500007, -6.79282690499997], [110.67312283300004, -6.792543046999981], [110.67312350900005, -6.79254210299996], [110.67275568200006, -6.79246769699995], [110.67255764200007, -6.792412506999938], [110.67255766700004, -6.792412342999967], [110.67255669500008, -6.792412189999936], [110.67280628600008, -6.791587650999929], [110.67364554800008, -6.791928707999944], [110.67415258500006, -6.792124921999971], [110.67430654600008, -6.792195112999934]]]]}}, {"type": "Feature", "properties": {"idsubsls": "3321130004002400", "idsls": "33211300040024", "nmsls": "RT 004 RW 004", "nmdesa": "KENDUREN", "nmkec": "WEDUNG", "kdkec": "130", "kd_kec_bps": "3321130", "kdsubsls": "00", "subsls": null}, "geometry": {"type": "MultiPolygon", "coordinates": [[[[110.64682341000008, -6.798146232999954], [110.64676501200006, -6.798187804999941], [110.64651834400007, -6.797971117999964], [110.64640630400004, -6.79786865799997], [110.64643972400006, -6.797818307999933], [110.64650484500004, -6.797720197999979], [110.64659890000007, -6.797578495999971], [110.64670719500003, -6.79758996299995], [110.64693095200005, -6.797484357999963], [110.64702912100006, -6.797408208999968], [110.64705007200007, -6.79742813799993], [110.64711973800007, -6.797395257999938], [110.64830370900006, -6.798007720999976], [110.64786377600007, -6.798199718999967], [110.64781566700009, -6.798125368999933], [110.64740210200006, -6.79831408299998], [110.64731967200004, -6.798050304999947], [110.64710656100004, -6.798125806999963], [110.64696693300004, -6.798188736999975], [110.64691572900006, -6.798122472999978], [110.64690249400007, -6.798105345999943], [110.64684845500005, -6.79813328399996], [110.64682341000008, -6.798146232999954]]]]}}, {"type": "Feature", "properties": {"idsubsls": "3321130012000900", "idsls": "33211300120009", "nmsls": "RT 03 RW 02", "nmdesa": "JUNGSEMI", "nmkec": "WEDUNG", "kdkec": "130", "kd_kec_bps": "3321130", "kdsubsls": "00", "subsls": null}, "geometry": {"type": "MultiPolygon", "coordinates": [[[[110.67059720700007, -6.766346888999976], [110.67077923500005, -6.766432549999934], [110.67088631100006, -6.766507502999957], [110.67112544700007, -6.766618147999964], [110.67121467700008, -6.766664546999948], [110.67131461400004, -6.766728791999981], [110.67130231600004, -6.766832583999928], [110.67130903100008, -6.76700045299998], [110.67133754400004, -6.767287007999926], [110.67135847600008, -6.767393761999926], [110.67121727800009, -6.767340654999941], [110.67120232200006, -6.76734516199997], [110.67110741000005, -6.76731779499994], [110.67089545900006, -6.767258983999966], [110.67077434500004, -6.767224338999938], [110.67055424200004, -6.767163198999981], [110.67036716900009, -6.767105068999967], [110.67038722800004, -6.767034515999967], [110.67040469200003, -6.767032069999971], [110.67046243300007, -6.766873815999929], [110.67048072900008, -6.766823672999976], [110.67052553900004, -6.766601166999976], [110.67056181200007, -6.766541029999928], [110.67058785900008, -6.766473811999958], [110.67059720700007, -6.766346888999976]]]]}}, {"type": "Feature", "properties": {"idsubsls": "3321130003001400", "idsls": "33211300030014", "nmsls": "RT 002 RW 006 DUSUN LAPAT", "nmdesa": "RUWIT", "nmkec": "WEDUNG", "kdkec": "130", "kd_kec_bps": "3321130", "kdsubsls": "00", "subsls": null}, "geometry": {"type": "MultiPolygon", "coordinates": [[[[110.62690500400004, -6.819347063999942], [110.62700142800009, -6.81914988099993], [110.62727683000008, -6.81864386899997], [110.62766239100006, -6.818360599999949], [110.62783950600004, -6.818229949999932], [110.62788357300008, -6.818260498999962], [110.62864405700009, -6.81878768699994], [110.62855321200004, -6.818951980999941], [110.62821701500008, -6.819502910999972], [110.62813768500007, -6.819559956999967], [110.62795709300008, -6.819940027999962], [110.62790213800008, -6.81991099499993], [110.62724446600004, -6.819614052999952], [110.62707509900008, -6.819565661999945], [110.62693432600008, -6.819380897999963], [110.62692152500006, -6.819366126999967], [110.62690500400004, -6.819347063999942]]]]}}, {"type": "Feature", "properties": {"idsubsls": "3321130001002500", "idsls": "33211300010025", "nmsls": "RT 001 RW 006 DUSUN SABETAN T", "nmdesa": "WEDUNG", "nmkec": "WEDUNG", "kdkec": "130", "kd_kec_bps": "3321130", "kdsubsls": "00", "subsls": null}, "geometry": {"type": "MultiPolygon", "coordinates": [[[[110.61038893100005, -6.796914145999949], [110.61050786100009, -6.797000443999934], [110.61050989000006, -6.79699788399995], [110.61108705200007, -6.796274573999938], [110.61108390900006, -6.796338264999974], [110.61107385500009, -6.796541979999972], [110.61114250800006, -6.796671363999963], [110.61116917000004, -6.796721611999942], [110.61144191700004, -6.797143196999968], [110.61148297600005, -6.79719085399995], [110.61154969600005, -6.797247309999932], [110.61160945100005, -6.79729679999997], [110.61170256600008, -6.797394313999973], [110.61174802400006, -6.797423641999956], [110.61180814600004, -6.797474964999935], [110.61184260600004, -6.797558548999973], [110.61187561200006, -6.79761862099997], [110.61187926500008, -6.79762526899998], [110.61182513400007, -6.797673078999935], [110.61182513400007, -6.797679441999946], [110.61181983400007, -6.797684774999937], [110.61179991900008, -6.797704813999928], [110.61179371600008, -6.797711055999969], [110.61178423700005, -6.79772059499993], [110.61157408600008, -6.797932058999947], [110.61149990400008, -6.79787642399998], [110.61137765100005, -6.798053145999972], [110.61119647500004, -6.798138048999931], [110.61117917000007, -6.798146157999952], [110.61118511700005, -6.79815096699997], [110.61112794600007, -6.798205700999972], [110.61107007900006, -6.798261101999969], [110.61102170700008, -6.798307411999929], [110.61102304900004, -6.798308976999976], [110.61081893000005, -6.79850470699995], [110.61065174300006, -6.798309897999957], [110.61052710100006, -6.798160326999948], [110.61039512700006, -6.798003423999944], [110.61021476200006, -6.797830390999934], [110.61019845300007, -6.797825756999941], [110.61020695800005, -6.797572739999964], [110.61013901800004, -6.797370862999969], [110.61027037500008, -6.797200099999941], [110.61034216500008, -6.797059640999976], [110.61038893100005, -6.796914145999949]]]]}}, {"type": "Feature", "properties": {"idsubsls": "3321130009003500", "idsls": "33211300090035", "nmsls": "RT 006 RW 008", "nmdesa": "BUNGO", "nmkec": "WEDUNG", "kdkec": "130", "kd_kec_bps": "3321130", "kdsubsls": "00", "subsls": null}, "geometry": {"type": "MultiPolygon", "coordinates": [[[[110.62868670800009, -6.774273344999926], [110.62868741900007, -6.774273787999959], [110.62868338000004, -6.774284904999945], [110.62854913100006, -6.774654436999981], [110.62866175700009, -6.77471716499997], [110.62853487500007, -6.774998017999962], [110.62836094500005, -6.775027956999963], [110.62818862100005, -6.774966848999952], [110.62815422600005, -6.775045063999926], [110.62768376200006, -6.776159921999977], [110.62738867200005, -6.776780724999981], [110.62738134600005, -6.77677973699997], [110.62728582800008, -6.776748372999975], [110.62707483200006, -6.776734828999963], [110.62693084100005, -6.776701325999966], [110.62675133300007, -6.776670611999975], [110.62675121000007, -6.776670169999932], [110.62668135300004, -6.776650210999946], [110.62654876700009, -6.776548989999981], [110.62643043900005, -6.776467727999943], [110.62620154100006, -6.776404783999965], [110.62590865100009, -6.77632424199993], [110.62576180900004, -6.776248682999949], [110.62527708800008, -6.776087583999981], [110.62508034900009, -6.776041963999944], [110.62498910700003, -6.776002044999927], [110.62498019200007, -6.776016571999946], [110.62447872500007, -6.775670255999955], [110.62404609800006, -6.775271230999977], [110.62421943500004, -6.774982335999937], [110.62447890300007, -6.774511871999948], [110.62537991300007, -6.772872374999963], [110.62569640800007, -6.772208022999962], [110.62640352900007, -6.77273551299993], [110.62669151000006, -6.772781133999956], [110.62776074700008, -6.77281820099995], [110.62830187200007, -6.773090965999927], [110.62826120900007, -6.773172909999971], [110.62820899500008, -6.773231148999969], [110.62817485500005, -6.773251230999961], [110.62832748100004, -6.77338578399997], [110.62844305400006, -6.773473077999938], [110.62844371800009, -6.773473579999973], [110.62808373200005, -6.773927478999951], [110.62801849200008, -6.774064744999976], [110.62860578600004, -6.774358391999954], [110.62868670800009, -6.774273344999926]]]]}}, {"type": "Feature", "properties": {"idsubsls": "3321130009003200", "idsls": "33211300090032", "nmsls": "RT 003 RW 008", "nmdesa": "BUNGO", "nmkec": "WEDUNG", "kdkec": "130", "kd_kec_bps": "3321130", "kdsubsls": "00", "subsls": null}, "geometry": {"type": "MultiPolygon", "coordinates": [[[[110.62844305400006, -6.773473077999938], [110.62832748100004, -6.77338578399997], [110.62817485500005, -6.773251230999961], [110.62820899500008, -6.773231148999969], [110.62826120900007, -6.773172909999971], [110.62830187200007, -6.773090965999927], [110.62776074700008, -6.77281820099995], [110.62797174300005, -6.772726958999954], [110.62797954500007, -6.772735947999934], [110.62824562500003, -6.772631672999978], [110.62814450000008, -6.77244875599996], [110.62773420900004, -6.77221347099993], [110.62796366100008, -6.771908182999937], [110.62862673800004, -6.772273750999943], [110.62870268700004, -6.772321519999934], [110.62891658000007, -6.772487627999965], [110.62903979000004, -6.772560290999934], [110.62900925900004, -6.772631796999974], [110.62890918200009, -6.772720956999933], [110.62902536200005, -6.772845435999955], [110.62898190500005, -6.772893239999974], [110.62930951300007, -6.773324302999981], [110.62936019000006, -6.77339584799995], [110.62948422800008, -6.773518327999966], [110.62951818500005, -6.77358067199998], [110.62939699100008, -6.773701865999953], [110.62915346900007, -6.773929689999932], [110.62909226300008, -6.773884141999929], [110.62909521700004, -6.773881306999954], [110.62905655300005, -6.773825458999966], [110.62897208000004, -6.773703441999942], [110.62893384100005, -6.773667751999938], [110.62876685100008, -6.773511894999956], [110.62862411100008, -6.773358877999954], [110.62856620800005, -6.773319135999941], [110.62844305400006, -6.773473077999938]]]]}}, {"type": "Feature", "properties": {"idsubsls": "3321130001002400", "idsls": "33211300010024", "nmsls": "RT 005 RW 005 DUSUN GRIBIGAN", "nmdesa": "WEDUNG", "nmkec": "WEDUNG", "kdkec": "130", "kd_kec_bps": "3321130", "kdsubsls": "00", "subsls": null}, "geometry": {"type": "MultiPolygon", "coordinates": [[[[110.60867367500003, -6.797718438999937], [110.60862058000004, -6.797817972999951], [110.60861837900006, -6.797816858999965], [110.60856178900008, -6.797934391999945], [110.60854568000008, -6.79839050399994], [110.60854550600004, -6.798391545999948], [110.60835038400006, -6.798358133999955], [110.60830846500005, -6.798350956999968], [110.60795322500007, -6.798121687999981], [110.60789494600004, -6.798084074999963], [110.60756647600004, -6.798025419999931], [110.60716782300005, -6.79795454899994], [110.60713232600006, -6.797587018999934], [110.60737141600003, -6.797582528999953], [110.60738803300006, -6.797665612999936], [110.60764301000006, -6.797682899999927], [110.60847841400005, -6.797713916999953], [110.60867367500003, -6.797718438999937]]]]}}, {"type": "Feature", "properties": {"idsubsls": "3321130012000600", "idsls": "33211300120006", "nmsls": "RT 06 RW 01", "nmdesa": "JUNGSEMI", "nmkec": "WEDUNG", "kdkec": "130", "kd_kec_bps": "3321130", "kdsubsls": "00", "subsls": null}, "geometry": {"type": "MultiPolygon", "coordinates": [[[[110.67130535300004, -6.768154052999932], [110.67105902100008, -6.768973400999926], [110.67079562300006, -6.76887117299998], [110.67070438200005, -6.76885976799997], [110.67040024300007, -6.76876187299996], [110.66999821000007, -6.76861265499997], [110.66944220700009, -6.768405460999929], [110.66941166600009, -6.768430519999981], [110.66941179300005, -6.768430171999967], [110.66907724100008, -6.768240085999935], [110.66926424400003, -6.767774342999928], [110.66975364800004, -6.767871523999929], [110.67024335800005, -6.767942093999977], [110.67049070800005, -6.767992704999926], [110.67125770800004, -6.768145248999929], [110.67130535300004, -6.768154052999932]]]]}}, {"type": "Feature", "properties": {"idsubsls": "3321130009002300", "idsls": "33211300090023", "nmsls": "RT 004 RW 005", "nmdesa": "BUNGO", "nmkec": "WEDUNG", "kdkec": "130", "kd_kec_bps": "3321130", "kdsubsls": "00", "subsls": null}, "geometry": {"type": "MultiPolygon", "coordinates": [[[[110.62531225100008, -6.778248722999933], [110.62543398700006, -6.77810646699993], [110.62565077900007, -6.778305774999978], [110.62601671200008, -6.778615909999928], [110.62607831700006, -6.778575170999943], [110.62613247200005, -6.778618563999942], [110.62629562800004, -6.778748681999957], [110.62659010500005, -6.778983529999948], [110.62665526200004, -6.779707876999964], [110.62646724500007, -6.77991837299993], [110.62630357000006, -6.780101617999946], [110.62548380100009, -6.77954202799998], [110.62523170200006, -6.779370059999962], [110.62537167300007, -6.779184866999969], [110.62540677600003, -6.779135972999939], [110.62487383500007, -6.778761039999949], [110.62497380000008, -6.778644224999937], [110.62500342100009, -6.778609611999968], [110.62510246300008, -6.778493873999935], [110.62516704300003, -6.778418406999947], [110.62525073700004, -6.778320605999966], [110.62531225100008, -6.778248722999933]]]]}}, {"type": "Feature", "properties": {"idsubsls": "3321130009002200", "idsls": "33211300090022", "nmsls": "RT 003 RW 005", "nmdesa": "BUNGO", "nmkec": "WEDUNG", "kdkec": "130", "kd_kec_bps": "3321130", "kdsubsls": "00", "subsls": null}, "geometry": {"type": "MultiPolygon", "coordinates": [[[[110.62571669600004, -6.777807346999964], [110.62573351500004, -6.777789933999941], [110.62582596000004, -6.77788014999993], [110.62625807200004, -6.778225320999979], [110.62651110900003, -6.778448934999972], [110.62648133900007, -6.778490346999945], [110.62629562800004, -6.778748681999957], [110.62613247200005, -6.778618563999942], [110.62607831700006, -6.778575170999943], [110.62601671200008, -6.778615909999928], [110.62565077900007, -6.778305774999978], [110.62543398700006, -6.77810646699993], [110.62545713700007, -6.778079414999979], [110.62545814000003, -6.778078242999925], [110.62546234200005, -6.778081609999958], [110.62548447600005, -6.778057596999929], [110.62566114200007, -6.777865930999951], [110.62566153900008, -6.777865500999951], [110.62568268600006, -6.777842557999975], [110.62571669600004, -6.777807346999964]]]]}}, {"type": "Feature", "properties": {"idsubsls": "3321130012001800", "idsls": "33211300120018", "nmsls": "RT 03 RW 04", "nmdesa": "JUNGSEMI", "nmkec": "WEDUNG", "kdkec": "130", "kd_kec_bps": "3321130", "kdsubsls": "00", "subsls": null}, "geometry": {"type": "MultiPolygon", "coordinates": [[[[110.66901120400007, -6.773588643999972], [110.66935856900005, -6.772935222999934], [110.66963989700008, -6.772273721999966], [110.66992312600007, -6.771536185999935], [110.66991820200008, -6.771534351999946], [110.67004193000008, -6.771230146999926], [110.67026148000008, -6.770739722999963], [110.67045234900007, -6.770369780999943], [110.67056122700006, -6.770158753999965], [110.67056195700007, -6.770157338999979], [110.67069777600005, -6.770238617999951], [110.67093084900006, -6.77036839699997], [110.67091230900007, -6.770437259999937], [110.67092404800007, -6.770444236999936], [110.67089398400009, -6.770476806999966], [110.67088311300006, -6.770524637999927], [110.67087441700005, -6.770555074999947], [110.67094398900008, -6.770598557999961], [110.67103965100006, -6.770635517999949], [110.67113748700007, -6.770687697999961], [110.67124619400005, -6.770733353999958], [110.67126376800007, -6.770743019999941], [110.67126153200007, -6.770745790999968], [110.67116058900007, -6.77087088299993], [110.67107695100009, -6.770973529999935], [110.67102087600006, -6.771054316999937], [110.67086025300006, -6.771278618999929], [110.67076520900008, -6.771396471999935], [110.67038123400005, -6.772175826999955], [110.66971973300008, -6.774004458999968], [110.66965890600005, -6.774228760999961], [110.66900310100004, -6.774103436999951], [110.66900814800005, -6.774010057999931], [110.66906828500004, -6.773655917999974], [110.66901120400007, -6.773588643999972]]]]}}, {"type": "Feature", "properties": {"idsubsls": "3321130012000800", "idsls": "33211300120008", "nmsls": "RT 02 RW 02", "nmdesa": "JUNGSEMI", "nmkec": "WEDUNG", "kdkec": "130", "kd_kec_bps": "3321130", "kdsubsls": "00", "subsls": null}, "geometry": {"type": "MultiPolygon", "coordinates": [[[[110.66942793100009, -6.767270019999955], [110.66947383300004, -6.767162459999952], [110.66993920400006, -6.76709727399998], [110.66995099800005, -6.767109628999947], [110.67002145400005, -6.767139907999933], [110.67008608700007, -6.767166692999979], [110.67015130300007, -6.767194641999936], [110.67022699900008, -6.767227831999946], [110.67027474600008, -6.76724588299993], [110.67032540500009, -6.767263351999929], [110.67033530400005, -6.767235401999926], [110.67033303300008, -6.767221779999943], [110.67033389400007, -6.767222102999938], [110.67036716900009, -6.767105068999967], [110.67055424200004, -6.767163198999981], [110.67077434500004, -6.767224338999938], [110.67089545900006, -6.767258983999966], [110.67110741000005, -6.76731779499994], [110.67120232200006, -6.76734516199997], [110.67121727800009, -6.767340654999941], [110.67135847600008, -6.767393761999926], [110.67135892900006, -6.767393931999948], [110.67139884700003, -6.767505132999929], [110.67141595500004, -6.76763344099993], [110.67142165700005, -6.767710425999951], [110.67138744200008, -6.767838734999941], [110.67137128100006, -6.767876442999977], [110.67135541400006, -6.767949593999958], [110.67119184100005, -6.767901241999937], [110.67100784000007, -6.767839519999939], [110.67082050100004, -6.767780211999934], [110.67078653600004, -6.767769458999965], [110.67080613300004, -6.767717197999957], [110.670732, -6.767690110999979], [110.67071346600005, -6.767734305999966], [110.67059798900004, -6.767675853999947], [110.67025013000006, -6.767519032999928], [110.66977681500003, -6.767426365999938], [110.66962284500005, -6.767320867999956], [110.66942793100009, -6.767270019999955]]]]}}, {"type": "Feature", "properties": {"idsubsls": "3321130012001100", "idsls": "33211300120011", "nmsls": "RT 05 RW 02", "nmdesa": "JUNGSEMI", "nmkec": "WEDUNG", "kdkec": "130", "kd_kec_bps": "3321130", "kdsubsls": "00", "subsls": null}, "geometry": {"type": "MultiPolygon", "coordinates": [[[[110.67059720700007, -6.766346888999976], [110.67058785900008, -6.766473811999958], [110.67056181200007, -6.766541029999928], [110.67052553900004, -6.766601166999976], [110.67048072900008, -6.766823672999976], [110.67046243300007, -6.766873815999929], [110.67032390800006, -6.76681939599996], [110.67016138400004, -6.766760943999941], [110.66998888000006, -6.766716748999954], [110.66976362700007, -6.766696789999969], [110.66932025100004, -6.766646891999926], [110.66959217700008, -6.766014663999954], [110.66961765700006, -6.765958096999952], [110.66976025500009, -6.766011845999969], [110.67007624700005, -6.766074662999927], [110.67024185800005, -6.766145094999956], [110.67034655400005, -6.766188876999934], [110.67043976700006, -6.766253976999963], [110.67049013100007, -6.766300488999946], [110.67059720700007, -6.766346888999976]]]]}}, {"type": "Feature", "properties": {"idsubsls": "3321130012001000", "idsls": "33211300120010", "nmsls": "RT 04 RW 02", "nmdesa": "JUNGSEMI", "nmkec": "WEDUNG", "kdkec": "130", "kd_kec_bps": "3321130", "kdsubsls": "00", "subsls": null}, "geometry": {"type": "MultiPolygon", "coordinates": [[[[110.66947383300004, -6.767162459999952], [110.66947422100009, -6.767161550999958], [110.66847911800005, -6.766594142999963], [110.66884115700009, -6.765730185999928], [110.66884641200005, -6.765717209999934], [110.66909971700005, -6.765752440999961], [110.66918918400006, -6.765791031999981], [110.66934908400009, -6.765867173999936], [110.66951279100005, -6.765918570999929], [110.66961765700006, -6.765958096999952], [110.66959217700008, -6.766014663999954], [110.66932025100004, -6.766646891999926], [110.66976362700007, -6.766696789999969], [110.66998888000006, -6.766716748999954], [110.67016138400004, -6.766760943999941], [110.67032390800006, -6.76681939599996], [110.67046243300007, -6.766873815999929], [110.67040469200003, -6.767032069999971], [110.67038722800004, -6.767034515999967], [110.67036716900009, -6.767105068999967], [110.67033389400007, -6.767222102999938], [110.67033303300008, -6.767221779999943], [110.67033530400005, -6.767235401999926], [110.67032540500009, -6.767263351999929], [110.67027474600008, -6.76724588299993], [110.67022699900008, -6.767227831999946], [110.67015130300007, -6.767194641999936], [110.67008608700007, -6.767166692999979], [110.67002145400005, -6.767139907999933], [110.66995099800005, -6.767109628999947], [110.66993920400006, -6.76709727399998], [110.66947383300004, -6.767162459999952]]]]}}, {"type": "Feature", "properties": {"idsubsls": "3321130015001400", "idsls": "33211300150014", "nmsls": "RT 01 RW 05", "nmdesa": "MUTIH KULON", "nmkec": "WEDUNG", "kdkec": "130", "kd_kec_bps": "3321130", "kdsubsls": "00", "subsls": null}, "geometry": {"type": "MultiPolygon", "coordinates": [[[[110.66926613500004, -6.736944564999931], [110.66886038600006, -6.736737392999942], [110.66612364600007, -6.735340038999936], [110.66628624200007, -6.735094085999947], [110.66629344800003, -6.735098685999958], [110.66675955700003, -6.734333739999954], [110.66688144300008, -6.73414278599995], [110.66689463300008, -6.734148372999925], [110.66805479400006, -6.734587055999953], [110.66878883900006, -6.734871649999945], [110.66927659200007, -6.734970854999972], [110.66929240100006, -6.734971147999943], [110.66998655900005, -6.734983993999947], [110.66998291000004, -6.735034439999936], [110.66994475000007, -6.735489339999958], [110.66985044000006, -6.735842009999942], [110.66983605000007, -6.735895809999931], [110.66982979600004, -6.73591917899995], [110.66982906000004, -6.735921929999961], [110.66980741000003, -6.736002889999952], [110.66938782000005, -6.736793029999944], [110.66926613500004, -6.736944564999931]]]]}}, {"type": "Feature", "properties": {"idsubsls": "3321130012001600", "idsls": "33211300120016", "nmsls": "RT 01 RW 04", "nmdesa": "JUNGSEMI", "nmkec": "WEDUNG", "kdkec": "130", "kd_kec_bps": "3321130", "kdsubsls": "00", "subsls": null}, "geometry": {"type": "MultiPolygon", "coordinates": [[[[110.67105902100008, -6.768973400999926], [110.67130535300004, -6.768154052999932], [110.67132364400004, -6.768093212999929], [110.67132423700008, -6.768093330999932], [110.67240036500004, -6.768308271999956], [110.67240143400005, -6.768308485999967], [110.67239916200003, -6.768314166999971], [110.67239894000005, -6.768315257999973], [110.67239864300007, -6.768315462999965], [110.67214196600008, -6.768957155999942], [110.67187448900006, -6.769528769999965], [110.67145588100004, -6.769268752999949], [110.67137664200004, -6.769250593999971], [110.67128315400004, -6.76922233099998], [110.67118966700008, -6.769194066999944], [110.67110270100005, -6.76916145499996], [110.67101579200005, -6.769143416999952], [110.67102882600005, -6.769101340999953], [110.67106744700004, -6.768976670999962], [110.67105902100008, -6.768973400999926]]]]}}, {"type": "Feature", "properties": {"idsubsls": "3321130005001700", "idsls": "33211300050017", "nmsls": "RT 003 RW 005", "nmdesa": "BUKO", "nmkec": "WEDUNG", "kdkec": "130", "kd_kec_bps": "3321130", "kdsubsls": "00", "subsls": null}, "geometry": {"type": "MultiPolygon", "coordinates": [[[[110.61404134000009, -6.798841336999942], [110.61388904500006, -6.799175440999932], [110.61388512000008, -6.799173399999972], [110.61378173000008, -6.799119579999967], [110.61365889000007, -6.799041319999958], [110.61355726000005, -6.79901166999997], [110.61345533000008, -6.798982989999956], [110.61318318000008, -6.798831819999975], [110.61311, -6.79879], [110.61285555000006, -6.798613159999945], [110.61278911000005, -6.798551259999954], [110.61259178000006, -6.798367429999928], [110.61258926000005, -6.798371179999947], [110.61252089800007, -6.798309790999951], [110.61251541500008, -6.798304866999956], [110.61251708000009, -6.798302295999974], [110.61252113800003, -6.798298131999957], [110.61252085200005, -6.798297370999933], [110.61252175900006, -6.798296633999939], [110.61252422800004, -6.79829462899994], [110.61252955500004, -6.798290301999941], [110.61253081700005, -6.798289276999981], [110.61253499200006, -6.79828718999994], [110.61253584400004, -6.798286209999958], [110.61258283300003, -6.798246788999961], [110.61258401400005, -6.798245797999925], [110.61258535300004, -6.798244673999932], [110.61258573200007, -6.798244355999941], [110.61262268300004, -6.798213355999962], [110.61262277700007, -6.798213320999935], [110.61262387700003, -6.798212770999953], [110.61262409700004, -6.798212770999953], [110.61263403800007, -6.798205018999965], [110.61264028000005, -6.798200150999946], [110.61264586800007, -6.79819579399998], [110.61265278100007, -6.798190402999978], [110.61265370900009, -6.798189880999928], [110.61266800600004, -6.798179432999973], [110.61269440100006, -6.798158537999939], [110.61271309700004, -6.798145889999944], [110.61271914600007, -6.798142040999949], [110.61272264000007, -6.798138546999951], [110.61272354500005, -6.798137641999972], [110.61272904400005, -6.798131042999955], [110.61273969000007, -6.798119545999953], [110.61274279200006, -6.798116195999967], [110.61274939000003, -6.79811069699997], [110.61275237400008, -6.798109417999967], [110.61276863700004, -6.798102447999952], [110.61277468500003, -6.798098598999957], [110.61277762100008, -6.798089259999927], [110.61277836900007, -6.798086878999925], [110.61277940300005, -6.798087912999961], [110.61278716700008, -6.798076906999938], [110.61319603500004, -6.798372899999947], [110.61322035600006, -6.798333523999929], [110.61332397800004, -6.798398723999981], [110.61329460200005, -6.798444255999925], [110.61329547200006, -6.79844488599997], [110.61330469500007, -6.798449869999956], [110.61330993600006, -6.798452702999953], [110.61370632500007, -6.798666921999938], [110.61404134000009, -6.798841336999942]]]]}}, {"type": "Feature", "properties": {"idsubsls": "3321130020002700", "idsls": "33211300200027", "nmsls": "RT 004 RW 007", "nmdesa": "BABALAN", "nmkec": "WEDUNG", "kdkec": "130", "kd_kec_bps": "3321130", "kdsubsls": "00", "subsls": null}, "geometry": {"type": "MultiPolygon", "coordinates": [[[[110.60696841100008, -6.72451985899994], [110.60715260600006, -6.724328842999967], [110.60734079200006, -6.724477109999953], [110.60740732200009, -6.724391570999956], [110.60763542600006, -6.724456200999953], [110.60793774000007, -6.724690493999958], [110.60793861400003, -6.724744656999974], [110.60789917100004, -6.724824017999936], [110.60783984500006, -6.724844535999978], [110.60783716300006, -6.724843200999942], [110.60780294700004, -6.724919235999948], [110.60726120000004, -6.724646461999953], [110.60721018300006, -6.724699237999971], [110.60696841100008, -6.72451985899994]]]]}}, {"type": "Feature", "properties": {"idsubsls": "3321130005002500", "idsls": "33211300050025", "nmsls": "RT 004 RW 005", "nmdesa": "BUKO", "nmkec": "WEDUNG", "kdkec": "130", "kd_kec_bps": "3321130", "kdsubsls": "00", "subsls": null}, "geometry": {"type": "MultiPolygon", "coordinates": [[[[110.61343551700008, -6.798225837999951], [110.61332397800004, -6.798398723999981], [110.61322035600006, -6.798333523999929], [110.61319603500004, -6.798372899999947], [110.61278716700008, -6.798076906999938], [110.61279792700009, -6.798061656999948], [110.61281747400005, -6.798033950999979], [110.61284966800008, -6.797988319999945], [110.61286187200005, -6.797971021999956], [110.61292249600007, -6.79788509399998], [110.61343551700008, -6.798225837999951]]]]}}, {"type": "Feature", "properties": {"idsubsls": "3321110012002802", "idsls": "33211100120028", "nmsls": "RT 003 RW 004 DUSUN MAGERSARI", "nmdesa": "KARANGANYAR", "nmkec": "KARANGANYAR", "kdkec": "110", "kd_kec_bps": "3321110", "kdsubsls": "02", "subsls": null}, "geometry": {"type": "MultiPolygon", "coordinates": [[[[110.80536041900007, -6.849256440999966], [110.80592525600008, -6.848946059999946], [110.80611821200006, -6.848846623999975], [110.80638432100005, -6.84933227199997], [110.80613291600008, -6.849452172999975], [110.80604215700004, -6.84930535899997], [110.80552157500006, -6.849553146999938], [110.80538685400006, -6.849256087999947], [110.80536704200006, -6.849266065999927], [110.80536041900007, -6.849256440999966]]]]}}, {"type": "Feature", "properties": {"idsubsls": "3321110012002801", "idsls": "33211100120028", "nmsls": "RT 003 RW 004 DUSUN MAGERSARI", "nmdesa": "KARANGANYAR", "nmkec": "KARANGANYAR", "kdkec": "110", "kd_kec_bps": "3321110", "kdsubsls": "01", "subsls": null}, "geometry": {"type": "MultiPolygon", "coordinates": [[[[110.80632965600006, -6.849854133999941], [110.80613291600008, -6.849452172999975], [110.80638432100005, -6.84933227199997], [110.80658369100007, -6.849696121999955], [110.80632965600006, -6.849854133999941]]]]}}]}